schema_version,episode_id,step,elapsed_ms,blue_x,blue_y,target_x,target_y,action_x,action_y,outcome
2,1,0,4325,375.0,275.0,13,305,0,0,success
2,1,1,4346,375.0,275.0,13,305,0,0,success
2,1,2,4643,375.0,275.0,13,305,0,0,success
2,1,3,4923,375.0,275.0,13,305,0,0,success
2,1,4,5200,375.0,275.0,13,305,0,0,success
2,1,5,5438,375.0,275.0,13,305,0,0,success
2,1,6,5717,375.0,275.0,13,305,0,0,success
2,1,7,6015,375.0,275.0,13,305,0,0,success
2,1,8,6293,375.0,275.0,13,305,0,0,success
2,1,9,6590,375.0,275.0,13,305,-5,0,success
2,1,10,6828,370.0,275.0,13,305,-5,0,success
2,1,11,7030,365.0,275.0,13,305,-5,0,success
2,1,12,7255,360.0,275.0,13,305,-5,0,success
2,1,13,7492,355.0,275.0,13,305,-5,0,success
2,1,14,7750,350.0,275.0,13,305,-5,0,success
2,1,15,8019,345.0,275.0,13,305,-5,5,success
2,1,16,8283,340.0,280.0,13,305,-5,5,success
2,1,17,8518,335.0,285.0,13,305,-5,5,success
2,1,18,8722,330.0,290.0,13,305,-5,5,success
2,1,19,8979,325.0,295.0,13,305,-5,5,success
2,1,20,9239,320.0,300.0,13,305,-5,0,success
2,1,21,9536,315.0,300.0,13,305,-5,0,success
2,1,22,9846,310.0,300.0,13,305,-5,0,success
2,1,23,10203,305.0,300.0,13,305,-5,0,success
2,1,24,10547,300.0,300.0,13,305,-5,5,success
2,1,25,10889,295.0,305.0,13,305,-5,5,success
2,1,26,11227,290.0,310.0,13,305,-5,0,success
2,1,27,11550,285.0,310.0,13,305,-5,0,success
2,1,28,11839,280.0,310.0,13,305,-5,0,success
2,1,29,12122,275.0,310.0,13,305,-5,0,success
2,1,30,12366,270.0,310.0,13,305,-5,0,success
2,1,31,12632,265.0,310.0,13,305,-5,0,success
2,1,32,12916,260.0,310.0,13,305,-5,0,success
2,1,33,13199,255.0,310.0,13,305,-5,0,success
2,1,34,13547,250.0,310.0,13,305,-5,0,success
2,1,35,13849,245.0,310.0,13,305,-5,0,success
2,1,36,14134,240.0,310.0,13,305,-5,0,success
2,1,37,14439,235.0,310.0,13,305,-5,0,success
2,1,38,14706,230.0,310.0,13,305,-5,5,success
2,1,39,14928,225.0,315.0,13,305,-5,0,success
2,1,40,15151,220.0,315.0,13,305,-5,0,success
2,1,41,15355,215.0,315.0,13,305,-5,0,success
2,1,42,15599,210.0,315.0,13,305,-5,0,success
2,1,43,15827,205.0,315.0,13,305,-5,0,success
2,1,44,16084,200.0,315.0,13,305,-5,0,success
2,1,45,16351,195.0,315.0,13,305,-5,0,success
2,1,46,16619,190.0,315.0,13,305,-5,0,success
2,1,47,16900,185.0,315.0,13,305,-5,0,success
2,1,48,17167,180.0,315.0,13,305,-5,0,success
2,1,49,17411,175.0,315.0,13,305,-5,0,success
2,1,50,17610,170.0,315.0,13,305,-5,0,success
2,1,51,17868,165.0,315.0,13,305,-5,0,success
2,1,52,18067,160.0,315.0,13,305,-5,0,success
2,1,53,18334,155.0,315.0,13,305,-5,0,success
2,1,54,18553,150.0,315.0,13,305,-5,0,success
2,1,55,18800,145.0,315.0,13,305,-5,0,success
2,1,56,19061,140.0,315.0,13,305,-5,0,success
2,1,57,19265,135.0,315.0,13,305,-5,0,success
2,1,58,19529,130.0,315.0,13,305,-5,0,success
2,1,59,19751,125.0,315.0,13,305,-5,0,success
2,1,60,19971,120.0,315.0,13,305,-5,0,success
2,1,61,20254,115.0,315.0,13,305,-5,0,success
2,1,62,20516,110.0,315.0,13,305,-5,0,success
2,1,63,20842,105.0,315.0,13,305,-5,0,success
2,1,64,21143,100.0,315.0,13,305,-5,0,success
2,1,65,21365,95.0,315.0,13,305,-5,0,success
2,1,66,21613,90.0,315.0,13,305,-5,0,success
2,1,67,21856,85.0,315.0,13,305,-5,0,success
2,1,68,22121,80.0,315.0,13,305,-5,0,success
2,1,69,22366,75.0,315.0,13,305,-5,0,success
2,1,70,22607,70.0,315.0,13,305,-5,0,success
2,1,71,22852,65.0,315.0,13,305,-5,0,success
2,1,72,23070,60.0,315.0,13,305,-5,0,success
2,1,73,23335,55.0,315.0,13,305,-5,0,success
2,1,74,23600,50.0,315.0,13,305,-5,0,success
2,1,75,23844,45.0,315.0,13,305,-5,0,success
2,1,76,24109,40.0,315.0,13,305,-5,0,success
2,1,77,24432,35.0,315.0,13,305,-5,0,success
2,2,0,24721,375.0,275.0,21,41,0,0,success
2,2,1,25016,375.0,275.0,21,41,0,0,success
2,2,2,25298,375.0,275.0,21,41,0,0,success
2,2,3,25519,375.0,275.0,21,41,0,0,success
2,2,4,25764,375.0,275.0,21,41,0,0,success
2,2,5,25988,375.0,275.0,21,41,0,0,success
2,2,6,26251,375.0,275.0,21,41,-5,0,success
2,2,7,26511,370.0,275.0,21,41,-5,0,success
2,2,8,26779,365.0,275.0,21,41,-5,0,success
2,2,9,27138,360.0,275.0,21,41,-5,0,success
2,2,10,27366,355.0,275.0,21,41,-5,-5,success
2,2,11,27582,350.0,270.0,21,41,-5,-5,success
2,2,12,27811,345.0,265.0,21,41,-5,-5,success
2,2,13,28117,340.0,260.0,21,41,-5,-5,success
2,2,14,28451,335.0,255.0,21,41,-5,-5,success
2,2,15,28761,330.0,250.0,21,41,-5,0,success
2,2,16,29005,325.0,250.0,21,41,-5,0,success
2,2,17,29313,320.0,250.0,21,41,-5,0,success
2,2,18,29853,315.0,250.0,21,41,-5,-5,success
2,2,19,30450,310.0,245.0,21,41,-5,-5,success
2,2,20,30925,305.0,240.0,21,41,-5,-5,success
2,2,21,31380,300.0,235.0,21,41,-5,0,success
2,2,22,31876,295.0,235.0,21,41,-5,0,success
2,2,23,32083,290.0,235.0,21,41,-5,0,success
2,2,24,32352,285.0,235.0,21,41,-5,0,success
2,2,25,32592,280.0,235.0,21,41,-5,0,success
2,2,26,32832,275.0,235.0,21,41,-5,0,success
2,2,27,33103,270.0,235.0,21,41,-5,-5,success
2,2,28,33365,265.0,230.0,21,41,-5,-5,success
2,2,29,33573,260.0,225.0,21,41,-5,-5,success
2,2,30,33846,255.0,220.0,21,41,-5,-5,success
2,2,31,34150,250.0,215.0,21,41,-5,-5,success
2,2,32,34419,245.0,210.0,21,41,-5,-5,success
2,2,33,34671,240.0,205.0,21,41,-5,0,success
2,2,34,34951,235.0,205.0,21,41,-5,0,success
2,2,35,35173,230.0,205.0,21,41,-5,0,success
2,2,36,35419,225.0,205.0,21,41,-5,0,success
2,2,37,35723,220.0,205.0,21,41,-5,0,success
2,2,38,35968,215.0,205.0,21,41,-5,0,success
2,2,39,36174,210.0,205.0,21,41,-5,0,success
2,2,40,36410,205.0,205.0,21,41,-5,-5,success
2,2,41,36679,200.0,200.0,21,41,-5,-5,success
2,2,42,36962,195.0,195.0,21,41,-5,-5,success
2,2,43,37210,190.0,190.0,21,41,-5,-5,success
2,2,44,37488,185.0,185.0,21,41,-5,0,success
2,2,45,37751,180.0,185.0,21,41,-5,0,success
2,2,46,38052,175.0,185.0,21,41,-5,0,success
2,2,47,38336,170.0,185.0,21,41,-5,-5,success
2,2,48,38560,165.0,180.0,21,41,-5,-5,success
2,2,49,38830,160.0,175.0,21,41,-5,-5,success
2,2,50,39110,155.0,170.0,21,41,-5,-5,success
2,2,51,39411,150.0,165.0,21,41,-5,-5,success
2,2,52,39635,145.0,160.0,21,41,-5,-5,success
2,2,53,39926,140.0,155.0,21,41,-5,-5,success
2,2,54,40222,135.0,150.0,21,41,-5,-5,success
2,2,55,40484,130.0,145.0,21,41,-5,-5,success
2,2,56,40756,125.0,140.0,21,41,-5,-5,success
2,2,57,41034,120.0,135.0,21,41,-5,-5,success
2,2,58,41297,115.0,130.0,21,41,-5,-5,success
2,2,59,41496,110.0,125.0,21,41,-5,-5,success
2,2,60,41730,105.0,120.0,21,41,-5,-5,success
2,2,61,41983,100.0,115.0,21,41,-5,-5,success
2,2,62,42264,95.0,110.0,21,41,-5,-5,success
2,2,63,42555,90.0,105.0,21,41,-5,-5,success
2,2,64,42851,85.0,100.0,21,41,-5,-5,success
2,2,65,43100,80.0,95.0,21,41,-5,-5,success
2,2,66,43372,75.0,90.0,21,41,-5,-5,success
2,2,67,43616,70.0,85.0,21,41,-5,-5,success
2,2,68,43880,65.0,80.0,21,41,-5,-5,success
2,2,69,44152,60.0,75.0,21,41,-5,-5,success
2,2,70,44407,55.0,70.0,21,41,-5,-5,success
2,2,71,44649,50.0,65.0,21,41,-5,-5,success
2,2,72,44852,45.0,60.0,21,41,-5,-5,success
2,3,0,45084,375.0,275.0,529,493,0,0,success
2,3,1,45273,375.0,275.0,529,493,0,0,success
2,3,2,45498,375.0,275.0,529,493,0,0,success
2,3,3,45720,375.0,275.0,529,493,0,0,success
2,3,4,45936,375.0,275.0,529,493,0,0,success
2,3,5,46231,375.0,275.0,529,493,0,0,success
2,3,6,46427,375.0,275.0,529,493,0,0,success
2,3,7,46703,375.0,275.0,529,493,5,5,success
2,3,8,46997,380.0,280.0,529,493,5,5,success
2,3,9,47262,385.0,285.0,529,493,5,5,success
2,3,10,47540,390.0,290.0,529,493,5,5,success
2,3,11,47779,395.0,295.0,529,493,5,5,success
2,3,12,48083,400.0,300.0,529,493,5,5,success
2,3,13,48345,405.0,305.0,529,493,5,5,success
2,3,14,48543,410.0,310.0,529,493,5,5,success
2,3,15,48770,415.0,315.0,529,493,0,5,success
2,3,16,48987,415.0,320.0,529,493,0,5,success
2,3,17,49250,415.0,325.0,529,493,0,5,success
2,3,18,49529,415.0,330.0,529,493,0,5,success
2,3,19,49805,415.0,335.0,529,493,0,5,success
2,3,20,50039,415.0,340.0,529,493,5,5,success
2,3,21,50291,420.0,345.0,529,493,5,5,success
2,3,22,50575,425.0,350.0,529,493,5,5,success
2,3,23,50824,430.0,355.0,529,493,5,5,success
2,3,24,51014,435.0,360.0,529,493,5,5,success
2,3,25,51208,440.0,365.0,529,493,5,5,success
2,3,26,51452,445.0,370.0,529,493,5,5,success
2,3,27,51653,450.0,375.0,529,493,5,5,success
2,3,28,51864,455.0,380.0,529,493,5,5,success
2,3,29,52083,460.0,385.0,529,493,5,5,success
2,3,30,52331,465.0,390.0,529,493,0,5,success
2,3,31,52591,465.0,395.0,529,493,0,5,success
2,3,32,52794,465.0,400.0,529,493,0,5,success
2,3,33,53043,465.0,405.0,529,493,0,5,success
2,3,34,53329,465.0,410.0,529,493,0,5,success
2,3,35,53637,465.0,415.0,529,493,0,5,success
2,3,36,53909,465.0,420.0,529,493,0,5,success
2,3,37,54142,465.0,425.0,529,493,0,5,success
2,3,38,54397,465.0,430.0,529,493,0,5,success
2,3,39,54648,465.0,435.0,529,493,5,5,success
2,3,40,54858,470.0,440.0,529,493,5,5,success
2,3,41,55074,475.0,445.0,529,493,5,5,success
2,3,42,55329,480.0,450.0,529,493,5,5,success
2,3,43,55535,485.0,455.0,529,493,5,5,success
2,3,44,55736,490.0,460.0,529,493,5,5,success
2,3,45,55953,495.0,465.0,529,493,5,5,success
2,3,46,56149,500.0,470.0,529,493,5,5,success
2,3,47,56382,505.0,475.0,529,493,5,5,success
2,3,48,56599,510.0,480.0,529,493,5,5,success
2,3,49,56818,515.0,485.0,529,493,5,5,success
2,3,50,57077,520.0,490.0,529,493,5,5,success
2,3,51,57320,525.0,495.0,529,493,5,5,success
2,4,0,57545,375.0,275.0,61,220,0,0,success
2,4,1,57771,375.0,275.0,61,220,0,0,success
2,4,2,57996,375.0,275.0,61,220,0,0,success
2,4,3,58265,375.0,275.0,61,220,0,0,success
2,4,4,58480,375.0,275.0,61,220,0,0,success
2,4,5,58755,375.0,275.0,61,220,0,0,success
2,4,6,59023,375.0,275.0,61,220,-5,0,success
2,4,7,59291,370.0,275.0,61,220,-5,0,success
2,4,8,59561,365.0,275.0,61,220,-5,0,success
2,4,9,59829,360.0,275.0,61,220,-5,0,success
2,4,10,60025,355.0,275.0,61,220,-5,0,success
2,4,11,60244,350.0,275.0,61,220,-5,0,success
2,4,12,60490,345.0,275.0,61,220,-5,0,success
2,4,13,60724,340.0,275.0,61,220,-5,0,success
2,4,14,60913,335.0,275.0,61,220,-5,0,success
2,4,15,61119,330.0,275.0,61,220,-5,0,success
2,4,16,61383,325.0,275.0,61,220,-5,0,success
2,4,17,61629,320.0,275.0,61,220,-5,0,success
2,4,18,61892,315.0,275.0,61,220,-5,0,success
2,4,19,62314,310.0,275.0,61,220,-5,0,success
2,4,20,62627,305.0,275.0,61,220,-5,0,success
2,4,21,63101,300.0,275.0,61,220,-5,0,success
2,4,22,63656,295.0,275.0,61,220,-5,0,success
2,4,23,64165,290.0,275.0,61,220,-5,0,success
2,4,24,64422,285.0,275.0,61,220,-5,0,success
2,4,25,64675,280.0,275.0,61,220,-5,-5,success
2,4,26,64897,275.0,270.0,61,220,-5,-5,success
2,4,27,65161,270.0,265.0,61,220,-5,-5,success
2,4,28,65431,265.0,260.0,61,220,-5,-5,success
2,4,29,65701,260.0,255.0,61,220,-5,0,success
2,4,30,65993,255.0,255.0,61,220,-5,0,success
2,4,31,66283,250.0,255.0,61,220,-5,0,success
2,4,32,66531,245.0,255.0,61,220,-5,0,success
2,4,33,66783,240.0,255.0,61,220,-5,-5,success
2,4,34,67072,235.0,250.0,61,220,-5,-5,success
2,4,35,67324,230.0,245.0,61,220,-5,0,success
2,4,36,67588,225.0,245.0,61,220,-5,0,success
2,4,37,67838,220.0,245.0,61,220,-5,0,success
2,4,38,68096,215.0,245.0,61,220,-5,0,success
2,4,39,68377,210.0,245.0,61,220,-5,-5,success
2,4,40,68637,205.0,240.0,61,220,-5,-5,success
2,4,41,68915,200.0,235.0,61,220,-5,0,success
2,4,42,69155,195.0,235.0,61,220,-5,0,success
2,4,43,69456,190.0,235.0,61,220,-5,0,success
2,4,44,69751,185.0,235.0,61,220,-5,0,success
2,4,45,70073,180.0,235.0,61,220,-5,0,success
2,4,46,70375,175.0,235.0,61,220,-5,0,success
2,4,47,70655,170.0,235.0,61,220,-5,0,success
2,4,48,70936,165.0,235.0,61,220,-5,0,success
2,4,49,71154,160.0,235.0,61,220,-5,0,success
2,4,50,71432,155.0,235.0,61,220,-5,0,success
2,4,51,71753,150.0,235.0,61,220,-5,0,success
2,4,52,72030,145.0,235.0,61,220,-5,0,success
2,4,53,72274,140.0,235.0,61,220,-5,0,success
2,4,54,72572,135.0,235.0,61,220,-5,0,success
2,4,55,72834,130.0,235.0,61,220,-5,0,success
2,4,56,73055,125.0,235.0,61,220,-5,0,success
2,4,57,73311,120.0,235.0,61,220,-5,0,success
2,4,58,73614,115.0,235.0,61,220,-5,0,success
2,4,59,73891,110.0,235.0,61,220,-5,0,success
2,4,60,74169,105.0,235.0,61,220,-5,0,success
2,4,61,74429,100.0,235.0,61,220,-5,0,success
2,4,62,74688,95.0,235.0,61,220,-5,0,success
2,4,63,74988,90.0,235.0,61,220,-5,0,success
2,4,64,75300,85.0,235.0,61,220,-5,0,success
2,5,0,75550,375.0,275.0,490,121,0,0,success
2,5,1,75871,375.0,275.0,490,121,0,0,success
2,5,2,76167,375.0,275.0,490,121,0,0,success
2,5,3,76407,375.0,275.0,490,121,0,0,success
2,5,4,76648,375.0,275.0,490,121,0,0,success
2,5,5,76946,375.0,275.0,490,121,0,0,success
2,5,6,77185,375.0,275.0,490,121,0,0,success
2,5,7,77449,375.0,275.0,490,121,5,-5,success
2,5,8,77727,380.0,270.0,490,121,5,-5,success
2,5,9,77991,385.0,265.0,490,121,5,-5,success
2,5,10,78206,390.0,260.0,490,121,5,-5,success
2,5,11,78490,395.0,255.0,490,121,0,-5,success
2,5,12,78749,395.0,250.0,490,121,0,-5,success
2,5,13,78939,395.0,245.0,490,121,0,-5,success
2,5,14,79153,395.0,240.0,490,121,0,-5,success
2,5,15,79407,395.0,235.0,490,121,0,-5,success
2,5,16,79657,395.0,230.0,490,121,0,-5,success
2,5,17,79914,395.0,225.0,490,121,5,-5,success
2,5,18,80176,400.0,220.0,490,121,5,-5,success
2,5,19,80374,405.0,215.0,490,121,5,-5,success
2,5,20,80589,410.0,210.0,490,121,5,-5,success
2,5,21,80793,415.0,205.0,490,121,5,-5,success
2,5,22,81055,420.0,200.0,490,121,5,-5,success
2,5,23,81338,425.0,195.0,490,121,5,-5,success
2,5,24,81588,430.0,190.0,490,121,5,-5,success
2,5,25,81850,435.0,185.0,490,121,5,-5,success
2,5,26,82072,440.0,180.0,490,121,5,-5,success
2,5,27,82324,445.0,175.0,490,121,5,-5,success
2,5,28,82568,450.0,170.0,490,121,5,-5,success
2,5,29,82779,455.0,165.0,490,121,5,-5,success
2,5,30,83111,460.0,160.0,490,121,5,-5,success
2,5,31,83393,465.0,155.0,490,121,5,-5,success
2,5,32,83686,470.0,150.0,490,121,5,-5,success
2,5,33,83998,475.0,145.0,490,121,5,-5,success
2,5,34,84253,480.0,140.0,490,121,5,-5,success
2,5,35,84481,485.0,135.0,490,121,5,-5,success
2,6,0,84741,375.0,275.0,584,505,0,0,success
2,6,1,84977,375.0,275.0,584,505,0,0,success
2,6,2,85171,375.0,275.0,584,505,0,0,success
2,6,3,85371,375.0,275.0,584,505,0,0,success
2,6,4,85615,375.0,275.0,584,505,0,0,success
2,6,5,85887,375.0,275.0,584,505,0,0,success
2,6,6,86173,375.0,275.0,584,505,5,0,success
2,6,7,86441,380.0,275.0,584,505,5,5,success
2,6,8,86675,385.0,280.0,584,505,5,5,success
2,6,9,86887,390.0,285.0,584,505,5,5,success
2,6,10,87194,395.0,290.0,584,505,5,5,success
2,6,11,87430,400.0,295.0,584,505,5,5,success
2,6,12,87662,405.0,300.0,584,505,5,5,success
2,6,13,88035,410.0,305.0,584,505,5,5,success
2,6,14,88418,415.0,310.0,584,505,5,5,success
2,6,15,88696,420.0,315.0,584,505,5,5,success
2,6,16,89073,425.0,320.0,584,505,5,5,success
2,6,17,89428,430.0,325.0,584,505,5,5,success
2,6,18,89875,435.0,330.0,584,505,5,5,success
2,6,19,90106,440.0,335.0,584,505,5,5,success
2,6,20,90497,445.0,340.0,584,505,5,5,success
2,6,21,90844,450.0,345.0,584,505,5,5,success
2,6,22,91255,455.0,350.0,584,505,5,5,success
2,6,23,91573,460.0,355.0,584,505,5,5,success
2,6,24,92019,465.0,360.0,584,505,5,5,success
2,6,25,92322,470.0,365.0,584,505,5,5,success
2,6,26,92624,475.0,370.0,584,505,5,5,success
2,6,27,92830,480.0,375.0,584,505,5,5,success
2,6,28,93031,485.0,380.0,584,505,5,5,success
2,6,29,93290,490.0,385.0,584,505,5,5,success
2,6,30,93528,495.0,390.0,584,505,5,5,success
2,6,31,93777,500.0,395.0,584,505,0,5,success
2,6,32,94137,500.0,400.0,584,505,0,5,success
2,6,33,94766,500.0,405.0,584,505,0,5,success
2,6,34,96381,500.0,410.0,584,505,5,5,success
2,6,35,96820,505.0,415.0,584,505,5,5,success
2,6,36,97107,510.0,420.0,584,505,5,5,success
2,6,37,97342,515.0,425.0,584,505,5,5,success
2,6,38,97603,520.0,430.0,584,505,5,5,success
2,6,39,97823,525.0,435.0,584,505,5,5,success
2,6,40,98048,530.0,440.0,584,505,5,5,success
2,6,41,98309,535.0,445.0,584,505,5,5,success
2,6,42,98532,540.0,450.0,584,505,5,5,success
2,6,43,98744,545.0,455.0,584,505,5,5,success
2,6,44,99002,550.0,460.0,584,505,5,5,success
2,6,45,99283,555.0,465.0,584,505,5,5,success
2,6,46,99571,560.0,470.0,584,505,5,5,success
2,6,47,99922,565.0,475.0,584,505,5,5,success
2,6,48,100302,570.0,480.0,584,505,5,5,success
2,6,49,100638,575.0,485.0,584,505,5,5,success
2,6,50,100995,580.0,490.0,584,505,5,5,success
2,6,51,101295,585.0,495.0,584,505,5,5,success
2,6,52,101606,590.0,500.0,584,505,5,5,success
2,7,0,101944,375.0,275.0,341,114,0,0,success
2,7,1,102245,375.0,275.0,341,114,0,0,success
2,7,2,102530,375.0,275.0,341,114,0,0,success
2,7,3,102872,375.0,275.0,341,114,0,0,success
2,7,4,103190,375.0,275.0,341,114,0,0,success
2,7,5,103433,375.0,275.0,341,114,0,0,success
2,7,6,103731,375.0,275.0,341,114,0,-5,success
2,7,7,104031,375.0,270.0,341,114,0,-5,success
2,7,8,104273,375.0,265.0,341,114,0,-5,success
2,7,9,104538,375.0,260.0,341,114,0,-5,success
2,7,10,104814,375.0,255.0,341,114,-5,-5,success
2,7,11,105108,370.0,250.0,341,114,-5,-5,success
2,7,12,105388,365.0,245.0,341,114,0,-5,success
2,7,13,105654,365.0,240.0,341,114,0,-5,success
2,7,14,105922,365.0,235.0,341,114,0,-5,success
2,7,15,106191,365.0,230.0,341,114,-5,-5,success
2,7,16,106439,360.0,225.0,341,114,0,-5,success
2,7,17,106753,360.0,220.0,341,114,0,-5,success
2,7,18,107028,360.0,215.0,341,114,-5,-5,success
2,7,19,107270,355.0,210.0,341,114,-5,-5,success
2,7,20,107583,350.0,205.0,341,114,0,-5,success
2,7,21,107837,350.0,200.0,341,114,0,-5,success
2,7,22,108125,350.0,195.0,341,114,0,-5,success
2,7,23,108417,350.0,190.0,341,114,0,-5,success
2,7,24,108646,350.0,185.0,341,114,0,-5,success
2,7,25,108854,350.0,180.0,341,114,0,-5,success
2,7,26,109124,350.0,175.0,341,114,0,-5,success
2,7,27,109435,350.0,170.0,341,114,0,-5,success
2,7,28,109703,350.0,165.0,341,114,0,-5,success
2,7,29,110038,350.0,160.0,341,114,0,-5,success
2,7,30,110333,350.0,155.0,341,114,0,-5,success
2,7,31,110604,350.0,150.0,341,114,0,-5,success
2,7,32,110939,350.0,145.0,341,114,0,-5,success
2,7,33,111205,350.0,140.0,341,114,0,-5,success
2,7,34,111455,350.0,135.0,341,114,0,-5,success
2,8,0,111784,375.0,275.0,381,354,0,0,success
2,8,1,112050,375.0,275.0,381,354,0,0,success
2,8,2,112283,375.0,275.0,381,354,0,0,success
2,8,3,112547,375.0,275.0,381,354,0,0,success
2,8,4,112859,375.0,275.0,381,354,0,0,success
2,8,5,113105,375.0,275.0,381,354,0,5,success
2,8,6,113422,375.0,280.0,381,354,0,5,success
2,8,7,113717,375.0,285.0,381,354,0,5,success
2,8,8,114066,375.0,290.0,381,354,0,5,success
2,8,9,114352,375.0,295.0,381,354,0,5,success
2,8,10,114618,375.0,300.0,381,354,0,5,success
2,8,11,114889,375.0,305.0,381,354,0,5,success
2,8,12,115199,375.0,310.0,381,354,0,5,success
2,8,13,115484,375.0,315.0,381,354,0,5,success
2,8,14,115755,375.0,320.0,381,354,0,5,success
2,8,15,115993,375.0,325.0,381,354,0,5,success
2,8,16,116291,375.0,330.0,381,354,0,5,success
2,8,17,116626,375.0,335.0,381,354,0,5,success
2,8,18,116840,375.0,340.0,381,354,0,5,success
2,8,19,117081,375.0,345.0,381,354,5,5,success
2,8,20,117353,380.0,350.0,381,354,5,5,success
2,9,0,117576,375.0,275.0,432,96,0,0,success
2,9,1,117889,375.0,275.0,432,96,0,0,success
2,9,2,118178,375.0,275.0,432,96,0,0,success
2,9,3,118527,375.0,275.0,432,96,0,0,success
2,9,4,118797,375.0,275.0,432,96,0,0,success
2,9,5,119045,375.0,275.0,432,96,0,0,success
2,9,6,119295,375.0,275.0,432,96,0,-5,success
2,9,7,119523,375.0,270.0,432,96,0,-5,success
2,9,8,119776,375.0,265.0,432,96,0,-5,success
2,9,9,120117,375.0,260.0,432,96,0,-5,success
2,9,10,120380,375.0,255.0,432,96,0,-5,success
2,9,11,120649,375.0,250.0,432,96,0,-5,success
2,9,12,120910,375.0,245.0,432,96,0,-5,success
2,9,13,121141,375.0,240.0,432,96,0,-5,success
2,9,14,121399,375.0,235.0,432,96,0,-5,success
2,9,15,121613,375.0,230.0,432,96,0,-5,success
2,9,16,121887,375.0,225.0,432,96,0,-5,success
2,9,17,122241,375.0,220.0,432,96,0,-5,success
2,9,18,122552,375.0,215.0,432,96,0,-5,success
2,9,19,122892,375.0,210.0,432,96,0,-5,success
2,9,20,123104,375.0,205.0,432,96,0,-5,success
2,9,21,123309,375.0,200.0,432,96,0,-5,success
2,9,22,123540,375.0,195.0,432,96,0,-5,success
2,9,23,123807,375.0,190.0,432,96,0,-5,success
2,9,24,124090,375.0,185.0,432,96,0,-5,success
2,9,25,124379,375.0,180.0,432,96,0,-5,success
2,9,26,124593,375.0,175.0,432,96,5,-5,success
2,9,27,124811,380.0,170.0,432,96,5,-5,success
2,9,28,125076,385.0,165.0,432,96,5,-5,success
2,9,29,125308,390.0,160.0,432,96,5,-5,success
2,9,30,125530,395.0,155.0,432,96,5,-5,success
2,9,31,125738,400.0,150.0,432,96,5,-5,success
2,9,32,126005,405.0,145.0,432,96,5,-5,success
2,9,33,126207,410.0,140.0,432,96,5,-5,success
2,9,34,126423,415.0,135.0,432,96,5,-5,success
2,9,35,126691,420.0,130.0,432,96,5,-5,success
2,9,36,127239,425.0,125.0,432,96,5,-5,success
2,9,37,127711,430.0,120.0,432,96,5,-5,success
2,10,0,128288,375.0,275.0,508,209,0,0,success
2,10,1,128623,375.0,275.0,508,209,0,0,success
2,10,2,128887,375.0,275.0,508,209,0,0,success
2,10,3,129122,375.0,275.0,508,209,0,0,success
2,10,4,129322,375.0,275.0,508,209,0,0,success
2,10,5,129577,375.0,275.0,508,209,0,0,success
2,10,6,129853,375.0,275.0,508,209,0,0,success
2,10,7,130100,375.0,275.0,508,209,5,0,success
2,10,8,130395,380.0,275.0,508,209,5,-5,success
2,10,9,130664,385.0,270.0,508,209,5,-5,success
2,10,10,131013,390.0,265.0,508,209,5,-5,success
2,10,11,131223,395.0,260.0,508,209,5,-5,success
2,10,12,131454,400.0,255.0,508,209,5,-5,success
2,10,13,131684,405.0,250.0,508,209,5,-5,success
2,10,14,131889,410.0,245.0,508,209,5,-5,success
2,10,15,132113,415.0,240.0,508,209,5,-5,success
2,10,16,132370,420.0,235.0,508,209,5,-5,success
2,10,17,132655,425.0,230.0,508,209,5,-5,success
2,10,18,132956,430.0,225.0,508,209,5,-5,success
2,10,19,133271,435.0,220.0,508,209,5,0,success
2,10,20,133562,440.0,220.0,508,209,5,0,success
2,10,21,133904,445.0,220.0,508,209,5,0,success
2,10,22,134194,450.0,220.0,508,209,5,0,success
2,10,23,134487,455.0,220.0,508,209,5,0,success
2,10,24,134738,460.0,220.0,508,209,5,0,success
2,10,25,134948,465.0,220.0,508,209,5,0,success
2,10,26,135179,470.0,220.0,508,209,5,0,success
2,10,27,135387,475.0,220.0,508,209,5,0,success
2,10,28,135639,480.0,220.0,508,209,5,0,success
2,10,29,135924,485.0,220.0,508,209,5,0,success
2,10,30,136178,490.0,220.0,508,209,5,0,success
2,10,31,136490,495.0,220.0,508,209,5,0,success
2,10,32,136763,500.0,220.0,508,209,5,0,success
2,10,33,137015,505.0,220.0,508,209,5,0,success
2,11,0,137268,375.0,275.0,409,297,0,0,success
2,11,1,137497,375.0,275.0,409,297,0,0,success
2,11,2,137788,375.0,275.0,409,297,0,0,success
2,11,3,138076,375.0,275.0,409,297,0,0,success
2,11,4,138346,375.0,275.0,409,297,0,0,success
2,11,5,138619,375.0,275.0,409,297,0,0,success
2,11,6,138889,375.0,275.0,409,297,0,0,success
2,11,7,139116,375.0,275.0,409,297,5,5,success
2,11,8,139339,380.0,280.0,409,297,5,5,success
2,11,9,139582,385.0,285.0,409,297,5,5,success
2,11,10,139868,390.0,290.0,409,297,5,5,success
2,11,11,140175,395.0,295.0,409,297,5,5,success
2,11,12,140510,400.0,300.0,409,297,5,5,success
2,11,13,140781,405.0,305.0,409,297,5,0,success
2,12,0,141047,375.0,275.0,182,224,0,0,success
2,12,1,141307,375.0,275.0,182,224,0,0,success
2,12,2,141535,375.0,275.0,182,224,0,0,success
2,12,3,141768,375.0,275.0,182,224,0,0,success
2,12,4,142018,375.0,275.0,182,224,0,0,success
2,12,5,142249,375.0,275.0,182,224,0,0,success
2,12,6,142435,375.0,275.0,182,224,-5,0,success
2,12,7,142689,370.0,275.0,182,224,-5,0,success
2,12,8,142923,365.0,275.0,182,224,-5,0,success
2,12,9,143148,360.0,275.0,182,224,-5,0,success
2,12,10,143421,355.0,275.0,182,224,-5,0,success
2,12,11,143631,350.0,275.0,182,224,-5,0,success
2,12,12,143922,345.0,275.0,182,224,-5,0,success
2,12,13,144157,340.0,275.0,182,224,-5,0,success
2,12,14,144371,335.0,275.0,182,224,-5,0,success
2,12,15,144633,330.0,275.0,182,224,-5,0,success
2,12,16,144870,325.0,275.0,182,224,-5,0,success
2,12,17,145156,320.0,275.0,182,224,-5,0,success
2,12,18,145487,315.0,275.0,182,224,-5,0,success
2,12,19,145810,310.0,275.0,182,224,-5,0,success
2,12,20,146069,305.0,275.0,182,224,-5,0,success
2,12,21,146306,300.0,275.0,182,224,-5,0,success
2,12,22,146584,295.0,275.0,182,224,-5,0,success
2,12,23,146839,290.0,275.0,182,224,-5,0,success
2,12,24,147033,285.0,275.0,182,224,-5,0,success
2,12,25,147266,280.0,275.0,182,224,-5,0,success
2,12,26,147516,275.0,275.0,182,224,-5,0,success
2,12,27,147755,270.0,275.0,182,224,-5,0,success
2,12,28,147961,265.0,275.0,182,224,-5,0,success
2,12,29,148155,260.0,275.0,182,224,-5,0,success
2,12,30,148387,255.0,275.0,182,224,-5,0,success
2,12,31,148622,250.0,275.0,182,224,-5,0,success
2,12,32,148872,245.0,275.0,182,224,-5,0,success
2,12,33,149152,240.0,275.0,182,224,-5,0,success
2,12,34,149428,235.0,275.0,182,224,-5,0,success
2,12,35,149653,230.0,275.0,182,224,-5,-5,success
2,12,36,149901,225.0,270.0,182,224,-5,-5,success
2,12,37,150149,220.0,265.0,182,224,-5,-5,success
2,12,38,150421,215.0,260.0,182,224,-5,-5,success
2,12,39,150668,210.0,255.0,182,224,-5,-5,success
2,12,40,150938,205.0,250.0,182,224,-5,-5,success
2,12,41,151215,200.0,245.0,182,224,-5,-5,success
2,13,0,151473,375.0,275.0,111,105,0,0,success
2,13,1,151671,375.0,275.0,111,105,0,0,success
2,13,2,151876,375.0,275.0,111,105,0,0,success
2,13,3,152078,375.0,275.0,111,105,0,0,success
2,13,4,152326,375.0,275.0,111,105,0,0,success
2,13,5,152602,375.0,275.0,111,105,-5,0,success
2,13,6,152876,370.0,275.0,111,105,-5,0,success
2,13,7,153127,365.0,275.0,111,105,-5,0,success
2,13,8,153400,360.0,275.0,111,105,-5,0,success
2,13,9,153698,355.0,275.0,111,105,-5,0,success
2,13,10,153977,350.0,275.0,111,105,-5,-5,success
2,13,11,154194,345.0,270.0,111,105,-5,-5,success
2,13,12,154466,340.0,265.0,111,105,-5,-5,success
2,13,13,154753,335.0,260.0,111,105,-5,-5,success
2,13,14,154980,330.0,255.0,111,105,-5,-5,success
2,13,15,155277,325.0,250.0,111,105,-5,-5,success
2,13,16,155549,320.0,245.0,111,105,-5,0,success
2,13,17,155816,315.0,245.0,111,105,-5,0,success
2,13,18,156067,310.0,245.0,111,105,-5,0,success
2,13,19,156342,305.0,245.0,111,105,-5,0,success
2,13,20,156667,300.0,245.0,111,105,-5,0,success
2,13,21,156951,295.0,245.0,111,105,-5,0,success
2,13,22,157221,290.0,245.0,111,105,-5,0,success
2,13,23,157451,285.0,245.0,111,105,-5,-5,success
2,13,24,157689,280.0,240.0,111,105,-5,-5,success
2,13,25,157943,275.0,235.0,111,105,-5,-5,success
2,13,26,158247,270.0,230.0,111,105,-5,-5,success
2,13,27,158490,265.0,225.0,111,105,-5,-5,success
2,13,28,159031,260.0,220.0,111,105,-5,-5,success
2,13,29,159385,255.0,215.0,111,105,-5,-5,success
2,13,30,159781,250.0,210.0,111,105,-5,-5,success
2,13,31,160403,245.0,205.0,111,105,-5,0,success
2,13,32,161194,240.0,205.0,111,105,-5,0,success
2,13,33,161435,235.0,205.0,111,105,-5,0,success
2,13,34,161704,230.0,205.0,111,105,-5,0,success
2,13,35,161982,225.0,205.0,111,105,-5,0,success
2,13,36,162243,220.0,205.0,111,105,-5,-5,success
2,13,37,162568,215.0,200.0,111,105,-5,-5,success
2,13,38,162911,210.0,195.0,111,105,-5,-5,success
2,13,39,163139,205.0,190.0,111,105,-5,-5,success
2,13,40,163415,200.0,185.0,111,105,-5,-5,success
2,13,41,163722,195.0,180.0,111,105,-5,-5,success
2,13,42,164070,190.0,175.0,111,105,-5,-5,success
2,13,43,164397,185.0,170.0,111,105,-5,-5,success
2,13,44,164765,180.0,165.0,111,105,-5,-5,success
2,13,45,165116,175.0,160.0,111,105,-5,0,success
2,13,46,165390,170.0,160.0,111,105,-5,0,success
2,13,47,165643,165.0,160.0,111,105,-5,0,success
2,13,48,165924,160.0,160.0,111,105,-5,0,success
2,13,49,166199,155.0,160.0,111,105,-5,-5,success
2,13,50,166579,150.0,155.0,111,105,-5,-5,success
2,13,51,166838,145.0,150.0,111,105,-5,-5,success
2,13,52,167104,140.0,145.0,111,105,-5,-5,success
2,13,53,167318,135.0,140.0,111,105,-5,-5,success
2,13,54,167538,130.0,135.0,111,105,-5,-5,success
2,13,55,167819,125.0,130.0,111,105,-5,-5,success
2,14,0,168109,375.0,275.0,374,65,0,0,success
2,14,1,168389,375.0,275.0,374,65,0,0,success
2,14,2,168692,375.0,275.0,374,65,0,0,success
2,14,3,169013,375.0,275.0,374,65,0,0,success
2,14,4,169281,375.0,275.0,374,65,0,0,success
2,14,5,169520,375.0,275.0,374,65,0,-5,success
2,14,6,169742,375.0,270.0,374,65,0,-5,success
2,14,7,170022,375.0,265.0,374,65,0,-5,success
2,14,8,170256,375.0,260.0,374,65,0,-5,success
2,14,9,170553,375.0,255.0,374,65,5,-5,success
2,14,10,170833,380.0,250.0,374,65,5,-5,success
2,14,11,171114,385.0,245.0,374,65,5,-5,success
2,14,12,171362,390.0,240.0,374,65,0,-5,success
2,14,13,171641,390.0,235.0,374,65,0,-5,success
2,14,14,171893,390.0,230.0,374,65,0,-5,success
2,14,15,172121,390.0,225.0,374,65,0,-5,success
2,14,16,172372,390.0,220.0,374,65,0,-5,success
2,14,17,172604,390.0,215.0,374,65,0,-5,success
2,14,18,172855,390.0,210.0,374,65,0,-5,success
2,14,19,173129,390.0,205.0,374,65,0,-5,success
2,14,20,173401,390.0,200.0,374,65,0,-5,success
2,14,21,173781,390.0,195.0,374,65,0,-5,success
2,14,22,174093,390.0,190.0,374,65,0,-5,success
2,14,23,174424,390.0,185.0,374,65,0,-5,success
2,14,24,174762,390.0,180.0,374,65,0,-5,success
2,14,25,175049,390.0,175.0,374,65,0,-5,success
2,14,26,175339,390.0,170.0,374,65,0,-5,success
2,14,27,175611,390.0,165.0,374,65,0,-5,success
2,14,28,175863,390.0,160.0,374,65,0,-5,success
2,14,29,176090,390.0,155.0,374,65,0,-5,success
2,14,30,176314,390.0,150.0,374,65,0,-5,success
2,14,31,176517,390.0,145.0,374,65,0,-5,success
2,14,32,176787,390.0,140.0,374,65,0,-5,success
2,14,33,177059,390.0,135.0,374,65,0,-5,success
2,14,34,177323,390.0,130.0,374,65,0,-5,success
2,14,35,177689,390.0,125.0,374,65,0,-5,success
2,14,36,177997,390.0,120.0,374,65,0,-5,success
2,14,37,178322,390.0,115.0,374,65,0,-5,success
2,14,38,178556,390.0,110.0,374,65,0,-5,success
2,14,39,178783,390.0,105.0,374,65,0,-5,success
2,14,40,179053,390.0,100.0,374,65,0,-5,success
2,14,41,179314,390.0,95.0,374,65,0,-5,success
2,14,42,179583,390.0,90.0,374,65,0,-5,success
2,15,0,282,375.0,275.0,296,363,0,0,stalled
2,15,1,298,375.0,275.0,296,363,0,0,stalled
2,15,2,306,375.0,275.0,296,363,0,0,stalled
2,15,3,322,375.0,275.0,296,363,0,0,stalled
2,15,4,338,375.0,275.0,296,363,0,0,stalled
2,15,5,354,375.0,275.0,296,363,0,0,stalled
2,15,6,370,375.0,275.0,296,363,0,0,stalled
2,15,7,386,375.0,275.0,296,363,0,0,stalled
2,15,8,403,375.0,275.0,296,363,0,0,stalled
2,15,9,419,375.0,275.0,296,363,0,0,stalled
2,15,10,435,375.0,275.0,296,363,0,0,stalled
2,15,11,451,375.0,275.0,296,363,0,0,stalled
2,15,12,467,375.0,275.0,296,363,0,0,stalled
2,15,13,483,375.0,275.0,296,363,0,0,stalled
2,15,14,499,375.0,275.0,296,363,0,0,stalled
2,15,15,515,375.0,275.0,296,363,0,0,stalled
2,15,16,531,375.0,275.0,296,363,0,0,stalled
2,15,17,547,375.0,275.0,296,363,0,0,stalled
2,15,18,563,375.0,275.0,296,363,0,0,stalled
2,15,19,579,375.0,275.0,296,363,0,0,stalled
2,15,20,595,375.0,275.0,296,363,0,0,stalled
2,15,21,611,375.0,275.0,296,363,0,0,stalled
2,15,22,627,375.0,275.0,296,363,0,0,stalled
2,15,23,643,375.0,275.0,296,363,0,0,stalled
2,15,24,659,375.0,275.0,296,363,0,0,stalled
2,15,25,675,375.0,275.0,296,363,0,0,stalled
2,15,26,691,375.0,275.0,296,363,0,0,stalled
2,15,27,707,375.0,275.0,296,363,0,0,stalled
2,15,28,723,375.0,275.0,296,363,0,0,stalled
2,15,29,739,375.0,275.0,296,363,0,0,stalled
2,15,30,755,375.0,275.0,296,363,0,0,stalled
2,15,31,771,375.0,275.0,296,363,0,0,stalled
2,15,32,787,375.0,275.0,296,363,0,0,stalled
2,15,33,803,375.0,275.0,296,363,0,0,stalled
2,15,34,819,375.0,275.0,296,363,0,0,stalled
2,15,35,835,375.0,275.0,296,363,0,0,stalled
2,15,36,851,375.0,275.0,296,363,0,0,stalled
2,15,37,867,375.0,275.0,296,363,0,0,stalled
2,15,38,883,375.0,275.0,296,363,0,0,stalled
2,15,39,900,375.0,275.0,296,363,0,0,stalled
2,15,40,915,375.0,275.0,296,363,0,0,stalled
2,15,41,932,375.0,275.0,296,363,0,0,stalled
2,15,42,949,375.0,275.0,296,363,0,0,stalled
2,15,43,964,375.0,275.0,296,363,0,0,stalled
2,15,44,980,375.0,275.0,296,363,0,0,stalled
2,15,45,996,375.0,275.0,296,363,0,0,stalled
2,15,46,1012,375.0,275.0,296,363,0,0,stalled
2,15,47,1028,375.0,275.0,296,363,0,0,stalled
2,15,48,1044,375.0,275.0,296,363,0,0,stalled
2,15,49,1061,375.0,275.0,296,363,0,0,stalled
2,15,50,1078,375.0,275.0,296,363,0,0,stalled
2,15,51,1093,375.0,275.0,296,363,0,0,stalled
2,15,52,1109,375.0,275.0,296,363,0,0,stalled
2,15,53,1125,375.0,275.0,296,363,0,0,stalled
2,15,54,1141,375.0,275.0,296,363,0,0,stalled
2,15,55,1157,375.0,275.0,296,363,0,0,stalled
2,15,56,1173,375.0,275.0,296,363,0,0,stalled
2,15,57,1189,375.0,275.0,296,363,0,0,stalled
2,15,58,1205,375.0,275.0,296,363,0,0,stalled
2,15,59,1221,375.0,275.0,296,363,0,0,stalled
2,15,60,1237,375.0,275.0,296,363,0,0,stalled
2,15,61,1253,375.0,275.0,296,363,0,0,stalled
2,15,62,1269,375.0,275.0,296,363,0,0,stalled
2,15,63,1285,375.0,275.0,296,363,0,0,stalled
2,15,64,1301,375.0,275.0,296,363,0,0,stalled
2,15,65,1317,375.0,275.0,296,363,0,0,stalled
2,15,66,1333,375.0,275.0,296,363,0,0,stalled
2,15,67,1350,375.0,275.0,296,363,0,0,stalled
2,15,68,1365,375.0,275.0,296,363,0,0,stalled
2,15,69,1381,375.0,275.0,296,363,0,0,stalled
2,15,70,1398,375.0,275.0,296,363,0,0,stalled
2,15,71,1414,375.0,275.0,296,363,0,0,stalled
2,15,72,1431,375.0,275.0,296,363,0,0,stalled
2,15,73,1448,375.0,275.0,296,363,0,0,stalled
2,15,74,1464,375.0,275.0,296,363,0,0,stalled
2,15,75,1479,375.0,275.0,296,363,0,0,stalled
2,15,76,1495,375.0,275.0,296,363,0,0,stalled
2,15,77,1512,375.0,275.0,296,363,0,0,stalled
2,15,78,1527,375.0,275.0,296,363,0,0,stalled
2,15,79,1543,375.0,275.0,296,363,0,0,stalled
2,15,80,1559,375.0,275.0,296,363,0,0,stalled
2,15,81,1575,375.0,275.0,296,363,0,0,stalled
2,15,82,1591,375.0,275.0,296,363,0,0,stalled
2,15,83,1608,375.0,275.0,296,363,0,0,stalled
2,15,84,1623,375.0,275.0,296,363,0,0,stalled
2,15,85,1639,375.0,275.0,296,363,0,0,stalled
2,15,86,1655,375.0,275.0,296,363,0,0,stalled
2,15,87,1672,375.0,275.0,296,363,0,0,stalled
2,15,88,1688,375.0,275.0,296,363,0,0,stalled
2,15,89,1704,375.0,275.0,296,363,0,0,stalled
2,15,90,1720,375.0,275.0,296,363,0,0,stalled
2,15,91,1737,375.0,275.0,296,363,0,0,stalled
2,15,92,1753,375.0,275.0,296,363,0,0,stalled
2,15,93,1769,375.0,275.0,296,363,0,0,stalled
2,15,94,1785,375.0,275.0,296,363,0,0,stalled
2,15,95,1802,375.0,275.0,296,363,0,0,stalled
2,15,96,1817,375.0,275.0,296,363,0,0,stalled
2,15,97,1833,375.0,275.0,296,363,0,0,stalled
2,15,98,1849,375.0,275.0,296,363,0,0,stalled
2,15,99,1865,375.0,275.0,296,363,0,0,stalled
2,15,100,1881,375.0,275.0,296,363,0,0,stalled
2,16,0,2908,375.0,275.0,138,374,0,0,success
2,16,1,2924,375.0,275.0,138,374,0,0,success
2,16,2,2940,375.0,275.0,138,374,0,0,success
2,16,3,2956,375.0,275.0,138,374,0,0,success
2,16,4,2972,375.0,275.0,138,374,0,0,success
2,16,5,2989,375.0,275.0,138,374,0,0,success
2,16,6,3004,375.0,275.0,138,374,0,0,success
2,16,7,3020,375.0,275.0,138,374,0,0,success
2,16,8,3036,375.0,275.0,138,374,0,0,success
2,16,9,3052,375.0,275.0,138,374,0,0,success
2,16,10,3069,375.0,275.0,138,374,0,0,success
2,16,11,3084,375.0,275.0,138,374,0,0,success
2,16,12,3101,375.0,275.0,138,374,0,0,success
2,16,13,3117,375.0,275.0,138,374,0,0,success
2,16,14,3134,375.0,275.0,138,374,0,0,success
2,16,15,3150,375.0,275.0,138,374,0,0,success
2,16,16,3166,375.0,275.0,138,374,0,0,success
2,16,17,3183,375.0,275.0,138,374,0,0,success
2,16,18,3198,375.0,275.0,138,374,0,0,success
2,16,19,3214,375.0,275.0,138,374,0,0,success
2,16,20,3230,375.0,275.0,138,374,0,0,success
2,16,21,3246,375.0,275.0,138,374,0,0,success
2,16,22,3262,375.0,275.0,138,374,0,0,success
2,16,23,3278,375.0,275.0,138,374,0,0,success
2,16,24,3294,375.0,275.0,138,374,0,0,success
2,16,25,3310,375.0,275.0,138,374,0,0,success
2,16,26,3326,375.0,275.0,138,374,0,0,success
2,16,27,3343,375.0,275.0,138,374,0,0,success
2,16,28,3358,375.0,275.0,138,374,0,0,success
2,16,29,3374,375.0,275.0,138,374,0,0,success
2,16,30,3391,375.0,275.0,138,374,0,0,success
2,16,31,3406,375.0,275.0,138,374,0,0,success
2,16,32,3423,375.0,275.0,138,374,0,0,success
2,16,33,3438,375.0,275.0,138,374,0,0,success
2,16,34,3455,375.0,275.0,138,374,0,0,success
2,16,35,3470,375.0,275.0,138,374,0,0,success
2,16,36,3487,375.0,275.0,138,374,0,5,success
2,16,37,3502,375.0,280.0,138,374,0,5,success
2,16,38,3519,375.0,285.0,138,374,0,5,success
2,16,39,3534,375.0,290.0,138,374,0,5,success
2,16,40,3550,375.0,295.0,138,374,0,5,success
2,16,41,3566,375.0,300.0,138,374,0,5,success
2,16,42,3582,375.0,305.0,138,374,0,5,success
2,16,43,3598,375.0,310.0,138,374,0,5,success
2,16,44,3615,375.0,315.0,138,374,0,5,success
2,16,45,3630,375.0,320.0,138,374,0,5,success
2,16,46,3646,375.0,325.0,138,374,0,5,success
2,16,47,3662,375.0,330.0,138,374,0,5,success
2,16,48,3678,375.0,335.0,138,374,0,5,success
2,16,49,3945,375.0,340.0,138,374,-5,5,success
2,16,50,3961,370.0,345.0,138,374,-5,5,success
2,16,51,3978,365.0,350.0,138,374,-5,5,success
2,16,52,3993,360.0,355.0,138,374,-5,5,success
2,16,53,4008,355.0,360.0,138,374,-5,5,success
2,16,54,4024,350.0,365.0,138,374,-5,0,success
2,16,55,4040,345.0,365.0,138,374,-5,0,success
2,16,56,4057,340.0,365.0,138,374,-5,0,success
2,16,57,4072,335.0,365.0,138,374,-5,0,success
2,16,58,4089,330.0,365.0,138,374,-5,0,success
2,16,59,4104,325.0,365.0,138,374,-5,0,success
2,16,60,4120,320.0,365.0,138,374,-5,0,success
2,16,61,4136,315.0,365.0,138,374,-5,0,success
2,16,62,4152,310.0,365.0,138,374,-5,0,success
2,16,63,4168,305.0,365.0,138,374,-5,0,success
2,16,64,4184,300.0,365.0,138,374,-5,0,success
2,16,65,4200,295.0,365.0,138,374,-5,0,success
2,16,66,4216,290.0,365.0,138,374,-5,0,success
2,16,67,4232,285.0,365.0,138,374,-5,0,success
2,16,68,4248,280.0,365.0,138,374,-5,0,success
2,16,69,4265,275.0,365.0,138,374,-5,0,success
2,16,70,4280,270.0,365.0,138,374,-5,0,success
2,16,71,4297,265.0,365.0,138,374,-5,0,success
2,16,72,4312,260.0,365.0,138,374,-5,0,success
2,16,73,4329,255.0,365.0,138,374,-5,0,success
2,16,74,4345,250.0,365.0,138,374,-5,0,success
2,16,75,4361,245.0,365.0,138,374,-5,0,success
2,16,76,4377,240.0,365.0,138,374,-5,0,success
2,16,77,4394,235.0,365.0,138,374,-5,0,success
2,16,78,4410,230.0,365.0,138,374,-5,0,success
2,16,79,4426,225.0,365.0,138,374,-5,0,success
2,16,80,4442,220.0,365.0,138,374,-5,0,success
2,16,81,4458,215.0,365.0,138,374,-5,0,success
2,16,82,4475,210.0,365.0,138,374,-5,0,success
2,16,83,4491,205.0,365.0,138,374,-5,5,success
2,16,84,4507,200.0,370.0,138,374,-5,5,success
2,16,85,4524,195.0,375.0,138,374,-5,5,success
2,16,86,4539,190.0,380.0,138,374,-5,5,success
2,16,87,4556,185.0,385.0,138,374,-5,5,success
2,16,88,4572,180.0,390.0,138,374,-5,5,success
2,16,89,4588,175.0,395.0,138,374,-5,5,success
2,16,90,4604,170.0,400.0,138,374,-5,5,success
2,16,91,4621,165.0,405.0,138,374,-5,0,success
2,16,92,4637,160.0,405.0,138,374,0,0,success
2,16,93,4654,160.0,405.0,138,374,0,0,success
2,16,94,4670,160.0,405.0,138,374,0,0,success
2,16,95,4686,160.0,405.0,138,374,0,0,success
2,16,96,4702,160.0,405.0,138,374,0,0,success
2,16,97,4718,160.0,405.0,138,374,0,0,success
2,16,98,4734,160.0,405.0,138,374,0,0,success
2,16,99,4750,160.0,405.0,138,374,0,0,success
2,16,100,4766,160.0,405.0,138,374,0,0,success
2,16,101,4782,160.0,405.0,138,374,0,0,success
2,16,102,4798,160.0,405.0,138,374,0,0,success
2,16,103,4814,160.0,405.0,138,374,0,0,success
2,16,104,4831,160.0,405.0,138,374,0,0,success
2,16,105,4847,160.0,405.0,138,374,0,0,success
2,16,106,4863,160.0,405.0,138,374,0,0,success
2,16,107,4879,160.0,405.0,138,374,0,0,success
2,16,108,4895,160.0,405.0,138,374,0,0,success
2,16,109,4911,160.0,405.0,138,374,0,0,success
2,16,110,4927,160.0,405.0,138,374,0,0,success
2,16,111,4944,160.0,405.0,138,374,0,0,success
2,16,112,4959,160.0,405.0,138,374,0,0,success
2,16,113,4975,160.0,405.0,138,374,0,-5,success
2,16,114,4991,160.0,400.0,138,374,0,-5,success
2,16,115,5006,160.0,395.0,138,374,0,-5,success
2,16,116,5022,160.0,390.0,138,374,0,-5,success
2,16,117,5038,160.0,385.0,138,374,0,-5,success
2,16,118,5054,160.0,380.0,138,374,0,-5,success
2,16,119,5070,160.0,375.0,138,374,0,-5,success
2,16,120,5087,160.0,370.0,138,374,0,-5,success
2,16,121,5103,160.0,365.0,138,374,0,0,success
2,16,122,5120,160.0,365.0,138,374,0,0,success
2,16,123,5135,160.0,365.0,138,374,0,0,success
2,16,124,5151,160.0,365.0,138,374,0,0,success
2,16,125,5168,160.0,365.0,138,374,0,0,success
2,16,126,5184,160.0,365.0,138,374,0,0,success
2,16,127,5200,160.0,365.0,138,374,0,0,success
2,16,128,5216,160.0,365.0,138,374,0,0,success
2,16,129,5232,160.0,365.0,138,374,0,0,success
2,16,130,5248,160.0,365.0,138,374,0,0,success
2,16,131,5265,160.0,365.0,138,374,0,0,success
2,16,132,5280,160.0,365.0,138,374,0,0,success
2,16,133,5297,160.0,365.0,138,374,0,0,success
2,16,134,5312,160.0,365.0,138,374,0,0,success
2,16,135,5329,160.0,365.0,138,374,0,0,success
2,16,136,5345,160.0,365.0,138,374,0,0,success
2,16,137,5361,160.0,365.0,138,374,0,0,success
2,16,138,5377,160.0,365.0,138,374,0,0,success
2,16,139,5395,160.0,365.0,138,374,0,5,success
2,16,140,5410,160.0,370.0,138,374,0,5,success
2,16,141,5426,160.0,375.0,138,374,0,5,success
2,16,142,5443,160.0,380.0,138,374,0,5,success
2,16,143,5459,160.0,385.0,138,374,0,5,success
2,16,144,5475,160.0,390.0,138,374,0,0,success
2,16,145,5491,160.0,390.0,138,374,0,0,success
2,16,146,5507,160.0,390.0,138,374,0,0,success
2,16,147,5523,160.0,390.0,138,374,0,0,success
2,16,148,5539,160.0,390.0,138,374,0,0,success
2,16,149,5555,160.0,390.0,138,374,0,0,success
2,16,150,5571,160.0,390.0,138,374,0,0,success
2,16,151,5587,160.0,390.0,138,374,0,0,success
2,16,152,5604,160.0,390.0,138,374,0,0,success
2,16,153,5620,160.0,390.0,138,374,0,0,success
2,16,154,5636,160.0,390.0,138,374,0,0,success
2,16,155,5652,160.0,390.0,138,374,0,0,success
2,16,156,5668,160.0,390.0,138,374,-5,0,success
2,17,0,6696,375.0,275.0,533,294,0,0,success
2,17,1,6712,375.0,275.0,533,294,0,0,success
2,17,2,6728,375.0,275.0,533,294,0,0,success
2,17,3,6744,375.0,275.0,533,294,0,0,success
2,17,4,6761,375.0,275.0,533,294,0,0,success
2,17,5,6777,375.0,275.0,533,294,0,0,success
2,17,6,6792,375.0,275.0,533,294,0,0,success
2,17,7,6809,375.0,275.0,533,294,0,0,success
2,17,8,6825,375.0,275.0,533,294,0,0,success
2,17,9,6842,375.0,275.0,533,294,0,0,success
2,17,10,6858,375.0,275.0,533,294,0,0,success
2,17,11,6874,375.0,275.0,533,294,0,0,success
2,17,12,6890,375.0,275.0,533,294,0,0,success
2,17,13,6907,375.0,275.0,533,294,0,0,success
2,17,14,6923,375.0,275.0,533,294,0,0,success
2,17,15,6939,375.0,275.0,533,294,0,0,success
2,17,16,6955,375.0,275.0,533,294,0,0,success
2,17,17,6971,375.0,275.0,533,294,0,0,success
2,17,18,6987,375.0,275.0,533,294,0,0,success
2,17,19,7002,375.0,275.0,533,294,0,0,success
2,17,20,7018,375.0,275.0,533,294,0,0,success
2,17,21,7034,375.0,275.0,533,294,0,0,success
2,17,22,7050,375.0,275.0,533,294,0,0,success
2,17,23,7066,375.0,275.0,533,294,0,0,success
2,17,24,7082,375.0,275.0,533,294,0,0,success
2,17,25,7098,375.0,275.0,533,294,0,0,success
2,17,26,7114,375.0,275.0,533,294,0,0,success
2,17,27,7130,375.0,275.0,533,294,0,0,success
2,17,28,7146,375.0,275.0,533,294,0,0,success
2,17,29,7163,375.0,275.0,533,294,0,0,success
2,17,30,7178,375.0,275.0,533,294,0,0,success
2,17,31,7194,375.0,275.0,533,294,0,0,success
2,17,32,7210,375.0,275.0,533,294,0,0,success
2,17,33,7226,375.0,275.0,533,294,0,0,success
2,17,34,7243,375.0,275.0,533,294,0,0,success
2,17,35,7259,375.0,275.0,533,294,0,0,success
2,17,36,7274,375.0,275.0,533,294,0,0,success
2,17,37,7290,375.0,275.0,533,294,0,0,success
2,17,38,7306,375.0,275.0,533,294,0,0,success
2,17,39,7322,375.0,275.0,533,294,0,0,success
2,17,40,7338,375.0,275.0,533,294,0,0,success
2,17,41,7354,375.0,275.0,533,294,0,0,success
2,17,42,7370,375.0,275.0,533,294,5,0,success
2,17,43,7386,380.0,275.0,533,294,5,0,success
2,17,44,7403,385.0,275.0,533,294,5,0,success
2,17,45,7419,390.0,275.0,533,294,5,0,success
2,17,46,7435,395.0,275.0,533,294,5,0,success
2,17,47,7451,400.0,275.0,533,294,5,0,success
2,17,48,7467,405.0,275.0,533,294,5,0,success
2,17,49,7483,410.0,275.0,533,294,5,0,success
2,17,50,7499,415.0,275.0,533,294,5,0,success
2,17,51,7515,420.0,275.0,533,294,0,0,success
2,17,52,7531,420.0,275.0,533,294,0,0,success
2,17,53,7547,420.0,275.0,533,294,0,0,success
2,17,54,7563,420.0,275.0,533,294,0,0,success
2,17,55,7579,420.0,275.0,533,294,0,0,success
2,17,56,7595,420.0,275.0,533,294,0,0,success
2,17,57,7611,420.0,275.0,533,294,0,0,success
2,17,58,7627,420.0,275.0,533,294,0,0,success
2,17,59,7643,420.0,275.0,533,294,0,0,success
2,17,60,7660,420.0,275.0,533,294,0,0,success
2,17,61,7677,420.0,275.0,533,294,0,0,success
2,17,62,7692,420.0,275.0,533,294,0,0,success
2,17,63,7708,420.0,275.0,533,294,0,0,success
2,17,64,7724,420.0,275.0,533,294,0,0,success
2,17,65,7740,420.0,275.0,533,294,0,0,success
2,17,66,7756,420.0,275.0,533,294,0,0,success
2,17,67,7773,420.0,275.0,533,294,0,0,success
2,17,68,7788,420.0,275.0,533,294,0,0,success
2,17,69,7805,420.0,275.0,533,294,0,0,success
2,17,70,7821,420.0,275.0,533,294,0,0,success
2,17,71,7837,420.0,275.0,533,294,0,0,success
2,17,72,7853,420.0,275.0,533,294,5,0,success
2,17,73,7869,425.0,275.0,533,294,0,0,success
2,17,74,7885,425.0,275.0,533,294,0,0,success
2,17,75,7901,425.0,275.0,533,294,0,0,success
2,17,76,7918,425.0,275.0,533,294,0,0,success
2,17,77,7935,425.0,275.0,533,294,0,0,success
2,17,78,7952,425.0,275.0,533,294,0,0,success
2,17,79,7967,425.0,275.0,533,294,0,0,success
2,17,80,7984,425.0,275.0,533,294,5,0,success
2,17,81,7999,430.0,275.0,533,294,5,0,success
2,17,82,8015,435.0,275.0,533,294,5,0,success
2,17,83,8031,440.0,275.0,533,294,5,0,success
2,17,84,8048,445.0,275.0,533,294,5,0,success
2,17,85,8063,450.0,275.0,533,294,0,0,success
2,17,86,8080,450.0,275.0,533,294,0,0,success
2,17,87,8095,450.0,275.0,533,294,0,0,success
2,17,88,8111,450.0,275.0,533,294,0,0,success
2,17,89,8127,450.0,275.0,533,294,0,0,success
2,17,90,8144,450.0,275.0,533,294,0,0,success
2,17,91,8160,450.0,275.0,533,294,0,0,success
2,17,92,8176,450.0,275.0,533,294,0,0,success
2,17,93,8192,450.0,275.0,533,294,0,0,success
2,17,94,8209,450.0,275.0,533,294,0,0,success
2,17,95,8224,450.0,275.0,533,294,0,0,success
2,17,96,8240,450.0,275.0,533,294,0,5,success
2,17,97,8256,450.0,280.0,533,294,0,5,success
2,17,98,8272,450.0,285.0,533,294,0,5,success
2,17,99,8289,450.0,290.0,533,294,0,5,success
2,17,100,8304,450.0,295.0,533,294,0,5,success
2,17,101,8320,450.0,300.0,533,294,0,5,success
2,17,102,8336,450.0,305.0,533,294,0,0,success
2,17,103,8352,450.0,305.0,533,294,0,0,success
2,17,104,8368,450.0,305.0,533,294,0,0,success
2,17,105,8385,450.0,305.0,533,294,0,0,success
2,17,106,8402,450.0,305.0,533,294,0,0,success
2,17,107,8418,450.0,305.0,533,294,0,0,success
2,17,108,8434,450.0,305.0,533,294,0,0,success
2,17,109,8450,450.0,305.0,533,294,0,0,success
2,17,110,8466,450.0,305.0,533,294,0,0,success
2,17,111,8482,450.0,305.0,533,294,0,0,success
2,17,112,8498,450.0,305.0,533,294,5,0,success
2,17,113,8514,455.0,305.0,533,294,5,0,success
2,17,114,8531,460.0,305.0,533,294,5,0,success
2,17,115,8548,465.0,305.0,533,294,5,0,success
2,17,116,8564,470.0,305.0,533,294,5,0,success
2,17,117,8580,475.0,305.0,533,294,5,0,success
2,17,118,8596,480.0,305.0,533,294,5,0,success
2,17,119,8612,485.0,305.0,533,294,5,0,success
2,17,120,8629,490.0,305.0,533,294,5,0,success
2,17,121,8644,495.0,305.0,533,294,5,0,success
2,17,122,8660,500.0,305.0,533,294,5,0,success
2,17,123,8677,505.0,305.0,533,294,5,0,success
2,17,124,8692,510.0,305.0,533,294,5,0,success
2,17,125,8708,515.0,305.0,533,294,5,0,success
2,17,126,8724,520.0,305.0,533,294,5,0,success
2,17,127,8740,525.0,305.0,533,294,5,0,success
2,17,128,8756,530.0,305.0,533,294,5,0,success
2,18,0,9782,375.0,275.0,379,181,0,0,success
2,18,1,9798,375.0,275.0,379,181,0,0,success
2,18,2,9815,375.0,275.0,379,181,0,0,success
2,18,3,9831,375.0,275.0,379,181,0,0,success
2,18,4,9847,375.0,275.0,379,181,0,0,success
2,18,5,9863,375.0,275.0,379,181,0,0,success
2,18,6,9879,375.0,275.0,379,181,0,0,success
2,18,7,9895,375.0,275.0,379,181,0,0,success
2,18,8,9911,375.0,275.0,379,181,0,0,success
2,18,9,9927,375.0,275.0,379,181,0,0,success
2,18,10,9944,375.0,275.0,379,181,0,0,success
2,18,11,9959,375.0,275.0,379,181,0,0,success
2,18,12,9975,375.0,275.0,379,181,0,0,success
2,18,13,9992,375.0,275.0,379,181,0,0,success
2,18,14,10006,375.0,275.0,379,181,0,0,success
2,18,15,10022,375.0,275.0,379,181,0,0,success
2,18,16,10038,375.0,275.0,379,181,0,0,success
2,18,17,10054,375.0,275.0,379,181,0,0,success
2,18,18,10070,375.0,275.0,379,181,0,0,success
2,18,19,10087,375.0,275.0,379,181,0,0,success
2,18,20,10103,375.0,275.0,379,181,0,0,success
2,18,21,10119,375.0,275.0,379,181,0,0,success
2,18,22,10136,375.0,275.0,379,181,0,0,success
2,18,23,10153,375.0,275.0,379,181,0,0,success
2,18,24,10168,375.0,275.0,379,181,0,0,success
2,18,25,10184,375.0,275.0,379,181,0,0,success
2,18,26,10200,375.0,275.0,379,181,0,0,success
2,18,27,10217,375.0,275.0,379,181,0,0,success
2,18,28,10233,375.0,275.0,379,181,0,0,success
2,18,29,10249,375.0,275.0,379,181,0,0,success
2,18,30,10265,375.0,275.0,379,181,0,0,success
2,18,31,10282,375.0,275.0,379,181,0,0,success
2,18,32,10297,375.0,275.0,379,181,0,0,success
2,18,33,10313,375.0,275.0,379,181,0,0,success
2,18,34,10330,375.0,275.0,379,181,0,0,success
2,18,35,10345,375.0,275.0,379,181,0,0,success
2,18,36,10361,375.0,275.0,379,181,0,0,success
2,18,37,10378,375.0,275.0,379,181,0,0,success
2,18,38,10395,375.0,275.0,379,181,0,-5,success
2,18,39,10411,375.0,270.0,379,181,0,-5,success
2,18,40,10427,375.0,265.0,379,181,0,-5,success
2,18,41,10444,375.0,260.0,379,181,0,0,success
2,18,42,10459,375.0,260.0,379,181,0,0,success
2,18,43,10475,375.0,260.0,379,181,0,0,success
2,18,44,10491,375.0,260.0,379,181,0,0,success
2,18,45,10507,375.0,260.0,379,181,0,0,success
2,18,46,10523,375.0,260.0,379,181,0,0,success
2,18,47,10539,375.0,260.0,379,181,0,0,success
2,18,48,10556,375.0,260.0,379,181,0,0,success
2,18,49,10571,375.0,260.0,379,181,0,0,success
2,18,50,10587,375.0,260.0,379,181,0,0,success
2,18,51,10604,375.0,260.0,379,181,0,0,success
2,18,52,10619,375.0,260.0,379,181,0,0,success
2,18,53,10635,375.0,260.0,379,181,0,0,success
2,18,54,10651,375.0,260.0,379,181,5,0,success
2,18,55,10667,380.0,260.0,379,181,5,0,success
2,18,56,10683,385.0,260.0,379,181,5,0,success
2,18,57,10699,390.0,260.0,379,181,0,0,success
2,18,58,10715,390.0,260.0,379,181,0,0,success
2,18,59,10731,390.0,260.0,379,181,0,0,success
2,18,60,10748,390.0,260.0,379,181,0,0,success
2,18,61,10764,390.0,260.0,379,181,0,0,success
2,18,62,10781,390.0,260.0,379,181,0,0,success
2,18,63,10796,390.0,260.0,379,181,0,0,success
2,18,64,10813,390.0,260.0,379,181,0,0,success
2,18,65,10828,390.0,260.0,379,181,0,0,success
2,18,66,10844,390.0,260.0,379,181,0,-5,success
2,18,67,10860,390.0,255.0,379,181,0,-5,success
2,18,68,10876,390.0,250.0,379,181,0,-5,success
2,18,69,10892,390.0,245.0,379,181,0,-5,success
2,18,70,10909,390.0,240.0,379,181,0,-5,success
2,18,71,10925,390.0,235.0,379,181,0,-5,success
2,18,72,10941,390.0,230.0,379,181,0,-5,success
2,18,73,10957,390.0,225.0,379,181,0,-5,success
2,18,74,10973,390.0,220.0,379,181,0,-5,success
2,18,75,10990,390.0,215.0,379,181,0,-5,success
2,18,76,11004,390.0,210.0,379,181,0,-5,success
2,18,77,11020,390.0,205.0,379,181,0,-5,success
2,19,0,12049,375.0,275.0,332,405,0,0,success
2,19,1,12065,375.0,275.0,332,405,0,0,success
2,19,2,12081,375.0,275.0,332,405,0,0,success
2,19,3,12097,375.0,275.0,332,405,0,0,success
2,19,4,12113,375.0,275.0,332,405,0,0,success
2,19,5,12130,375.0,275.0,332,405,0,0,success
2,19,6,12146,375.0,275.0,332,405,0,0,success
2,19,7,12162,375.0,275.0,332,405,0,0,success
2,19,8,12178,375.0,275.0,332,405,0,0,success
2,19,9,12194,375.0,275.0,332,405,0,0,success
2,19,10,12210,375.0,275.0,332,405,0,0,success
2,19,11,12226,375.0,275.0,332,405,0,0,success
2,19,12,12243,375.0,275.0,332,405,0,0,success
2,19,13,12258,375.0,275.0,332,405,0,0,success
2,19,14,12274,375.0,275.0,332,405,0,0,success
2,19,15,12290,375.0,275.0,332,405,0,0,success
2,19,16,12307,375.0,275.0,332,405,0,0,success
2,19,17,12323,375.0,275.0,332,405,0,0,success
2,19,18,12340,375.0,275.0,332,405,0,0,success
2,19,19,12356,375.0,275.0,332,405,0,0,success
2,19,20,12372,375.0,275.0,332,405,0,0,success
2,19,21,12389,375.0,275.0,332,405,0,0,success
2,19,22,12404,375.0,275.0,332,405,0,0,success
2,19,23,12420,375.0,275.0,332,405,0,0,success
2,19,24,12436,375.0,275.0,332,405,0,0,success
2,19,25,12452,375.0,275.0,332,405,0,0,success
2,19,26,12468,375.0,275.0,332,405,0,0,success
2,19,27,12484,375.0,275.0,332,405,0,0,success
2,19,28,12500,375.0,275.0,332,405,0,0,success
2,19,29,12516,375.0,275.0,332,405,0,0,success
2,19,30,12532,375.0,275.0,332,405,0,0,success
2,19,31,12548,375.0,275.0,332,405,0,0,success
2,19,32,12564,375.0,275.0,332,405,0,0,success
2,19,33,12580,375.0,275.0,332,405,0,0,success
2,19,34,12596,375.0,275.0,332,405,0,0,success
2,19,35,12612,375.0,275.0,332,405,0,0,success
2,19,36,12629,375.0,275.0,332,405,0,5,success
2,19,37,12644,375.0,280.0,332,405,0,5,success
2,19,38,12660,375.0,285.0,332,405,0,5,success
2,19,39,12676,375.0,290.0,332,405,0,5,success
2,19,40,12692,375.0,295.0,332,405,0,5,success
2,19,41,12708,375.0,300.0,332,405,0,5,success
2,19,42,12724,375.0,305.0,332,405,0,5,success
2,19,43,12740,375.0,310.0,332,405,0,0,success
2,19,44,12756,375.0,310.0,332,405,0,0,success
2,19,45,12772,375.0,310.0,332,405,0,0,success
2,19,46,12788,375.0,310.0,332,405,0,0,success
2,19,47,12804,375.0,310.0,332,405,0,0,success
2,19,48,12821,375.0,310.0,332,405,0,0,success
2,19,49,12836,375.0,310.0,332,405,0,0,success
2,19,50,12852,375.0,310.0,332,405,-5,0,success
2,19,51,12869,370.0,310.0,332,405,-5,0,success
2,19,52,12885,365.0,310.0,332,405,-5,0,success
2,19,53,12901,360.0,310.0,332,405,-5,0,success
2,19,54,12917,355.0,310.0,332,405,-5,0,success
2,19,55,12933,350.0,310.0,332,405,-5,0,success
2,19,56,12949,345.0,310.0,332,405,-5,0,success
2,19,57,12965,340.0,310.0,332,405,0,0,success
2,19,58,12982,340.0,310.0,332,405,0,0,success
2,19,59,12997,340.0,310.0,332,405,0,0,success
2,19,60,13013,340.0,310.0,332,405,0,0,success
2,19,61,13029,340.0,310.0,332,405,0,0,success
2,19,62,13045,340.0,310.0,332,405,0,0,success
2,19,63,13061,340.0,310.0,332,405,0,0,success
2,19,64,13077,340.0,310.0,332,405,0,0,success
2,19,65,13093,340.0,310.0,332,405,0,0,success
2,19,66,13109,340.0,310.0,332,405,0,0,success
2,19,67,13125,340.0,310.0,332,405,0,0,success
2,19,68,13141,340.0,310.0,332,405,0,0,success
2,19,69,13157,340.0,310.0,332,405,0,0,success
2,19,70,13173,340.0,310.0,332,405,0,0,success
2,19,71,13190,340.0,310.0,332,405,0,0,success
2,19,72,13205,340.0,310.0,332,405,0,0,success
2,19,73,13221,340.0,310.0,332,405,0,0,success
2,19,74,13237,340.0,310.0,332,405,0,0,success
2,19,75,13253,340.0,310.0,332,405,0,5,success
2,19,76,13269,340.0,315.0,332,405,0,5,success
2,19,77,13286,340.0,320.0,332,405,0,5,success
2,19,78,13301,340.0,325.0,332,405,0,5,success
2,19,79,13317,340.0,330.0,332,405,0,5,success
2,19,80,13333,340.0,335.0,332,405,0,5,success
2,19,81,13349,340.0,340.0,332,405,0,5,success
2,19,82,13365,340.0,345.0,332,405,0,5,success
2,19,83,13382,340.0,350.0,332,405,0,5,success
2,19,84,13398,340.0,355.0,332,405,0,5,success
2,19,85,13414,340.0,360.0,332,405,0,5,success
2,19,86,13430,340.0,365.0,332,405,0,5,success
2,19,87,13446,340.0,370.0,332,405,0,5,success
2,19,88,13462,340.0,375.0,332,405,0,5,success
2,19,89,13478,340.0,380.0,332,405,0,5,success
2,19,90,13494,340.0,385.0,332,405,0,5,success
2,19,91,13511,340.0,390.0,332,405,0,5,success
2,19,92,13526,340.0,395.0,332,405,0,5,success
2,19,93,13543,340.0,400.0,332,405,0,5,success
2,20,0,14571,375.0,275.0,80,102,0,0,success
2,20,1,14586,375.0,275.0,80,102,0,0,success
2,20,2,14602,375.0,275.0,80,102,0,0,success
2,20,3,14618,375.0,275.0,80,102,0,0,success
2,20,4,14634,375.0,275.0,80,102,0,0,success
2,20,5,14650,375.0,275.0,80,102,0,0,success
2,20,6,14666,375.0,275.0,80,102,0,0,success
2,20,7,14682,375.0,275.0,80,102,0,0,success
2,20,8,14928,375.0,275.0,80,102,0,0,success
2,20,9,14944,375.0,275.0,80,102,0,0,success
2,20,10,14960,375.0,275.0,80,102,0,0,success
2,20,11,14976,375.0,275.0,80,102,0,0,success
2,20,12,14992,375.0,275.0,80,102,0,0,success
2,20,13,15007,375.0,275.0,80,102,0,0,success
2,20,14,15023,375.0,275.0,80,102,0,0,success
2,20,15,15040,375.0,275.0,80,102,0,0,success
2,20,16,15056,375.0,275.0,80,102,0,0,success
2,20,17,15072,375.0,275.0,80,102,0,0,success
2,20,18,15089,375.0,275.0,80,102,0,0,success
2,20,19,15104,375.0,275.0,80,102,0,0,success
2,20,20,15120,375.0,275.0,80,102,0,0,success
2,20,21,15136,375.0,275.0,80,102,0,0,success
2,20,22,15152,375.0,275.0,80,102,0,0,success
2,20,23,15168,375.0,275.0,80,102,0,0,success
2,20,24,15184,375.0,275.0,80,102,0,0,success
2,20,25,15201,375.0,275.0,80,102,0,0,success
2,20,26,15217,375.0,275.0,80,102,0,0,success
2,20,27,15234,375.0,275.0,80,102,0,0,success
2,20,28,15250,375.0,275.0,80,102,0,0,success
2,20,29,15266,375.0,275.0,80,102,0,0,success
2,20,30,15283,375.0,275.0,80,102,0,0,success
2,20,31,15298,375.0,275.0,80,102,0,0,success
2,20,32,15315,375.0,275.0,80,102,0,0,success
2,20,33,15330,375.0,275.0,80,102,-5,0,success
2,20,34,15347,370.0,275.0,80,102,-5,0,success
2,20,35,15363,365.0,275.0,80,102,-5,-5,success
2,20,36,15379,360.0,270.0,80,102,-5,-5,success
2,20,37,15396,355.0,265.0,80,102,-5,-5,success
2,20,38,15412,350.0,260.0,80,102,-5,-5,success
2,20,39,15428,345.0,255.0,80,102,-5,-5,success
2,20,40,15444,340.0,250.0,80,102,-5,-5,success
2,20,41,15460,335.0,245.0,80,102,-5,-5,success
2,20,42,15477,330.0,240.0,80,102,-5,-5,success
2,20,43,15493,325.0,235.0,80,102,-5,-5,success
2,20,44,15509,320.0,230.0,80,102,-5,-5,success
2,20,45,15525,315.0,225.0,80,102,-5,-5,success
2,20,46,15541,310.0,220.0,80,102,-5,-5,success
2,20,47,15557,305.0,215.0,80,102,-5,-5,success
2,20,48,15573,300.0,210.0,80,102,-5,-5,success
2,20,49,15589,295.0,205.0,80,102,-5,-5,success
2,20,50,15605,290.0,200.0,80,102,-5,-5,success
2,20,51,15621,285.0,195.0,80,102,-5,-5,success
2,20,52,15638,280.0,190.0,80,102,-5,-5,success
2,20,53,15653,275.0,185.0,80,102,-5,-5,success
2,20,54,15669,270.0,180.0,80,102,-5,-5,success
2,20,55,15685,265.0,175.0,80,102,-5,-5,success
2,20,56,15702,260.0,170.0,80,102,-5,-5,success
2,20,57,15717,255.0,165.0,80,102,-5,-5,success
2,20,58,15733,250.0,160.0,80,102,-5,0,success
2,20,59,15749,245.0,160.0,80,102,-5,0,success
2,20,60,15765,240.0,160.0,80,102,-5,0,success
2,20,61,15781,235.0,160.0,80,102,-5,0,success
2,20,62,15798,230.0,160.0,80,102,-5,0,success
2,20,63,15814,225.0,160.0,80,102,-5,0,success
2,20,64,15830,220.0,160.0,80,102,-5,0,success
2,20,65,15846,215.0,160.0,80,102,-5,0,success
2,20,66,15862,210.0,160.0,80,102,-5,0,success
2,20,67,15878,205.0,160.0,80,102,-5,0,success
2,20,68,15894,200.0,160.0,80,102,-5,0,success
2,20,69,15910,195.0,160.0,80,102,-5,0,success
2,20,70,15926,190.0,160.0,80,102,-5,0,success
2,20,71,15943,185.0,160.0,80,102,-5,0,success
2,20,72,15958,180.0,160.0,80,102,-5,0,success
2,20,73,15974,175.0,160.0,80,102,-5,0,success
2,20,74,15991,170.0,160.0,80,102,-5,0,success
2,20,75,16005,165.0,160.0,80,102,-5,0,success
2,20,76,16021,160.0,160.0,80,102,-5,0,success
2,20,77,16037,155.0,160.0,80,102,-5,-5,success
2,20,78,16053,150.0,155.0,80,102,-5,-5,success
2,20,79,16069,145.0,150.0,80,102,-5,-5,success
2,20,80,16086,140.0,145.0,80,102,-5,-5,success
2,20,81,16101,135.0,140.0,80,102,-5,-5,success
2,20,82,16117,130.0,135.0,80,102,-5,-5,success
2,20,83,16133,125.0,130.0,80,102,-5,-5,success
2,20,84,16149,120.0,125.0,80,102,-5,-5,success
2,20,85,16165,115.0,120.0,80,102,0,0,success
2,20,86,16181,115.0,120.0,80,102,0,0,success
2,20,87,16197,115.0,120.0,80,102,0,0,success
2,20,88,16214,115.0,120.0,80,102,0,0,success
2,20,89,16230,115.0,120.0,80,102,0,0,success
2,20,90,16246,115.0,120.0,80,102,0,0,success
2,20,91,16262,115.0,120.0,80,102,0,0,success
2,20,92,16278,115.0,120.0,80,102,0,0,success
2,20,93,16295,115.0,120.0,80,102,0,0,success
2,20,94,16311,115.0,120.0,80,102,0,0,success
2,20,95,16327,115.0,120.0,80,102,0,0,success
2,20,96,16343,115.0,120.0,80,102,0,0,success
2,20,97,16360,115.0,120.0,80,102,0,0,success
2,20,98,16375,115.0,120.0,80,102,0,0,success
2,20,99,16391,115.0,120.0,80,102,0,0,success
2,20,100,16408,115.0,120.0,80,102,0,0,success
2,20,101,16424,115.0,120.0,80,102,0,0,success
2,20,102,16440,115.0,120.0,80,102,0,0,success
2,20,103,16456,115.0,120.0,80,102,0,0,success
2,20,104,16472,115.0,120.0,80,102,0,0,success
2,20,105,16488,115.0,120.0,80,102,0,0,success
2,20,106,16504,115.0,120.0,80,102,0,0,success
2,20,107,16520,115.0,120.0,80,102,-5,0,success
2,20,108,16536,110.0,120.0,80,102,-5,0,success
2,20,109,16552,105.0,120.0,80,102,-5,0,success
2,21,0,17578,375.0,275.0,44,85,0,0,success
2,21,1,17594,375.0,275.0,44,85,0,0,success
2,21,2,17610,375.0,275.0,44,85,0,0,success
2,21,3,17627,375.0,275.0,44,85,0,0,success
2,21,4,17643,375.0,275.0,44,85,0,0,success
2,21,5,17659,375.0,275.0,44,85,0,0,success
2,21,6,17675,375.0,275.0,44,85,0,0,success
2,21,7,17691,375.0,275.0,44,85,0,0,success
2,21,8,17707,375.0,275.0,44,85,0,0,success
2,21,9,17723,375.0,275.0,44,85,0,0,success
2,21,10,17739,375.0,275.0,44,85,0,0,success
2,21,11,17756,375.0,275.0,44,85,0,0,success
2,21,12,17771,375.0,275.0,44,85,0,0,success
2,21,13,17787,375.0,275.0,44,85,0,0,success
2,21,14,17803,375.0,275.0,44,85,0,0,success
2,21,15,17819,375.0,275.0,44,85,0,0,success
2,21,16,17835,375.0,275.0,44,85,0,0,success
2,21,17,17851,375.0,275.0,44,85,0,0,success
2,21,18,17868,375.0,275.0,44,85,0,0,success
2,21,19,17884,375.0,275.0,44,85,0,0,success
2,21,20,17900,375.0,275.0,44,85,0,0,success
2,21,21,17916,375.0,275.0,44,85,0,0,success
2,21,22,17933,375.0,275.0,44,85,0,0,success
2,21,23,17948,375.0,275.0,44,85,0,0,success
2,21,24,17964,375.0,275.0,44,85,0,0,success
2,21,25,17980,375.0,275.0,44,85,0,0,success
2,21,26,17996,375.0,275.0,44,85,0,0,success
2,21,27,18012,375.0,275.0,44,85,0,0,success
2,21,28,18028,375.0,275.0,44,85,0,0,success
2,21,29,18044,375.0,275.0,44,85,0,0,success
2,21,30,18060,375.0,275.0,44,85,0,0,success
2,21,31,18076,375.0,275.0,44,85,0,0,success
2,21,32,18092,375.0,275.0,44,85,0,0,success
2,21,33,18108,375.0,275.0,44,85,0,0,success
2,21,34,18124,375.0,275.0,44,85,0,0,success
2,21,35,18140,375.0,275.0,44,85,0,0,success
2,21,36,18156,375.0,275.0,44,85,0,0,success
2,21,37,18172,375.0,275.0,44,85,0,0,success
2,21,38,18188,375.0,275.0,44,85,-5,0,success
2,21,39,18204,370.0,275.0,44,85,-5,0,success
2,21,40,18221,365.0,275.0,44,85,-5,0,success
2,21,41,18237,360.0,275.0,44,85,-5,0,success
2,21,42,18253,355.0,275.0,44,85,-5,0,success
2,21,43,18269,350.0,275.0,44,85,-5,0,success
2,21,44,18286,345.0,275.0,44,85,-5,0,success
2,21,45,18301,340.0,275.0,44,85,-5,0,success
2,21,46,18317,335.0,275.0,44,85,-5,0,success
2,21,47,18333,330.0,275.0,44,85,-5,0,success
2,21,48,18349,325.0,275.0,44,85,-5,0,success
2,21,49,18365,320.0,275.0,44,85,-5,0,success
2,21,50,18382,315.0,275.0,44,85,-5,0,success
2,21,51,18398,310.0,275.0,44,85,-5,0,success
2,21,52,18415,305.0,275.0,44,85,-5,0,success
2,21,53,18431,300.0,275.0,44,85,-5,-5,success
2,21,54,18447,295.0,270.0,44,85,-5,-5,success
2,21,55,18462,290.0,265.0,44,85,-5,-5,success
2,21,56,18478,285.0,260.0,44,85,-5,-5,success
2,21,57,18494,280.0,255.0,44,85,-5,-5,success
2,21,58,18510,275.0,250.0,44,85,-5,-5,success
2,21,59,18527,270.0,245.0,44,85,-5,-5,success
2,21,60,18542,265.0,240.0,44,85,-5,-5,success
2,21,61,18558,260.0,235.0,44,85,-5,-5,success
2,21,62,18575,255.0,230.0,44,85,-5,-5,success
2,21,63,18590,250.0,225.0,44,85,-5,-5,success
2,21,64,18606,245.0,220.0,44,85,-5,-5,success
2,21,65,18622,240.0,215.0,44,85,-5,-5,success
2,21,66,18638,235.0,210.0,44,85,-5,0,success
2,21,67,18654,230.0,210.0,44,85,-5,0,success
2,21,68,18670,225.0,210.0,44,85,-5,0,success
2,21,69,18686,220.0,210.0,44,85,-5,0,success
2,21,70,18702,215.0,210.0,44,85,-5,0,success
2,21,71,18719,210.0,210.0,44,85,-5,0,success
2,21,72,18734,205.0,210.0,44,85,-5,0,success
2,21,73,18750,200.0,210.0,44,85,-5,0,success
2,21,74,18767,195.0,210.0,44,85,-5,0,success
2,21,75,18783,190.0,210.0,44,85,-5,0,success
2,21,76,18799,185.0,210.0,44,85,-5,0,success
2,21,77,18815,180.0,210.0,44,85,-5,0,success
2,21,78,18831,175.0,210.0,44,85,-5,0,success
2,21,79,18847,170.0,210.0,44,85,-5,0,success
2,21,80,18863,165.0,210.0,44,85,-5,0,success
2,21,81,18880,160.0,210.0,44,85,-5,0,success
2,21,82,18895,155.0,210.0,44,85,-5,0,success
2,21,83,18911,150.0,210.0,44,85,-5,0,success
2,21,84,18927,145.0,210.0,44,85,-5,0,success
2,21,85,18943,140.0,210.0,44,85,-5,-5,success
2,21,86,18960,135.0,205.0,44,85,-5,-5,success
2,21,87,18975,130.0,200.0,44,85,-5,-5,success
2,21,88,18991,125.0,195.0,44,85,-5,-5,success
2,21,89,19006,120.0,190.0,44,85,-5,-5,success
2,21,90,19022,115.0,185.0,44,85,-5,-5,success
2,21,91,19038,110.0,180.0,44,85,-5,-5,success
2,21,92,19054,105.0,175.0,44,85,-5,-5,success
2,21,93,19070,100.0,170.0,44,85,-5,-5,success
2,21,94,19086,95.0,165.0,44,85,-5,-5,success
2,21,95,19102,90.0,160.0,44,85,-5,-5,success
2,21,96,19118,85.0,155.0,44,85,-5,-5,success
2,21,97,19134,80.0,150.0,44,85,-5,-5,success
2,21,98,19150,75.0,145.0,44,85,-5,-5,success
2,21,99,19166,70.0,140.0,44,85,-5,-5,success
2,21,100,19183,65.0,135.0,44,85,-5,-5,success
2,21,101,19198,60.0,130.0,44,85,-5,-5,success
2,21,102,19214,55.0,125.0,44,85,-5,-5,success
2,21,103,19230,50.0,120.0,44,85,-5,-5,success
2,21,104,19246,45.0,115.0,44,85,-5,-5,success
2,21,105,19262,40.0,110.0,44,85,-5,-5,success
2,21,106,19278,35.0,105.0,44,85,0,-5,success
2,21,107,19294,35.0,100.0,44,85,0,-5,success
2,21,108,19311,35.0,95.0,44,85,0,-5,success
2,21,109,19327,35.0,90.0,44,85,0,-5,success
2,21,110,19342,35.0,85.0,44,85,0,-5,success
2,21,111,19359,35.0,80.0,44,85,0,0,success
2,21,112,19374,35.0,80.0,44,85,0,0,success
2,21,113,19390,35.0,80.0,44,85,0,0,success
2,21,114,19406,35.0,80.0,44,85,0,0,success
2,21,115,19422,35.0,80.0,44,85,0,0,success
2,21,116,19438,35.0,80.0,44,85,0,0,success
2,21,117,19455,35.0,80.0,44,85,0,0,success
2,21,118,19470,35.0,80.0,44,85,0,0,success
2,21,119,19486,35.0,80.0,44,85,0,0,success
2,21,120,19502,35.0,80.0,44,85,0,0,success
2,21,121,19518,35.0,80.0,44,85,0,0,success
2,21,122,19534,35.0,80.0,44,85,0,0,success
2,21,123,19550,35.0,80.0,44,85,0,0,success
2,21,124,19566,35.0,80.0,44,85,0,0,success
2,21,125,19582,35.0,80.0,44,85,0,0,success
2,21,126,19598,35.0,80.0,44,85,0,0,success
2,21,127,19614,35.0,80.0,44,85,0,0,success
2,21,128,19630,35.0,80.0,44,85,0,0,success
2,21,129,19647,35.0,80.0,44,85,0,0,success
2,21,130,19662,35.0,80.0,44,85,5,0,success
2,21,131,19678,40.0,80.0,44,85,5,0,success
2,21,132,19694,45.0,80.0,44,85,5,0,success
2,21,133,19710,50.0,80.0,44,85,5,0,success
2,21,134,19726,55.0,80.0,44,85,0,0,success
2,21,135,19742,55.0,80.0,44,85,0,0,success
2,21,136,19758,55.0,80.0,44,85,0,0,success
2,21,137,19774,55.0,80.0,44,85,0,5,success
2,22,0,20801,375.0,275.0,653,206,0,0,success
2,22,1,20818,375.0,275.0,653,206,0,0,success
2,22,2,20833,375.0,275.0,653,206,0,0,success
2,22,3,20849,375.0,275.0,653,206,0,0,success
2,22,4,20865,375.0,275.0,653,206,0,0,success
2,22,5,20881,375.0,275.0,653,206,0,0,success
2,22,6,20897,375.0,275.0,653,206,0,0,success
2,22,7,20913,375.0,275.0,653,206,0,0,success
2,22,8,20929,375.0,275.0,653,206,0,0,success
2,22,9,20945,375.0,275.0,653,206,0,0,success
2,22,10,20962,375.0,275.0,653,206,0,0,success
2,22,11,20978,375.0,275.0,653,206,0,0,success
2,22,12,20994,375.0,275.0,653,206,0,0,success
2,22,13,21009,375.0,275.0,653,206,0,0,success
2,22,14,21026,375.0,275.0,653,206,0,0,success
2,22,15,21042,375.0,275.0,653,206,0,0,success
2,22,16,21058,375.0,275.0,653,206,0,0,success
2,22,17,21074,375.0,275.0,653,206,0,0,success
2,22,18,21090,375.0,275.0,653,206,0,0,success
2,22,19,21106,375.0,275.0,653,206,0,0,success
2,22,20,21122,375.0,275.0,653,206,0,0,success
2,22,21,21138,375.0,275.0,653,206,0,0,success
2,22,22,21154,375.0,275.0,653,206,0,0,success
2,22,23,21170,375.0,275.0,653,206,0,0,success
2,22,24,21186,375.0,275.0,653,206,0,0,success
2,22,25,21202,375.0,275.0,653,206,0,0,success
2,22,26,21218,375.0,275.0,653,206,0,0,success
2,22,27,21234,375.0,275.0,653,206,0,0,success
2,22,28,21250,375.0,275.0,653,206,0,0,success
2,22,29,21266,375.0,275.0,653,206,0,0,success
2,22,30,21282,375.0,275.0,653,206,0,0,success
2,22,31,21298,375.0,275.0,653,206,0,0,success
2,22,32,21314,375.0,275.0,653,206,0,0,success
2,22,33,21331,375.0,275.0,653,206,0,0,success
2,22,34,21347,375.0,275.0,653,206,0,0,success
2,22,35,21363,375.0,275.0,653,206,0,0,success
2,22,36,21379,375.0,275.0,653,206,0,0,success
2,22,37,21396,375.0,275.0,653,206,0,0,success
2,22,38,21413,375.0,275.0,653,206,5,0,success
2,22,39,21428,380.0,275.0,653,206,5,0,success
2,22,40,21444,385.0,275.0,653,206,5,0,success
2,22,41,21460,390.0,275.0,653,206,5,0,success
2,22,42,21477,395.0,275.0,653,206,5,0,success
2,22,43,21493,400.0,275.0,653,206,5,0,success
2,22,44,21509,405.0,275.0,653,206,5,0,success
2,22,45,21525,410.0,275.0,653,206,5,0,success
2,22,46,21542,415.0,275.0,653,206,5,0,success
2,22,47,21557,420.0,275.0,653,206,5,0,success
2,22,48,21573,425.0,275.0,653,206,5,0,success
2,22,49,21589,430.0,275.0,653,206,5,0,success
2,22,50,21605,435.0,275.0,653,206,5,0,success
2,22,51,21622,440.0,275.0,653,206,5,0,success
2,22,52,21637,445.0,275.0,653,206,5,0,success
2,22,53,21654,450.0,275.0,653,206,5,0,success
2,22,54,21669,455.0,275.0,653,206,5,0,success
2,22,55,21685,460.0,275.0,653,206,5,0,success
2,22,56,21702,465.0,275.0,653,206,5,0,success
2,22,57,21718,470.0,275.0,653,206,5,0,success
2,22,58,21734,475.0,275.0,653,206,5,0,success
2,22,59,21750,480.0,275.0,653,206,5,0,success
2,22,60,21766,485.0,275.0,653,206,5,0,success
2,22,61,21782,490.0,275.0,653,206,5,0,success
2,22,62,21799,495.0,275.0,653,206,5,0,success
2,22,63,21814,500.0,275.0,653,206,5,0,success
2,22,64,21830,505.0,275.0,653,206,5,0,success
2,22,65,21846,510.0,275.0,653,206,5,0,success
2,22,66,21862,515.0,275.0,653,206,5,0,success
2,22,67,21878,520.0,275.0,653,206,5,0,success
2,22,68,21894,525.0,275.0,653,206,5,0,success
2,22,69,21910,530.0,275.0,653,206,5,0,success
2,22,70,21927,535.0,275.0,653,206,5,0,success
2,22,71,21943,540.0,275.0,653,206,5,0,success
2,22,72,21959,545.0,275.0,653,206,5,0,success
2,22,73,21975,550.0,275.0,653,206,5,-5,success
2,22,74,21991,555.0,270.0,653,206,5,-5,success
2,22,75,22006,560.0,265.0,653,206,5,-5,success
2,22,76,22022,565.0,260.0,653,206,5,-5,success
2,22,77,22038,570.0,255.0,653,206,5,-5,success
2,22,78,22054,575.0,250.0,653,206,5,-5,success
2,22,79,22070,580.0,245.0,653,206,5,-5,success
2,22,80,22087,585.0,240.0,653,206,5,-5,success
2,22,81,22102,590.0,235.0,653,206,5,-5,success
2,22,82,22119,595.0,230.0,653,206,5,-5,success
2,22,83,22134,600.0,225.0,653,206,5,-5,success
2,22,84,22150,605.0,220.0,653,206,5,-5,success
2,22,85,22167,610.0,215.0,653,206,5,0,success
2,22,86,22182,615.0,215.0,653,206,5,0,success
2,22,87,22198,620.0,215.0,653,206,5,0,success
2,22,88,22214,625.0,215.0,653,206,5,0,success
2,22,89,22231,630.0,215.0,653,206,5,0,success
2,22,90,22247,635.0,215.0,653,206,0,0,success
2,22,91,22263,635.0,215.0,653,206,0,0,success
2,22,92,22279,635.0,215.0,653,206,0,0,success
2,22,93,22296,635.0,215.0,653,206,0,0,success
2,22,94,22312,635.0,215.0,653,206,0,0,success
2,22,95,22328,635.0,215.0,653,206,0,0,success
2,22,96,22344,635.0,215.0,653,206,0,0,success
2,22,97,22361,635.0,215.0,653,206,0,0,success
2,22,98,22376,635.0,215.0,653,206,0,0,success
2,22,99,22393,635.0,215.0,653,206,0,0,success
2,22,100,22409,635.0,215.0,653,206,0,0,success
2,22,101,22425,635.0,215.0,653,206,0,0,success
2,22,102,22441,635.0,215.0,653,206,0,0,success
2,22,103,22457,635.0,215.0,653,206,0,0,success
2,22,104,22474,635.0,215.0,653,206,0,0,success
2,22,105,22489,635.0,215.0,653,206,0,0,success
2,22,106,22505,635.0,215.0,653,206,0,0,success
2,22,107,22521,635.0,215.0,653,206,0,0,success
2,22,108,22538,635.0,215.0,653,206,5,0,success
2,22,109,22554,640.0,215.0,653,206,5,0,success
2,22,110,22569,645.0,215.0,653,206,5,0,success
2,22,111,22585,650.0,215.0,653,206,5,0,success
2,23,0,23615,375.0,275.0,333,81,0,0,success
2,23,1,23631,375.0,275.0,333,81,0,0,success
2,23,2,23648,375.0,275.0,333,81,0,0,success
2,23,3,23664,375.0,275.0,333,81,0,0,success
2,23,4,23681,375.0,275.0,333,81,0,0,success
2,23,5,23696,375.0,275.0,333,81,0,0,success
2,23,6,23712,375.0,275.0,333,81,0,0,success
2,23,7,23728,375.0,275.0,333,81,0,0,success
2,23,8,23744,375.0,275.0,333,81,0,0,success
2,23,9,23760,375.0,275.0,333,81,0,0,success
2,23,10,23776,375.0,275.0,333,81,0,0,success
2,23,11,23792,375.0,275.0,333,81,0,0,success
2,23,12,23808,375.0,275.0,333,81,0,0,success
2,23,13,23824,375.0,275.0,333,81,0,0,success
2,23,14,23840,375.0,275.0,333,81,0,0,success
2,23,15,23857,375.0,275.0,333,81,0,0,success
2,23,16,23873,375.0,275.0,333,81,0,0,success
2,23,17,23889,375.0,275.0,333,81,0,0,success
2,23,18,23905,375.0,275.0,333,81,0,0,success
2,23,19,23921,375.0,275.0,333,81,0,0,success
2,23,20,23937,375.0,275.0,333,81,0,0,success
2,23,21,23953,375.0,275.0,333,81,0,0,success
2,23,22,23969,375.0,275.0,333,81,0,0,success
2,23,23,23986,375.0,275.0,333,81,0,0,success
2,23,24,24002,375.0,275.0,333,81,0,0,success
2,23,25,24019,375.0,275.0,333,81,0,0,success
2,23,26,24034,375.0,275.0,333,81,0,0,success
2,23,27,24050,375.0,275.0,333,81,0,0,success
2,23,28,24067,375.0,275.0,333,81,0,0,success
2,23,29,24083,375.0,275.0,333,81,0,0,success
2,23,30,24099,375.0,275.0,333,81,0,0,success
2,23,31,24114,375.0,275.0,333,81,0,0,success
2,23,32,24130,375.0,275.0,333,81,0,0,success
2,23,33,24146,375.0,275.0,333,81,0,0,success
2,23,34,24162,375.0,275.0,333,81,0,0,success
2,23,35,24178,375.0,275.0,333,81,0,-5,success
2,23,36,24194,375.0,270.0,333,81,0,-5,success
2,23,37,24210,375.0,265.0,333,81,0,-5,success
2,23,38,24226,375.0,260.0,333,81,0,-5,success
2,23,39,24242,375.0,255.0,333,81,0,-5,success
2,23,40,24258,375.0,250.0,333,81,0,-5,success
2,23,41,24274,375.0,245.0,333,81,0,-5,success
2,23,42,24290,375.0,240.0,333,81,0,-5,success
2,23,43,24306,375.0,235.0,333,81,0,-5,success
2,23,44,24322,375.0,230.0,333,81,0,-5,success
2,23,45,24338,375.0,225.0,333,81,0,-5,success
2,23,46,24354,375.0,220.0,333,81,0,-5,success
2,23,47,24370,375.0,215.0,333,81,0,-5,success
2,23,48,24386,375.0,210.0,333,81,0,-5,success
2,23,49,24403,375.0,205.0,333,81,0,-5,success
2,23,50,24419,375.0,200.0,333,81,0,-5,success
2,23,51,24435,375.0,195.0,333,81,0,-5,success
2,23,52,24451,375.0,190.0,333,81,-5,-5,success
2,23,53,24467,370.0,185.0,333,81,-5,-5,success
2,23,54,24483,365.0,180.0,333,81,-5,-5,success
2,23,55,24499,360.0,175.0,333,81,0,-5,success
2,23,56,24516,360.0,170.0,333,81,0,-5,success
2,23,57,24531,360.0,165.0,333,81,0,-5,success
2,23,58,24548,360.0,160.0,333,81,0,-5,success
2,23,59,24565,360.0,155.0,333,81,0,0,success
2,23,60,24581,360.0,155.0,333,81,0,0,success
2,23,61,24597,360.0,155.0,333,81,0,0,success
2,23,62,24614,360.0,155.0,333,81,0,0,success
2,23,63,24630,360.0,155.0,333,81,0,0,success
2,23,64,24646,360.0,155.0,333,81,0,0,success
2,23,65,24662,360.0,155.0,333,81,0,0,success
2,23,66,24678,360.0,155.0,333,81,0,0,success
2,23,67,24694,360.0,155.0,333,81,0,0,success
2,23,68,24710,360.0,155.0,333,81,0,0,success
2,23,69,24726,360.0,155.0,333,81,0,0,success
2,23,70,24743,360.0,155.0,333,81,0,0,success
2,23,71,24758,360.0,155.0,333,81,0,0,success
2,23,72,24774,360.0,155.0,333,81,0,0,success
2,23,73,24790,360.0,155.0,333,81,0,0,success
2,23,74,24806,360.0,155.0,333,81,-5,0,success
2,23,75,24822,355.0,155.0,333,81,-5,0,success
2,23,76,24838,350.0,155.0,333,81,-5,0,success
2,23,77,24854,345.0,155.0,333,81,-5,0,success
2,23,78,24871,340.0,155.0,333,81,-5,0,success
2,23,79,24887,335.0,155.0,333,81,0,0,success
2,23,80,24904,335.0,155.0,333,81,0,0,success
2,23,81,24919,335.0,155.0,333,81,0,0,success
2,23,82,24935,335.0,155.0,333,81,0,0,success
2,23,83,24952,335.0,155.0,333,81,0,0,success
2,23,84,24968,335.0,155.0,333,81,0,0,success
2,23,85,24984,335.0,155.0,333,81,0,0,success
2,23,86,25000,335.0,155.0,333,81,0,0,success
2,23,87,25016,335.0,155.0,333,81,0,0,success
2,23,88,25032,335.0,155.0,333,81,0,0,success
2,23,89,25048,335.0,155.0,333,81,0,0,success
2,23,90,25064,335.0,155.0,333,81,0,0,success
2,23,91,25080,335.0,155.0,333,81,0,0,success
2,23,92,25097,335.0,155.0,333,81,0,0,success
2,23,93,25112,335.0,155.0,333,81,0,0,success
2,23,94,25128,335.0,155.0,333,81,0,0,success
2,23,95,25144,335.0,155.0,333,81,0,0,success
2,23,96,25160,335.0,155.0,333,81,0,-5,success
2,23,97,25176,335.0,150.0,333,81,0,-5,success
2,23,98,25192,335.0,145.0,333,81,0,-5,success
2,23,99,25208,335.0,140.0,333,81,0,-5,success
2,23,100,25225,335.0,135.0,333,81,0,-5,success
2,23,101,25241,335.0,130.0,333,81,0,-5,success
2,23,102,25257,335.0,125.0,333,81,0,-5,success
2,23,103,25273,335.0,120.0,333,81,0,-5,success
2,23,104,25289,335.0,115.0,333,81,0,-5,success
2,23,105,25305,335.0,110.0,333,81,0,-5,success
2,23,106,25321,335.0,105.0,333,81,0,-5,success
2,24,0,26349,375.0,275.0,231,492,0,0,success
2,24,1,26365,375.0,275.0,231,492,0,0,success
2,24,2,26381,375.0,275.0,231,492,0,0,success
2,24,3,26398,375.0,275.0,231,492,0,0,success
2,24,4,26414,375.0,275.0,231,492,0,0,success
2,24,5,26430,375.0,275.0,231,492,0,0,success
2,24,6,26446,375.0,275.0,231,492,0,0,success
2,24,7,26462,375.0,275.0,231,492,0,0,success
2,24,8,26478,375.0,275.0,231,492,0,0,success
2,24,9,26495,375.0,275.0,231,492,0,0,success
2,24,10,26511,375.0,275.0,231,492,0,0,success
2,24,11,26527,375.0,275.0,231,492,0,0,success
2,24,12,26544,375.0,275.0,231,492,0,0,success
2,24,13,26560,375.0,275.0,231,492,0,0,success
2,24,14,26576,375.0,275.0,231,492,0,0,success
2,24,15,26592,375.0,275.0,231,492,0,0,success
2,24,16,26608,375.0,275.0,231,492,0,0,success
2,24,17,26624,375.0,275.0,231,492,0,0,success
2,24,18,26641,375.0,275.0,231,492,0,0,success
2,24,19,26656,375.0,275.0,231,492,0,0,success
2,24,20,26672,375.0,275.0,231,492,0,0,success
2,24,21,26688,375.0,275.0,231,492,0,0,success
2,24,22,26704,375.0,275.0,231,492,0,0,success
2,24,23,26720,375.0,275.0,231,492,0,0,success
2,24,24,26736,375.0,275.0,231,492,0,0,success
2,24,25,26752,375.0,275.0,231,492,0,0,success
2,24,26,26768,375.0,275.0,231,492,0,0,success
2,24,27,26784,375.0,275.0,231,492,0,0,success
2,24,28,26800,375.0,275.0,231,492,0,0,success
2,24,29,26817,375.0,275.0,231,492,0,0,success
2,24,30,26833,375.0,275.0,231,492,0,0,success
2,24,31,26848,375.0,275.0,231,492,0,0,success
2,24,32,26864,375.0,275.0,231,492,0,0,success
2,24,33,26880,375.0,275.0,231,492,0,0,success
2,24,34,26896,375.0,275.0,231,492,0,0,success
2,24,35,26912,375.0,275.0,231,492,0,0,success
2,24,36,26929,375.0,275.0,231,492,0,0,success
2,24,37,26945,375.0,275.0,231,492,0,0,success
2,24,38,26961,375.0,275.0,231,492,0,0,success
2,24,39,26977,375.0,275.0,231,492,0,5,success
2,24,40,26994,375.0,280.0,231,492,0,5,success
2,24,41,27008,375.0,285.0,231,492,0,5,success
2,24,42,27025,375.0,290.0,231,492,0,5,success
2,24,43,27041,375.0,295.0,231,492,0,5,success
2,24,44,27057,375.0,300.0,231,492,0,5,success
2,24,45,27073,375.0,305.0,231,492,0,5,success
2,24,46,27089,375.0,310.0,231,492,0,5,success
2,24,47,27105,375.0,315.0,231,492,0,5,success
2,24,48,27121,375.0,320.0,231,492,0,5,success
2,24,49,27137,375.0,325.0,231,492,0,5,success
2,24,50,27153,375.0,330.0,231,492,0,5,success
2,24,51,27169,375.0,335.0,231,492,0,5,success
2,24,52,27185,375.0,340.0,231,492,-5,5,success
2,24,53,27201,370.0,345.0,231,492,-5,5,success
2,24,54,27217,365.0,350.0,231,492,-5,5,success
2,24,55,27234,360.0,355.0,231,492,-5,5,success
2,24,56,27250,355.0,360.0,231,492,-5,5,success
2,24,57,27266,350.0,365.0,231,492,-5,5,success
2,24,58,27282,345.0,370.0,231,492,-5,5,success
2,24,59,27298,340.0,375.0,231,492,-5,5,success
2,24,60,27314,335.0,380.0,231,492,-5,5,success
2,24,61,27330,330.0,385.0,231,492,-5,5,success
2,24,62,27346,325.0,390.0,231,492,-5,5,success
2,24,63,27362,320.0,395.0,231,492,-5,5,success
2,24,64,27379,315.0,400.0,231,492,0,5,success
2,24,65,27396,315.0,405.0,231,492,0,5,success
2,24,66,27412,315.0,410.0,231,492,0,5,success
2,24,67,27428,315.0,415.0,231,492,0,5,success
2,24,68,27444,315.0,420.0,231,492,0,5,success
2,24,69,27460,315.0,425.0,231,492,0,5,success
2,24,70,27476,315.0,430.0,231,492,0,5,success
2,24,71,27492,315.0,435.0,231,492,0,5,success
2,24,72,27508,315.0,440.0,231,492,0,5,success
2,24,73,27524,315.0,445.0,231,492,0,5,success
2,24,74,27540,315.0,450.0,231,492,0,5,success
2,24,75,27557,315.0,455.0,231,492,0,5,success
2,24,76,27572,315.0,460.0,231,492,-5,5,success
2,24,77,27588,310.0,465.0,231,492,-5,5,success
2,24,78,27604,305.0,470.0,231,492,-5,5,success
2,24,79,27620,300.0,475.0,231,492,-5,5,success
2,24,80,27636,295.0,480.0,231,492,-5,5,success
2,24,81,27652,290.0,485.0,231,492,-5,5,success
2,24,82,27668,285.0,490.0,231,492,-5,5,success
2,24,83,27685,280.0,495.0,231,492,-5,5,success
2,24,84,27702,275.0,500.0,231,492,-5,5,success
2,24,85,27718,270.0,505.0,231,492,-5,0,success
2,24,86,27733,265.0,505.0,231,492,-5,0,success
2,24,87,27749,260.0,505.0,231,492,-5,0,success
2,24,88,27766,255.0,505.0,231,492,-5,0,success
2,25,0,28793,375.0,275.0,99,426,0,0,success
2,25,1,28809,375.0,275.0,99,426,0,0,success
2,25,2,28825,375.0,275.0,99,426,0,0,success
2,25,3,28842,375.0,275.0,99,426,0,0,success
2,25,4,28858,375.0,275.0,99,426,0,0,success
2,25,5,28874,375.0,275.0,99,426,0,0,success
2,25,6,28890,375.0,275.0,99,426,0,0,success
2,25,7,28907,375.0,275.0,99,426,0,0,success
2,25,8,28922,375.0,275.0,99,426,0,0,success
2,25,9,28938,375.0,275.0,99,426,0,0,success
2,25,10,28954,375.0,275.0,99,426,0,0,success
2,25,11,28970,375.0,275.0,99,426,0,0,success
2,25,12,28986,375.0,275.0,99,426,0,0,success
2,25,13,29001,375.0,275.0,99,426,0,0,success
2,25,14,29017,375.0,275.0,99,426,0,0,success
2,25,15,29033,375.0,275.0,99,426,0,0,success
2,25,16,29049,375.0,275.0,99,426,0,0,success
2,25,17,29065,375.0,275.0,99,426,0,0,success
2,25,18,29081,375.0,275.0,99,426,0,0,success
2,25,19,29097,375.0,275.0,99,426,0,0,success
2,25,20,29113,375.0,275.0,99,426,0,0,success
2,25,21,29129,375.0,275.0,99,426,0,0,success
2,25,22,29145,375.0,275.0,99,426,0,0,success
2,25,23,29162,375.0,275.0,99,426,0,0,success
2,25,24,29177,375.0,275.0,99,426,0,0,success
2,25,25,29193,375.0,275.0,99,426,0,0,success
2,25,26,29209,375.0,275.0,99,426,0,0,success
2,25,27,29226,375.0,275.0,99,426,0,0,success
2,25,28,29242,375.0,275.0,99,426,0,0,success
2,25,29,29258,375.0,275.0,99,426,0,0,success
2,25,30,29275,375.0,275.0,99,426,0,0,success
2,25,31,29290,375.0,275.0,99,426,0,0,success
2,25,32,29306,375.0,275.0,99,426,-5,0,success
2,25,33,29322,370.0,275.0,99,426,-5,0,success
2,25,34,29338,365.0,275.0,99,426,-5,0,success
2,25,35,29354,360.0,275.0,99,426,-5,0,success
2,25,36,29370,355.0,275.0,99,426,-5,0,success
2,25,37,29387,350.0,275.0,99,426,-5,0,success
2,25,38,29403,345.0,275.0,99,426,-5,0,success
2,25,39,29419,340.0,275.0,99,426,-5,0,success
2,25,40,29435,335.0,275.0,99,426,-5,0,success
2,25,41,29451,330.0,275.0,99,426,-5,0,success
2,25,42,29467,325.0,275.0,99,426,-5,0,success
2,25,43,29483,320.0,275.0,99,426,-5,0,success
2,25,44,29499,315.0,275.0,99,426,-5,0,success
2,25,45,29516,310.0,275.0,99,426,-5,0,success
2,25,46,29532,305.0,275.0,99,426,-5,0,success
2,25,47,29548,300.0,275.0,99,426,-5,0,success
2,25,48,29564,295.0,275.0,99,426,-5,0,success
2,25,49,29580,290.0,275.0,99,426,-5,0,success
2,25,50,29596,285.0,275.0,99,426,-5,0,success
2,25,51,29612,280.0,275.0,99,426,-5,0,success
2,25,52,29629,275.0,275.0,99,426,-5,0,success
2,25,53,29644,270.0,275.0,99,426,-5,0,success
2,25,54,29660,265.0,275.0,99,426,-5,0,success
2,25,55,29676,260.0,275.0,99,426,-5,5,success
2,25,56,29693,255.0,280.0,99,426,-5,5,success
2,25,57,29709,250.0,285.0,99,426,-5,5,success
2,25,58,29725,245.0,290.0,99,426,-5,5,success
2,25,59,29741,240.0,295.0,99,426,-5,5,success
2,25,60,29757,235.0,300.0,99,426,-5,5,success
2,25,61,29774,230.0,305.0,99,426,-5,5,success
2,25,62,29789,225.0,310.0,99,426,-5,5,success
2,25,63,29805,220.0,315.0,99,426,-5,5,success
2,25,64,29821,215.0,320.0,99,426,-5,5,success
2,25,65,29837,210.0,325.0,99,426,-5,5,success
2,25,66,29853,205.0,330.0,99,426,-5,5,success
2,25,67,29869,200.0,335.0,99,426,-5,5,success
2,25,68,29885,195.0,340.0,99,426,-5,5,success
2,25,69,29901,190.0,345.0,99,426,-5,5,success
2,25,70,29917,185.0,350.0,99,426,-5,5,success
2,25,71,29934,180.0,355.0,99,426,-5,5,success
2,25,72,29950,175.0,360.0,99,426,-5,5,success
2,25,73,29966,170.0,365.0,99,426,-5,5,success
2,25,74,29982,165.0,370.0,99,426,-5,5,success
2,25,75,29998,160.0,375.0,99,426,-5,5,success
2,25,76,30013,155.0,380.0,99,426,-5,5,success
2,25,77,30029,150.0,385.0,99,426,-5,5,success
2,25,78,30045,145.0,390.0,99,426,-5,5,success
2,25,79,30061,140.0,395.0,99,426,-5,5,success
2,25,80,30078,135.0,400.0,99,426,-5,5,success
2,25,81,30093,130.0,405.0,99,426,-5,5,success
2,25,82,30109,125.0,410.0,99,426,-5,5,success
2,25,83,30126,120.0,415.0,99,426,-5,5,success
2,25,84,30141,115.0,420.0,99,426,0,5,success
2,25,85,30157,115.0,425.0,99,426,0,5,success
2,26,0,31184,375.0,275.0,617,232,0,0,success
2,26,1,31200,375.0,275.0,617,232,0,0,success
2,26,2,31217,375.0,275.0,617,232,0,0,success
2,26,3,31232,375.0,275.0,617,232,0,0,success
2,26,4,31248,375.0,275.0,617,232,0,0,success
2,26,5,31264,375.0,275.0,617,232,0,0,success
2,26,6,31280,375.0,275.0,617,232,0,0,success
2,26,7,31296,375.0,275.0,617,232,0,0,success
2,26,8,31313,375.0,275.0,617,232,0,0,success
2,26,9,31329,375.0,275.0,617,232,0,0,success
2,26,10,31344,375.0,275.0,617,232,0,0,success
2,26,11,31360,375.0,275.0,617,232,0,0,success
2,26,12,31377,375.0,275.0,617,232,0,0,success
2,26,13,31394,375.0,275.0,617,232,0,0,success
2,26,14,31411,375.0,275.0,617,232,0,0,success
2,26,15,31426,375.0,275.0,617,232,0,0,success
2,26,16,31442,375.0,275.0,617,232,0,0,success
2,26,17,31458,375.0,275.0,617,232,0,0,success
2,26,18,31474,375.0,275.0,617,232,0,0,success
2,26,19,31490,375.0,275.0,617,232,0,0,success
2,26,20,31506,375.0,275.0,617,232,0,0,success
2,26,21,31522,375.0,275.0,617,232,0,0,success
2,26,22,31538,375.0,275.0,617,232,0,0,success
2,26,23,31554,375.0,275.0,617,232,0,0,success
2,26,24,31570,375.0,275.0,617,232,0,0,success
2,26,25,31586,375.0,275.0,617,232,0,0,success
2,26,26,31602,375.0,275.0,617,232,0,0,success
2,26,27,31618,375.0,275.0,617,232,0,0,success
2,26,28,31635,375.0,275.0,617,232,0,0,success
2,26,29,31650,375.0,275.0,617,232,0,0,success
2,26,30,31666,375.0,275.0,617,232,0,0,success
2,26,31,31682,375.0,275.0,617,232,0,0,success
2,26,32,31698,375.0,275.0,617,232,5,0,success
2,26,33,31714,380.0,275.0,617,232,5,0,success
2,26,34,31730,385.0,275.0,617,232,5,0,success
2,26,35,31746,390.0,275.0,617,232,5,0,success
2,26,36,31762,395.0,275.0,617,232,5,0,success
2,26,37,31778,400.0,275.0,617,232,5,0,success
2,26,38,31795,405.0,275.0,617,232,5,0,success
2,26,39,31810,410.0,275.0,617,232,5,0,success
2,26,40,31826,415.0,275.0,617,232,5,0,success
2,26,41,31842,420.0,275.0,617,232,5,0,success
2,26,42,31859,425.0,275.0,617,232,5,0,success
2,26,43,31874,430.0,275.0,617,232,5,0,success
2,26,44,31890,435.0,275.0,617,232,5,0,success
2,26,45,31906,440.0,275.0,617,232,5,0,success
2,26,46,31922,445.0,275.0,617,232,5,0,success
2,26,47,31938,450.0,275.0,617,232,5,0,success
2,26,48,31954,455.0,275.0,617,232,5,0,success
2,26,49,31971,460.0,275.0,617,232,5,0,success
2,26,50,31988,465.0,275.0,617,232,5,0,success
2,26,51,32002,470.0,275.0,617,232,5,0,success
2,26,52,32018,475.0,275.0,617,232,5,0,success
2,26,53,32034,480.0,275.0,617,232,5,0,success
2,26,54,32050,485.0,275.0,617,232,5,0,success
2,26,55,32066,490.0,275.0,617,232,5,0,success
2,26,56,32082,495.0,275.0,617,232,5,0,success
2,26,57,32098,500.0,275.0,617,232,5,0,success
2,26,58,32114,505.0,275.0,617,232,5,0,success
2,26,59,32130,510.0,275.0,617,232,5,0,success
2,26,60,32146,515.0,275.0,617,232,5,0,success
2,26,61,32162,520.0,275.0,617,232,5,0,success
2,26,62,32178,525.0,275.0,617,232,5,0,success
2,26,63,32194,530.0,275.0,617,232,5,0,success
2,26,64,32210,535.0,275.0,617,232,5,0,success
2,26,65,32226,540.0,275.0,617,232,5,0,success
2,26,66,32242,545.0,275.0,617,232,5,0,success
2,26,67,32258,550.0,275.0,617,232,5,0,success
2,26,68,32274,555.0,275.0,617,232,5,0,success
2,26,69,32290,560.0,275.0,617,232,5,0,success
2,26,70,32306,565.0,275.0,617,232,5,0,success
2,26,71,32322,570.0,275.0,617,232,5,0,success
2,26,72,32339,575.0,275.0,617,232,5,0,success
2,26,73,32355,580.0,275.0,617,232,5,0,success
2,26,74,32372,585.0,275.0,617,232,5,0,success
2,26,75,32387,590.0,275.0,617,232,5,-5,success
2,26,76,32403,595.0,270.0,617,232,5,-5,success
2,26,77,32419,600.0,265.0,617,232,5,-5,success
2,26,78,32435,605.0,260.0,617,232,5,-5,success
2,26,79,32451,610.0,255.0,617,232,0,-5,success
2,26,80,32467,610.0,250.0,617,232,0,-5,success
2,26,81,32483,610.0,245.0,617,232,0,-5,success
2,26,82,32500,610.0,240.0,617,232,0,0,success
2,26,83,32516,610.0,240.0,617,232,0,0,success
2,26,84,32532,610.0,240.0,617,232,0,0,success
2,26,85,32548,610.0,240.0,617,232,0,0,success
2,26,86,32564,610.0,240.0,617,232,0,0,success
2,26,87,32580,610.0,240.0,617,232,0,0,success
2,26,88,32596,610.0,240.0,617,232,0,0,success
2,26,89,32612,610.0,240.0,617,232,0,0,success
2,26,90,32629,610.0,240.0,617,232,0,0,success
2,26,91,32644,610.0,240.0,617,232,0,0,success
2,26,92,32661,610.0,240.0,617,232,0,0,success
2,26,93,32677,610.0,240.0,617,232,0,0,success
2,26,94,32693,610.0,240.0,617,232,0,0,success
2,26,95,32710,610.0,240.0,617,232,0,0,success
2,26,96,32725,610.0,240.0,617,232,0,0,success
2,26,97,32741,610.0,240.0,617,232,0,0,success
2,26,98,32757,610.0,240.0,617,232,0,0,success
2,26,99,32773,610.0,240.0,617,232,0,0,success
2,26,100,32789,610.0,240.0,617,232,0,0,success
2,26,101,32805,610.0,240.0,617,232,0,0,success
2,26,102,32821,610.0,240.0,617,232,0,0,success
2,26,103,32837,610.0,240.0,617,232,0,0,success
2,26,104,32854,610.0,240.0,617,232,5,0,success
2,26,105,32869,615.0,240.0,617,232,5,0,success
2,27,0,33896,375.0,275.0,415,463,0,0,success
2,27,1,33913,375.0,275.0,415,463,0,0,success
2,27,2,33928,375.0,275.0,415,463,0,0,success
2,27,3,33945,375.0,275.0,415,463,0,0,success
2,27,4,33960,375.0,275.0,415,463,0,0,success
2,27,5,33976,375.0,275.0,415,463,0,0,success
2,27,6,33992,375.0,275.0,415,463,0,0,success
2,27,7,34007,375.0,275.0,415,463,0,0,success
2,27,8,34023,375.0,275.0,415,463,0,0,success
2,27,9,34039,375.0,275.0,415,463,0,0,success
2,27,10,34055,375.0,275.0,415,463,0,0,success
2,27,11,34072,375.0,275.0,415,463,0,0,success
2,27,12,34088,375.0,275.0,415,463,0,0,success
2,27,13,34104,375.0,275.0,415,463,0,0,success
2,27,14,34121,375.0,275.0,415,463,0,0,success
2,27,15,34137,375.0,275.0,415,463,0,0,success
2,27,16,34153,375.0,275.0,415,463,0,0,success
2,27,17,34169,375.0,275.0,415,463,0,0,success
2,27,18,34186,375.0,275.0,415,463,0,0,success
2,27,19,34201,375.0,275.0,415,463,0,0,success
2,27,20,34217,375.0,275.0,415,463,0,0,success
2,27,21,34233,375.0,275.0,415,463,0,0,success
2,27,22,34249,375.0,275.0,415,463,0,0,success
2,27,23,34265,375.0,275.0,415,463,0,0,success
2,27,24,34282,375.0,275.0,415,463,0,0,success
2,27,25,34298,375.0,275.0,415,463,0,0,success
2,27,26,34314,375.0,275.0,415,463,0,0,success
2,27,27,34331,375.0,275.0,415,463,0,0,success
2,27,28,34346,375.0,275.0,415,463,0,0,success
2,27,29,34362,375.0,275.0,415,463,0,0,success
2,27,30,34378,375.0,275.0,415,463,0,0,success
2,27,31,34395,375.0,275.0,415,463,0,0,success
2,27,32,34411,375.0,275.0,415,463,0,0,success
2,27,33,34427,375.0,275.0,415,463,0,0,success
2,27,34,34443,375.0,275.0,415,463,0,0,success
2,27,35,34459,375.0,275.0,415,463,0,0,success
2,27,36,34475,375.0,275.0,415,463,0,0,success
2,27,37,34492,375.0,275.0,415,463,5,0,success
2,27,38,34508,380.0,275.0,415,463,5,0,success
2,27,39,34524,385.0,275.0,415,463,5,0,success
2,27,40,34540,390.0,275.0,415,463,5,0,success
2,27,41,34556,395.0,275.0,415,463,5,0,success
2,27,42,34572,400.0,275.0,415,463,5,0,success
2,27,43,34588,405.0,275.0,415,463,5,0,success
2,27,44,34604,410.0,275.0,415,463,5,0,success
2,27,45,34620,415.0,275.0,415,463,5,0,success
2,27,46,34636,420.0,275.0,415,463,5,0,success
2,27,47,34652,425.0,275.0,415,463,5,0,success
2,27,48,34668,430.0,275.0,415,463,5,5,success
2,27,49,34685,435.0,280.0,415,463,5,5,success
2,27,50,34701,440.0,285.0,415,463,5,5,success
2,27,51,34717,445.0,290.0,415,463,5,5,success
2,27,52,34733,450.0,295.0,415,463,0,5,success
2,27,53,34750,450.0,300.0,415,463,0,5,success
2,27,54,34765,450.0,305.0,415,463,0,5,success
2,27,55,34781,450.0,310.0,415,463,0,5,success
2,27,56,34797,450.0,315.0,415,463,0,5,success
2,27,57,34813,450.0,320.0,415,463,0,5,success
2,27,58,34829,450.0,325.0,415,463,0,5,success
2,27,59,34845,450.0,330.0,415,463,0,5,success
2,27,60,34861,450.0,335.0,415,463,0,5,success
2,27,61,34877,450.0,340.0,415,463,0,5,success
2,27,62,34894,450.0,345.0,415,463,0,5,success
2,27,63,34909,450.0,350.0,415,463,0,5,success
2,27,64,34925,450.0,355.0,415,463,0,5,success
2,27,65,34941,450.0,360.0,415,463,0,5,success
2,27,66,34957,450.0,365.0,415,463,0,5,success
2,27,67,34973,450.0,370.0,415,463,0,5,success
2,27,68,34990,450.0,375.0,415,463,0,5,success
2,27,69,35004,450.0,380.0,415,463,0,5,success
2,27,70,35020,450.0,385.0,415,463,0,5,success
2,27,71,35036,450.0,390.0,415,463,0,5,success
2,27,72,35052,450.0,395.0,415,463,0,5,success
2,27,73,35068,450.0,400.0,415,463,0,5,success
2,27,74,35084,450.0,405.0,415,463,0,0,success
2,27,75,35100,450.0,405.0,415,463,-5,0,success
2,27,76,35116,445.0,405.0,415,463,-5,0,success
2,27,77,35132,440.0,405.0,415,463,-5,0,success
2,27,78,35148,435.0,405.0,415,463,-5,0,success
2,27,79,35164,430.0,405.0,415,463,-5,0,success
2,27,80,35180,425.0,405.0,415,463,0,0,success
2,27,81,35197,425.0,405.0,415,463,0,0,success
2,27,82,35212,425.0,405.0,415,463,0,0,success
2,27,83,35228,425.0,405.0,415,463,0,0,success
2,27,84,35245,425.0,405.0,415,463,0,0,success
2,27,85,35260,425.0,405.0,415,463,0,0,success
2,27,86,35277,425.0,405.0,415,463,0,0,success
2,27,87,35293,425.0,405.0,415,463,0,0,success
2,27,88,35309,425.0,405.0,415,463,0,0,success
2,27,89,35325,425.0,405.0,415,463,0,0,success
2,27,90,35341,425.0,405.0,415,463,0,0,success
2,27,91,35357,425.0,405.0,415,463,0,0,success
2,27,92,35373,425.0,405.0,415,463,0,0,success
2,27,93,35389,425.0,405.0,415,463,0,0,success
2,27,94,35405,425.0,405.0,415,463,0,0,success
2,27,95,35421,425.0,405.0,415,463,0,0,success
2,27,96,35437,425.0,405.0,415,463,0,0,success
2,27,97,35453,425.0,405.0,415,463,0,5,success
2,27,98,35469,425.0,410.0,415,463,0,5,success
2,27,99,35485,425.0,415.0,415,463,0,5,success
2,27,100,35501,425.0,420.0,415,463,0,5,success
2,27,101,35518,425.0,425.0,415,463,0,5,success
2,27,102,35534,425.0,430.0,415,463,0,5,success
2,27,103,35550,425.0,435.0,415,463,0,5,success
2,27,104,35566,425.0,440.0,415,463,0,5,success
2,27,105,35582,425.0,445.0,415,463,0,5,success
2,27,106,35598,425.0,450.0,415,463,0,5,success
2,27,107,35614,425.0,455.0,415,463,0,5,success
2,27,108,35630,425.0,460.0,415,463,0,5,success
2,28,0,36659,375.0,275.0,618,371,0,0,success
2,28,1,36674,375.0,275.0,618,371,0,0,success
2,28,2,36690,375.0,275.0,618,371,0,0,success
2,28,3,36706,375.0,275.0,618,371,0,0,success
2,28,4,36970,375.0,275.0,618,371,0,0,success
2,28,5,36986,375.0,275.0,618,371,0,0,success
2,28,6,37001,375.0,275.0,618,371,0,0,success
2,28,7,37017,375.0,275.0,618,371,0,0,success
2,28,8,37033,375.0,275.0,618,371,0,0,success
2,28,9,37049,375.0,275.0,618,371,0,0,success
2,28,10,37066,375.0,275.0,618,371,0,0,success
2,28,11,37081,375.0,275.0,618,371,0,0,success
2,28,12,37097,375.0,275.0,618,371,0,0,success
2,28,13,37113,375.0,275.0,618,371,0,0,success
2,28,14,37129,375.0,275.0,618,371,0,0,success
2,28,15,37146,375.0,275.0,618,371,0,0,success
2,28,16,37161,375.0,275.0,618,371,0,0,success
2,28,17,37177,375.0,275.0,618,371,0,0,success
2,28,18,37193,375.0,275.0,618,371,0,0,success
2,28,19,37209,375.0,275.0,618,371,0,0,success
2,28,20,37225,375.0,275.0,618,371,5,0,success
2,28,21,37241,380.0,275.0,618,371,5,0,success
2,28,22,37257,385.0,275.0,618,371,5,0,success
2,28,23,37273,390.0,275.0,618,371,5,0,success
2,28,24,37290,395.0,275.0,618,371,5,0,success
2,28,25,37305,400.0,275.0,618,371,5,0,success
2,28,26,37321,405.0,275.0,618,371,5,0,success
2,28,27,37337,410.0,275.0,618,371,5,0,success
2,28,28,37353,415.0,275.0,618,371,5,0,success
2,28,29,37369,420.0,275.0,618,371,5,0,success
2,28,30,37385,425.0,275.0,618,371,5,0,success
2,28,31,37402,430.0,275.0,618,371,5,0,success
2,28,32,37418,435.0,275.0,618,371,5,0,success
2,28,33,37434,440.0,275.0,618,371,5,5,success
2,28,34,37451,445.0,280.0,618,371,5,5,success
2,28,35,37466,450.0,285.0,618,371,5,5,success
2,28,36,37482,455.0,290.0,618,371,5,5,success
2,28,37,37498,460.0,295.0,618,371,5,5,success
2,28,38,37514,465.0,300.0,618,371,5,5,success
2,28,39,37530,470.0,305.0,618,371,5,5,success
2,28,40,37546,475.0,310.0,618,371,5,5,success
2,28,41,37563,480.0,315.0,618,371,5,5,success
2,28,42,37579,485.0,320.0,618,371,5,5,success
2,28,43,37594,490.0,325.0,618,371,5,5,success
2,28,44,37610,495.0,330.0,618,371,5,5,success
2,28,45,37626,500.0,335.0,618,371,5,5,success
2,28,46,37642,505.0,340.0,618,371,5,5,success
2,28,47,37658,510.0,345.0,618,371,5,0,success
2,28,48,37675,515.0,345.0,618,371,5,0,success
2,28,49,37691,520.0,345.0,618,371,5,0,success
2,28,50,37708,525.0,345.0,618,371,5,0,success
2,28,51,37724,530.0,345.0,618,371,5,0,success
2,28,52,37740,535.0,345.0,618,371,5,0,success
2,28,53,37756,540.0,345.0,618,371,5,0,success
2,28,54,37771,545.0,345.0,618,371,5,0,success
2,28,55,37787,550.0,345.0,618,371,5,0,success
2,28,56,37803,555.0,345.0,618,371,5,0,success
2,28,57,37820,560.0,345.0,618,371,5,0,success
2,28,58,37836,565.0,345.0,618,371,5,0,success
2,28,59,37852,570.0,345.0,618,371,5,5,success
2,28,60,37868,575.0,350.0,618,371,5,5,success
2,28,61,37884,580.0,355.0,618,371,5,5,success
2,28,62,37901,585.0,360.0,618,371,5,5,success
2,28,63,37918,590.0,365.0,618,371,5,5,success
2,28,64,37934,595.0,370.0,618,371,5,5,success
2,28,65,37949,600.0,375.0,618,371,5,5,success
2,28,66,37965,605.0,380.0,618,371,5,5,success
2,28,67,37982,610.0,385.0,618,371,5,0,success
2,28,68,37997,615.0,385.0,618,371,5,0,success
2,29,0,39025,375.0,275.0,99,490,0,0,success
2,29,1,39042,375.0,275.0,99,490,0,0,success
2,29,2,39057,375.0,275.0,99,490,0,0,success
2,29,3,39073,375.0,275.0,99,490,0,0,success
2,29,4,39090,375.0,275.0,99,490,0,0,success
2,29,5,39106,375.0,275.0,99,490,0,0,success
2,29,6,39122,375.0,275.0,99,490,0,0,success
2,29,7,39138,375.0,275.0,99,490,0,0,success
2,29,8,39154,375.0,275.0,99,490,0,0,success
2,29,9,39170,375.0,275.0,99,490,0,0,success
2,29,10,39186,375.0,275.0,99,490,0,0,success
2,29,11,39202,375.0,275.0,99,490,0,0,success
2,29,12,39218,375.0,275.0,99,490,0,0,success
2,29,13,39234,375.0,275.0,99,490,0,0,success
2,29,14,39250,375.0,275.0,99,490,0,0,success
2,29,15,39267,375.0,275.0,99,490,0,0,success
2,29,16,39282,375.0,275.0,99,490,0,0,success
2,29,17,39299,375.0,275.0,99,490,0,0,success
2,29,18,39315,375.0,275.0,99,490,0,0,success
2,29,19,39331,375.0,275.0,99,490,0,0,success
2,29,20,39347,375.0,275.0,99,490,0,0,success
2,29,21,39363,375.0,275.0,99,490,0,0,success
2,29,22,39379,375.0,275.0,99,490,0,0,success
2,29,23,39397,375.0,275.0,99,490,0,0,success
2,29,24,39412,375.0,275.0,99,490,0,0,success
2,29,25,39428,375.0,275.0,99,490,0,0,success
2,29,26,39444,375.0,275.0,99,490,0,0,success
2,29,27,39460,375.0,275.0,99,490,0,0,success
2,29,28,39477,375.0,275.0,99,490,0,0,success
2,29,29,39493,375.0,275.0,99,490,0,0,success
2,29,30,39509,375.0,275.0,99,490,0,0,success
2,29,31,39525,375.0,275.0,99,490,0,0,success
2,29,32,39541,375.0,275.0,99,490,-5,0,success
2,29,33,39557,370.0,275.0,99,490,-5,0,success
2,29,34,39574,365.0,275.0,99,490,-5,0,success
2,29,35,39590,360.0,275.0,99,490,-5,0,success
2,29,36,39606,355.0,275.0,99,490,-5,0,success
2,29,37,39623,350.0,275.0,99,490,-5,0,success
2,29,38,39638,345.0,275.0,99,490,-5,0,success
2,29,39,39654,340.0,275.0,99,490,-5,0,success
2,29,40,39670,335.0,275.0,99,490,-5,0,success
2,29,41,39686,330.0,275.0,99,490,-5,0,success
2,29,42,39702,325.0,275.0,99,490,-5,0,success
2,29,43,39718,320.0,275.0,99,490,-5,0,success
2,29,44,39734,315.0,275.0,99,490,-5,0,success
2,29,45,39750,310.0,275.0,99,490,-5,0,success
2,29,46,39766,305.0,275.0,99,490,-5,0,success
2,29,47,39783,300.0,275.0,99,490,-5,0,success
2,29,48,39798,295.0,275.0,99,490,-5,0,success
2,29,49,39814,290.0,275.0,99,490,-5,0,success
2,29,50,39830,285.0,275.0,99,490,-5,0,success
2,29,51,39846,280.0,275.0,99,490,-5,0,success
2,29,52,39862,275.0,275.0,99,490,-5,0,success
2,29,53,39878,270.0,275.0,99,490,-5,0,success
2,29,54,39894,265.0,275.0,99,490,-5,5,success
2,29,55,39910,260.0,280.0,99,490,-5,5,success
2,29,56,39927,255.0,285.0,99,490,-5,5,success
2,29,57,39942,250.0,290.0,99,490,-5,5,success
2,29,58,39958,245.0,295.0,99,490,-5,5,success
2,29,59,39974,240.0,300.0,99,490,-5,5,success
2,29,60,39990,235.0,305.0,99,490,-5,5,success
2,29,61,40006,230.0,310.0,99,490,-5,5,success
2,29,62,40022,225.0,315.0,99,490,-5,5,success
2,29,63,40037,220.0,320.0,99,490,-5,5,success
2,29,64,40053,215.0,325.0,99,490,-5,5,success
2,29,65,40070,210.0,330.0,99,490,-5,5,success
2,29,66,40085,205.0,335.0,99,490,-5,5,success
2,29,67,40102,200.0,340.0,99,490,-5,5,success
2,29,68,40118,195.0,345.0,99,490,-5,5,success
2,29,69,40134,190.0,350.0,99,490,-5,5,success
2,29,70,40150,185.0,355.0,99,490,-5,5,success
2,29,71,40166,180.0,360.0,99,490,-5,5,success
2,29,72,40182,175.0,365.0,99,490,-5,5,success
2,29,73,40198,170.0,370.0,99,490,-5,5,success
2,29,74,40215,165.0,375.0,99,490,-5,5,success
2,29,75,40231,160.0,380.0,99,490,-5,5,success
2,29,76,40247,155.0,385.0,99,490,-5,5,success
2,29,77,40264,150.0,390.0,99,490,-5,5,success
2,29,78,40280,145.0,395.0,99,490,-5,5,success
2,29,79,40297,140.0,400.0,99,490,-5,5,success
2,29,80,40313,135.0,405.0,99,490,0,5,success
2,29,81,40328,135.0,410.0,99,490,0,5,success
2,29,82,40344,135.0,415.0,99,490,0,5,success
2,29,83,40360,135.0,420.0,99,490,0,5,success
2,29,84,40376,135.0,425.0,99,490,0,5,success
2,29,85,40393,135.0,430.0,99,490,0,5,success
2,29,86,40409,135.0,435.0,99,490,0,5,success
2,29,87,40425,135.0,440.0,99,490,0,5,success
2,29,88,40441,135.0,445.0,99,490,0,5,success
2,29,89,40457,135.0,450.0,99,490,0,5,success
2,29,90,40474,135.0,455.0,99,490,0,5,success
2,29,91,40489,135.0,460.0,99,490,0,5,success
2,29,92,40506,135.0,465.0,99,490,0,5,success
2,29,93,40521,135.0,470.0,99,490,0,5,success
2,29,94,40537,135.0,475.0,99,490,0,5,success
2,29,95,40553,135.0,480.0,99,490,0,5,success
2,29,96,40570,135.0,485.0,99,490,0,5,success
2,29,97,40586,135.0,490.0,99,490,0,0,success
2,29,98,40602,135.0,490.0,99,490,0,0,success
2,29,99,40618,135.0,490.0,99,490,0,0,success
2,29,100,40634,135.0,490.0,99,490,0,0,success
2,29,101,40650,135.0,490.0,99,490,0,0,success
2,29,102,40666,135.0,490.0,99,490,0,0,success
2,29,103,40682,135.0,490.0,99,490,0,0,success
2,29,104,40698,135.0,490.0,99,490,0,0,success
2,29,105,40714,135.0,490.0,99,490,-5,0,success
2,29,106,40730,130.0,490.0,99,490,-5,0,success
2,29,107,40747,125.0,490.0,99,490,0,0,success
2,29,108,40762,125.0,490.0,99,490,0,0,success
2,29,109,40778,125.0,490.0,99,490,0,0,success
2,29,110,40794,125.0,490.0,99,490,0,0,success
2,29,111,40810,125.0,490.0,99,490,0,0,success
2,29,112,40826,125.0,490.0,99,490,0,0,success
2,29,113,40842,125.0,490.0,99,490,0,0,success
2,29,114,40858,125.0,490.0,99,490,0,0,success
2,29,115,40875,125.0,490.0,99,490,0,0,success
2,29,116,40890,125.0,490.0,99,490,0,0,success
2,29,117,40906,125.0,490.0,99,490,0,0,success
2,29,118,40922,125.0,490.0,99,490,0,0,success
2,29,119,40938,125.0,490.0,99,490,0,0,success
2,29,120,40954,125.0,490.0,99,490,0,0,success
2,29,121,40970,125.0,490.0,99,490,0,0,success
2,29,122,40986,125.0,490.0,99,490,0,0,success
2,29,123,41001,125.0,490.0,99,490,0,0,success
2,29,124,41018,125.0,490.0,99,490,0,0,success
2,29,125,41034,125.0,490.0,99,490,0,0,success
2,29,126,41050,125.0,490.0,99,490,0,0,success
2,29,127,41066,125.0,490.0,99,490,0,0,success
2,29,128,41082,125.0,490.0,99,490,0,0,success
2,29,129,41098,125.0,490.0,99,490,0,0,success
2,29,130,41114,125.0,490.0,99,490,0,0,success
2,29,131,41130,125.0,490.0,99,490,0,0,success
2,29,132,41147,125.0,490.0,99,490,0,0,success
2,29,133,41163,125.0,490.0,99,490,-5,0,success
2,29,134,41179,120.0,490.0,99,490,-5,0,success
2,30,0,42207,375.0,275.0,87,440,0,0,success
2,30,1,42223,375.0,275.0,87,440,0,0,success
2,30,2,42240,375.0,275.0,87,440,0,0,success
2,30,3,42255,375.0,275.0,87,440,0,0,success
2,30,4,42271,375.0,275.0,87,440,0,0,success
2,30,5,42287,375.0,275.0,87,440,0,0,success
2,30,6,42303,375.0,275.0,87,440,0,0,success
2,30,7,42319,375.0,275.0,87,440,0,0,success
2,30,8,42335,375.0,275.0,87,440,0,0,success
2,30,9,42351,375.0,275.0,87,440,0,0,success
2,30,10,42367,375.0,275.0,87,440,0,0,success
2,30,11,42384,375.0,275.0,87,440,0,0,success
2,30,12,42400,375.0,275.0,87,440,0,0,success
2,30,13,42416,375.0,275.0,87,440,0,0,success
2,30,14,42433,375.0,275.0,87,440,0,0,success
2,30,15,42448,375.0,275.0,87,440,0,0,success
2,30,16,42465,375.0,275.0,87,440,0,0,success
2,30,17,42480,375.0,275.0,87,440,0,0,success
2,30,18,42497,375.0,275.0,87,440,0,0,success
2,30,19,42512,375.0,275.0,87,440,0,0,success
2,30,20,42529,375.0,275.0,87,440,0,0,success
2,30,21,42545,375.0,275.0,87,440,0,0,success
2,30,22,42562,375.0,275.0,87,440,0,0,success
2,30,23,42577,375.0,275.0,87,440,0,0,success
2,30,24,42594,375.0,275.0,87,440,0,0,success
2,30,25,42609,375.0,275.0,87,440,0,0,success
2,30,26,42625,375.0,275.0,87,440,0,0,success
2,30,27,42641,375.0,275.0,87,440,0,0,success
2,30,28,42657,375.0,275.0,87,440,0,0,success
2,30,29,42673,375.0,275.0,87,440,0,0,success
2,30,30,42689,375.0,275.0,87,440,0,0,success
2,30,31,42705,375.0,275.0,87,440,0,0,success
2,30,32,42722,375.0,275.0,87,440,0,0,success
2,30,33,42738,375.0,275.0,87,440,-5,0,success
2,30,34,42753,370.0,275.0,87,440,-5,0,success
2,30,35,42769,365.0,275.0,87,440,-5,0,success
2,30,36,42785,360.0,275.0,87,440,-5,0,success
2,30,37,42801,355.0,275.0,87,440,-5,0,success
2,30,38,42817,350.0,275.0,87,440,-5,0,success
2,30,39,42833,345.0,275.0,87,440,-5,0,success
2,30,40,42850,340.0,275.0,87,440,-5,0,success
2,30,41,42866,335.0,275.0,87,440,-5,0,success
2,30,42,42882,330.0,275.0,87,440,-5,0,success
2,30,43,42897,325.0,275.0,87,440,-5,0,success
2,30,44,42914,320.0,275.0,87,440,-5,0,success
2,30,45,42930,315.0,275.0,87,440,-5,0,success
2,30,46,42946,310.0,275.0,87,440,-5,0,success
2,30,47,42962,305.0,275.0,87,440,-5,0,success
2,30,48,42978,300.0,275.0,87,440,-5,5,success
2,30,49,42994,295.0,280.0,87,440,-5,5,success
2,30,50,43009,290.0,285.0,87,440,-5,5,success
2,30,51,43025,285.0,290.0,87,440,-5,5,success
2,30,52,43041,280.0,295.0,87,440,-5,5,success
2,30,53,43058,275.0,300.0,87,440,-5,5,success
2,30,54,43073,270.0,305.0,87,440,-5,5,success
2,30,55,43089,265.0,310.0,87,440,-5,5,success
2,30,56,43106,260.0,315.0,87,440,-5,5,success
2,30,57,43121,255.0,320.0,87,440,-5,5,success
2,30,58,43137,250.0,325.0,87,440,-5,5,success
2,30,59,43153,245.0,330.0,87,440,-5,5,success
2,30,60,43169,240.0,335.0,87,440,-5,5,success
2,30,61,43185,235.0,340.0,87,440,-5,5,success
2,30,62,43201,230.0,345.0,87,440,-5,5,success
2,30,63,43217,225.0,350.0,87,440,-5,5,success
2,30,64,43234,220.0,355.0,87,440,-5,5,success
2,30,65,43250,215.0,360.0,87,440,-5,5,success
2,30,66,43267,210.0,365.0,87,440,-5,5,success
2,30,67,43282,205.0,370.0,87,440,-5,5,success
2,30,68,43298,200.0,375.0,87,440,-5,5,success
2,30,69,43314,195.0,380.0,87,440,-5,5,success
2,30,70,43330,190.0,385.0,87,440,-5,5,success
2,30,71,43346,185.0,390.0,87,440,-5,5,success
2,30,72,43362,180.0,395.0,87,440,-5,5,success
2,30,73,43378,175.0,400.0,87,440,-5,5,success
2,30,74,43395,170.0,405.0,87,440,-5,5,success
2,30,75,43411,165.0,410.0,87,440,-5,5,success
2,30,76,43428,160.0,415.0,87,440,-5,5,success
2,30,77,43444,155.0,420.0,87,440,-5,5,success
2,30,78,43460,150.0,425.0,87,440,-5,5,success
2,30,79,43476,145.0,430.0,87,440,-5,5,success
2,30,80,43493,140.0,435.0,87,440,-5,5,success
2,30,81,43508,135.0,440.0,87,440,-5,5,success
2,30,82,43524,130.0,445.0,87,440,-5,5,success
2,30,83,43540,125.0,450.0,87,440,-5,5,success
2,30,84,43556,120.0,455.0,87,440,-5,5,success
2,30,85,43573,115.0,460.0,87,440,-5,5,success
2,30,86,43590,110.0,465.0,87,440,-5,0,success
2,30,87,43606,105.0,465.0,87,440,0,0,success
2,30,88,43622,105.0,465.0,87,440,0,0,success
2,30,89,43638,105.0,465.0,87,440,0,0,success
2,30,90,43654,105.0,465.0,87,440,0,0,success
2,30,91,43671,105.0,465.0,87,440,0,0,success
2,30,92,43686,105.0,465.0,87,440,0,0,success
2,30,93,43702,105.0,465.0,87,440,0,0,success
2,30,94,43718,105.0,465.0,87,440,0,0,success
2,30,95,43734,105.0,465.0,87,440,0,0,success
2,30,96,43750,105.0,465.0,87,440,0,0,success
2,30,97,43766,105.0,465.0,87,440,0,0,success
2,30,98,43782,105.0,465.0,87,440,0,0,success
2,30,99,43798,105.0,465.0,87,440,0,0,success
2,30,100,43814,105.0,465.0,87,440,0,0,success
2,30,101,43830,105.0,465.0,87,440,0,0,success
2,30,102,43846,105.0,465.0,87,440,0,0,success
2,30,103,43862,105.0,465.0,87,440,0,0,success
2,30,104,43878,105.0,465.0,87,440,0,0,success
2,30,105,43895,105.0,465.0,87,440,0,0,success
2,30,106,43910,105.0,465.0,87,440,0,0,success
2,30,107,43926,105.0,465.0,87,440,0,0,success
2,30,108,43942,105.0,465.0,87,440,0,-5,success
2,31,0,44971,375.0,275.0,77,117,0,0,success
2,31,1,44986,375.0,275.0,77,117,0,0,success
2,31,2,45001,375.0,275.0,77,117,0,0,success
2,31,3,45017,375.0,275.0,77,117,0,0,success
2,31,4,45033,375.0,275.0,77,117,0,0,success
2,31,5,45049,375.0,275.0,77,117,0,0,success
2,31,6,45065,375.0,275.0,77,117,0,0,success
2,31,7,45082,375.0,275.0,77,117,0,0,success
2,31,8,45098,375.0,275.0,77,117,0,0,success
2,31,9,45115,375.0,275.0,77,117,0,0,success
2,31,10,45131,375.0,275.0,77,117,0,0,success
2,31,11,45147,375.0,275.0,77,117,0,0,success
2,31,12,45164,375.0,275.0,77,117,0,0,success
2,31,13,45181,375.0,275.0,77,117,0,0,success
2,31,14,45196,375.0,275.0,77,117,0,0,success
2,31,15,45212,375.0,275.0,77,117,0,0,success
2,31,16,45228,375.0,275.0,77,117,0,0,success
2,31,17,45245,375.0,275.0,77,117,0,0,success
2,31,18,45260,375.0,275.0,77,117,0,0,success
2,31,19,45276,375.0,275.0,77,117,0,0,success
2,31,20,45292,375.0,275.0,77,117,0,0,success
2,31,21,45309,375.0,275.0,77,117,0,0,success
2,31,22,45324,375.0,275.0,77,117,0,0,success
2,31,23,45341,375.0,275.0,77,117,0,0,success
2,31,24,45357,375.0,275.0,77,117,0,0,success
2,31,25,45374,375.0,275.0,77,117,0,0,success
2,31,26,45390,375.0,275.0,77,117,0,0,success
2,31,27,45407,375.0,275.0,77,117,0,0,success
2,31,28,45422,375.0,275.0,77,117,-5,0,success
2,31,29,45438,370.0,275.0,77,117,-5,0,success
2,31,30,45454,365.0,275.0,77,117,-5,0,success
2,31,31,45470,360.0,275.0,77,117,-5,0,success
2,31,32,45486,355.0,275.0,77,117,-5,0,success
2,31,33,45502,350.0,275.0,77,117,-5,0,success
2,31,34,45518,345.0,275.0,77,117,-5,0,success
2,31,35,45534,340.0,275.0,77,117,-5,0,success
2,31,36,45551,335.0,275.0,77,117,-5,0,success
2,31,37,45568,330.0,275.0,77,117,-5,0,success
2,31,38,45584,325.0,275.0,77,117,-5,0,success
2,31,39,45600,320.0,275.0,77,117,-5,0,success
2,31,40,45616,315.0,275.0,77,117,-5,0,success
2,31,41,45632,310.0,275.0,77,117,-5,0,success
2,31,42,45648,305.0,275.0,77,117,-5,0,success
2,31,43,45664,300.0,275.0,77,117,-5,0,success
2,31,44,45680,295.0,275.0,77,117,-5,-5,success
2,31,45,45696,290.0,270.0,77,117,-5,-5,success
2,31,46,45712,285.0,265.0,77,117,-5,-5,success
2,31,47,45728,280.0,260.0,77,117,-5,-5,success
2,31,48,45744,275.0,255.0,77,117,-5,-5,success
2,31,49,45761,270.0,250.0,77,117,-5,-5,success
2,31,50,45777,265.0,245.0,77,117,-5,-5,success
2,31,51,45793,260.0,240.0,77,117,-5,-5,success
2,31,52,45810,255.0,235.0,77,117,-5,-5,success
2,31,53,45826,250.0,230.0,77,117,-5,0,success
2,31,54,45842,245.0,230.0,77,117,-5,0,success
2,31,55,45858,240.0,230.0,77,117,-5,0,success
2,31,56,45875,235.0,230.0,77,117,-5,0,success
2,31,57,45890,230.0,230.0,77,117,-5,0,success
2,31,58,45906,225.0,230.0,77,117,-5,0,success
2,31,59,45922,220.0,230.0,77,117,-5,0,success
2,31,60,45939,215.0,230.0,77,117,-5,0,success
2,31,61,45954,210.0,230.0,77,117,-5,0,success
2,31,62,45970,205.0,230.0,77,117,-5,0,success
2,31,63,45986,200.0,230.0,77,117,-5,0,success
2,31,64,46001,195.0,230.0,77,117,-5,0,success
2,31,65,46018,190.0,230.0,77,117,-5,0,success
2,31,66,46033,185.0,230.0,77,117,-5,0,success
2,31,67,46050,180.0,230.0,77,117,-5,0,success
2,31,68,46066,175.0,230.0,77,117,-5,0,success
2,31,69,46082,170.0,230.0,77,117,-5,-5,success
2,31,70,46097,165.0,225.0,77,117,-5,-5,success
2,31,71,46113,160.0,220.0,77,117,-5,-5,success
2,31,72,46129,155.0,215.0,77,117,-5,-5,success
2,31,73,46145,150.0,210.0,77,117,-5,-5,success
2,31,74,46161,145.0,205.0,77,117,-5,-5,success
2,31,75,46177,140.0,200.0,77,117,-5,-5,success
2,31,76,46193,135.0,195.0,77,117,-5,-5,success
2,31,77,46209,130.0,190.0,77,117,-5,-5,success
2,31,78,46226,125.0,185.0,77,117,-5,-5,success
2,31,79,46243,120.0,180.0,77,117,-5,-5,success
2,31,80,46259,115.0,175.0,77,117,-5,-5,success
2,31,81,46274,110.0,170.0,77,117,-5,-5,success
2,31,82,46290,105.0,165.0,77,117,-5,-5,success
2,31,83,46306,100.0,160.0,77,117,0,-5,success
2,31,84,46322,100.0,155.0,77,117,0,-5,success
2,31,85,46338,100.0,150.0,77,117,0,-5,success
2,31,86,46354,100.0,145.0,77,117,0,-5,success
2,31,87,46370,100.0,140.0,77,117,0,-5,success
2,31,88,46386,100.0,135.0,77,117,0,-5,success
2,31,89,46403,100.0,130.0,77,117,0,-5,success
2,31,90,46419,100.0,125.0,77,117,0,-5,success
2,31,91,46435,100.0,120.0,77,117,0,-5,success
2,31,92,46451,100.0,115.0,77,117,0,0,success
2,31,93,46467,100.0,115.0,77,117,0,0,success
2,31,94,46483,100.0,115.0,77,117,0,0,success
2,31,95,46499,100.0,115.0,77,117,0,0,success
2,31,96,46515,100.0,115.0,77,117,0,0,success
2,31,97,46532,100.0,115.0,77,117,0,0,success
2,31,98,46547,100.0,115.0,77,117,0,0,success
2,31,99,46563,100.0,115.0,77,117,0,0,success
2,31,100,46579,100.0,115.0,77,117,0,0,success
2,31,101,46595,100.0,115.0,77,117,0,0,success
2,31,102,46611,100.0,115.0,77,117,0,0,success
2,31,103,46627,100.0,115.0,77,117,0,0,success
2,31,104,46643,100.0,115.0,77,117,0,0,success
2,31,105,46659,100.0,115.0,77,117,0,0,success
2,31,106,46675,100.0,115.0,77,117,0,0,success
2,31,107,46692,100.0,115.0,77,117,0,0,success
2,31,108,46707,100.0,115.0,77,117,0,0,success
2,31,109,46723,100.0,115.0,77,117,0,0,success
2,31,110,46739,100.0,115.0,77,117,0,0,success
2,31,111,46755,100.0,115.0,77,117,0,0,success
2,31,112,46771,100.0,115.0,77,117,-5,0,success
2,31,113,46787,95.0,115.0,77,117,-5,0,success
2,31,114,46803,90.0,115.0,77,117,-5,0,success
2,31,115,46820,85.0,115.0,77,117,0,0,success
2,31,116,46835,85.0,115.0,77,117,0,0,success
2,31,117,46851,85.0,115.0,77,117,0,0,success
2,31,118,46867,85.0,115.0,77,117,0,0,success
2,31,119,46883,85.0,115.0,77,117,0,0,success
2,31,120,46900,85.0,115.0,77,117,0,0,success
2,31,121,46916,85.0,115.0,77,117,0,0,success
2,31,122,46933,85.0,115.0,77,117,0,0,success
2,31,123,46949,85.0,115.0,77,117,0,0,success
2,31,124,46965,85.0,115.0,77,117,0,0,success
2,31,125,46981,85.0,115.0,77,117,0,0,success
2,31,126,46997,85.0,115.0,77,117,0,5,success
2,32,0,48026,375.0,275.0,63,464,0,0,success
2,32,1,48043,375.0,275.0,63,464,0,0,success
2,32,2,48058,375.0,275.0,63,464,0,0,success
2,32,3,48074,375.0,275.0,63,464,0,0,success
2,32,4,48090,375.0,275.0,63,464,0,0,success
2,32,5,48106,375.0,275.0,63,464,0,0,success
2,32,6,48122,375.0,275.0,63,464,0,0,success
2,32,7,48139,375.0,275.0,63,464,0,0,success
2,32,8,48154,375.0,275.0,63,464,0,0,success
2,32,9,48170,375.0,275.0,63,464,0,0,success
2,32,10,48187,375.0,275.0,63,464,0,0,success
2,32,11,48202,375.0,275.0,63,464,0,0,success
2,32,12,48218,375.0,275.0,63,464,0,0,success
2,32,13,48234,375.0,275.0,63,464,0,0,success
2,32,14,48250,375.0,275.0,63,464,0,0,success
2,32,15,48266,375.0,275.0,63,464,0,0,success
2,32,16,48282,375.0,275.0,63,464,0,0,success
2,32,17,48298,375.0,275.0,63,464,0,0,success
2,32,18,48314,375.0,275.0,63,464,0,0,success
2,32,19,48330,375.0,275.0,63,464,0,0,success
2,32,20,48347,375.0,275.0,63,464,0,0,success
2,32,21,48363,375.0,275.0,63,464,0,0,success
2,32,22,48380,375.0,275.0,63,464,0,0,success
2,32,23,48398,375.0,275.0,63,464,0,0,success
2,32,24,48413,375.0,275.0,63,464,0,0,success
2,32,25,48429,375.0,275.0,63,464,0,0,success
2,32,26,48445,375.0,275.0,63,464,0,0,success
2,32,27,48462,375.0,275.0,63,464,0,0,success
2,32,28,48477,375.0,275.0,63,464,0,0,success
2,32,29,48493,375.0,275.0,63,464,0,0,success
2,32,30,48509,375.0,275.0,63,464,-5,0,success
2,32,31,48525,370.0,275.0,63,464,-5,0,success
2,32,32,48542,365.0,275.0,63,464,-5,0,success
2,32,33,48557,360.0,275.0,63,464,-5,0,success
2,32,34,48573,355.0,275.0,63,464,-5,0,success
2,32,35,48589,350.0,275.0,63,464,-5,0,success
2,32,36,48605,345.0,275.0,63,464,-5,0,success
2,32,37,48622,340.0,275.0,63,464,-5,0,success
2,32,38,48637,335.0,275.0,63,464,-5,0,success
2,32,39,48654,330.0,275.0,63,464,-5,0,success
2,32,40,48669,325.0,275.0,63,464,-5,0,success
2,32,41,48686,320.0,275.0,63,464,-5,0,success
2,32,42,48702,315.0,275.0,63,464,-5,0,success
2,32,43,48718,310.0,275.0,63,464,-5,0,success
2,32,44,48734,305.0,275.0,63,464,-5,0,success
2,32,45,48750,300.0,275.0,63,464,-5,0,success
2,32,46,48766,295.0,275.0,63,464,-5,0,success
2,32,47,48783,290.0,275.0,63,464,-5,0,success
2,32,48,48799,285.0,275.0,63,464,-5,0,success
2,32,49,48815,280.0,275.0,63,464,-5,0,success
2,32,50,48831,275.0,275.0,63,464,-5,5,success
2,32,51,48847,270.0,280.0,63,464,-5,5,success
2,32,52,48864,265.0,285.0,63,464,-5,5,success
2,32,53,48880,260.0,290.0,63,464,-5,5,success
2,32,54,48897,255.0,295.0,63,464,-5,5,success
2,32,55,48912,250.0,300.0,63,464,-5,5,success
2,32,56,48928,245.0,305.0,63,464,-5,5,success
2,32,57,48944,240.0,310.0,63,464,-5,5,success
2,32,58,48960,235.0,315.0,63,464,-5,5,success
2,32,59,48977,230.0,320.0,63,464,-5,5,success
2,32,60,48993,225.0,325.0,63,464,-5,5,success
2,32,61,49008,220.0,330.0,63,464,-5,5,success
2,32,62,49024,215.0,335.0,63,464,-5,5,success
2,32,63,49040,210.0,340.0,63,464,-5,5,success
2,32,64,49056,205.0,345.0,63,464,-5,5,success
2,32,65,49072,200.0,350.0,63,464,-5,5,success
2,32,66,49088,195.0,355.0,63,464,-5,5,success
2,32,67,49105,190.0,360.0,63,464,-5,5,success
2,32,68,49120,185.0,365.0,63,464,-5,5,success
2,32,69,49136,180.0,370.0,63,464,-5,5,success
2,32,70,49152,175.0,375.0,63,464,-5,5,success
2,32,71,49168,170.0,380.0,63,464,-5,5,success
2,32,72,49184,165.0,385.0,63,464,-5,5,success
2,32,73,49200,160.0,390.0,63,464,-5,5,success
2,32,74,49216,155.0,395.0,63,464,-5,5,success
2,32,75,49233,150.0,400.0,63,464,-5,5,success
2,32,76,49248,145.0,405.0,63,464,-5,5,success
2,32,77,49264,140.0,410.0,63,464,-5,5,success
2,32,78,49281,135.0,415.0,63,464,-5,5,success
2,32,79,49296,130.0,420.0,63,464,-5,5,success
2,32,80,49312,125.0,425.0,63,464,-5,5,success
2,32,81,49328,120.0,430.0,63,464,-5,5,success
2,32,82,49344,115.0,435.0,63,464,-5,5,success
2,32,83,49360,110.0,440.0,63,464,-5,5,success
2,32,84,49376,105.0,445.0,63,464,-5,5,success
2,32,85,49393,100.0,450.0,63,464,-5,5,success
2,32,86,49409,95.0,455.0,63,464,-5,5,success
2,32,87,49426,90.0,460.0,63,464,-5,5,success
2,32,88,49441,85.0,465.0,63,464,-5,0,success
2,33,0,50469,375.0,275.0,344,277,0,0,success
2,33,1,50484,375.0,275.0,344,277,0,0,success
2,33,2,50500,375.0,275.0,344,277,0,0,success
2,33,3,50516,375.0,275.0,344,277,0,0,success
2,33,4,50532,375.0,275.0,344,277,0,0,success
2,33,5,50548,375.0,275.0,344,277,0,0,success
2,33,6,50565,375.0,275.0,344,277,0,0,success
2,33,7,50580,375.0,275.0,344,277,0,0,success
2,33,8,50596,375.0,275.0,344,277,0,0,success
2,33,9,50612,375.0,275.0,344,277,0,0,success
2,33,10,50629,375.0,275.0,344,277,0,0,success
2,33,11,50644,375.0,275.0,344,277,0,0,success
2,33,12,50660,375.0,275.0,344,277,0,0,success
2,33,13,50676,375.0,275.0,344,277,0,0,success
2,33,14,50693,375.0,275.0,344,277,0,0,success
2,33,15,50709,375.0,275.0,344,277,0,0,success
2,33,16,50725,375.0,275.0,344,277,0,0,success
2,33,17,50742,375.0,275.0,344,277,0,0,success
2,33,18,50758,375.0,275.0,344,277,0,0,success
2,33,19,50774,375.0,275.0,344,277,0,0,success
2,33,20,50791,375.0,275.0,344,277,0,0,success
2,33,21,50806,375.0,275.0,344,277,0,0,success
2,33,22,50822,375.0,275.0,344,277,0,0,success
2,33,23,50838,375.0,275.0,344,277,0,0,success
2,33,24,50854,375.0,275.0,344,277,0,0,success
2,33,25,50870,375.0,275.0,344,277,0,0,success
2,33,26,50886,375.0,275.0,344,277,0,0,success
2,33,27,50902,375.0,275.0,344,277,0,0,success
2,33,28,50918,375.0,275.0,344,277,0,0,success
2,33,29,50934,375.0,275.0,344,277,0,0,success
2,33,30,50951,375.0,275.0,344,277,0,0,success
2,33,31,50967,375.0,275.0,344,277,0,0,success
2,33,32,50983,375.0,275.0,344,277,0,0,success
2,33,33,51000,375.0,275.0,344,277,0,0,success
2,33,34,51017,375.0,275.0,344,277,0,0,success
2,33,35,51032,375.0,275.0,344,277,0,0,success
2,33,36,51048,375.0,275.0,344,277,0,0,success
2,33,37,51064,375.0,275.0,344,277,0,0,success
2,33,38,51081,375.0,275.0,344,277,0,0,success
2,33,39,51096,375.0,275.0,344,277,0,0,success
2,33,40,51112,375.0,275.0,344,277,0,0,success
2,33,41,51128,375.0,275.0,344,277,0,0,success
2,33,42,51144,375.0,275.0,344,277,0,0,success
2,33,43,51160,375.0,275.0,344,277,0,0,success
2,33,44,51176,375.0,275.0,344,277,0,0,success
2,33,45,51193,375.0,275.0,344,277,0,0,success
2,33,46,51208,375.0,275.0,344,277,-5,0,success
2,33,47,51224,370.0,275.0,344,277,-5,0,success
2,33,48,51240,365.0,275.0,344,277,-5,0,success
2,33,49,51256,360.0,275.0,344,277,-5,0,success
2,33,50,51272,355.0,275.0,344,277,-5,0,success
2,33,51,51288,350.0,275.0,344,277,-5,0,success
2,33,52,51304,345.0,275.0,344,277,0,0,success
2,33,53,51321,345.0,275.0,344,277,0,0,success
2,33,54,51337,345.0,275.0,344,277,0,0,success
2,33,55,51353,345.0,275.0,344,277,0,0,success
2,33,56,51369,345.0,275.0,344,277,0,0,success
2,33,57,51385,345.0,275.0,344,277,0,0,success
2,33,58,51402,345.0,275.0,344,277,0,0,success
2,33,59,51418,345.0,275.0,344,277,0,0,success
2,33,60,51434,345.0,275.0,344,277,0,0,success
2,33,61,51451,345.0,275.0,344,277,0,0,success
2,33,62,51466,345.0,275.0,344,277,0,0,success
2,33,63,51482,345.0,275.0,344,277,0,0,success
2,33,64,51498,345.0,275.0,344,277,0,0,success
2,33,65,51515,345.0,275.0,344,277,0,5,success
2,34,0,52541,375.0,275.0,79,394,0,0,success
2,34,1,52557,375.0,275.0,79,394,0,0,success
2,34,2,52573,375.0,275.0,79,394,0,0,success
2,34,3,52590,375.0,275.0,79,394,0,0,success
2,34,4,52605,375.0,275.0,79,394,0,0,success
2,34,5,52621,375.0,275.0,79,394,0,0,success
2,34,6,52637,375.0,275.0,79,394,0,0,success
2,34,7,52654,375.0,275.0,79,394,0,0,success
2,34,8,52669,375.0,275.0,79,394,0,0,success
2,34,9,52685,375.0,275.0,79,394,0,0,success
2,34,10,52701,375.0,275.0,79,394,0,0,success
2,34,11,52717,375.0,275.0,79,394,0,0,success
2,34,12,52733,375.0,275.0,79,394,0,0,success
2,34,13,52749,375.0,275.0,79,394,0,0,success
2,34,14,52765,375.0,275.0,79,394,0,0,success
2,34,15,52782,375.0,275.0,79,394,0,0,success
2,34,16,52797,375.0,275.0,79,394,0,0,success
2,34,17,52813,375.0,275.0,79,394,0,0,success
2,34,18,52829,375.0,275.0,79,394,0,0,success
2,34,19,52846,375.0,275.0,79,394,0,0,success
2,34,20,52861,375.0,275.0,79,394,0,0,success
2,34,21,52878,375.0,275.0,79,394,0,0,success
2,34,22,52894,375.0,275.0,79,394,0,0,success
2,34,23,52910,375.0,275.0,79,394,0,0,success
2,34,24,52926,375.0,275.0,79,394,0,0,success
2,34,25,52942,375.0,275.0,79,394,0,0,success
2,34,26,52957,375.0,275.0,79,394,0,0,success
2,34,27,52973,375.0,275.0,79,394,0,0,success
2,34,28,52990,375.0,275.0,79,394,0,0,success
2,34,29,53005,375.0,275.0,79,394,0,0,success
2,34,30,53020,375.0,275.0,79,394,0,0,success
2,34,31,53036,375.0,275.0,79,394,0,0,success
2,34,32,53052,375.0,275.0,79,394,0,0,success
2,34,33,53068,375.0,275.0,79,394,0,0,success
2,34,34,53084,375.0,275.0,79,394,0,0,success
2,34,35,53100,375.0,275.0,79,394,-5,0,success
2,34,36,53116,370.0,275.0,79,394,-5,0,success
2,34,37,53132,365.0,275.0,79,394,-5,0,success
2,34,38,53148,360.0,275.0,79,394,-5,0,success
2,34,39,53164,355.0,275.0,79,394,-5,0,success
2,34,40,53181,350.0,275.0,79,394,-5,0,success
2,34,41,53198,345.0,275.0,79,394,-5,0,success
2,34,42,53214,340.0,275.0,79,394,-5,0,success
2,34,43,53231,335.0,275.0,79,394,-5,0,success
2,34,44,53246,330.0,275.0,79,394,-5,0,success
2,34,45,53262,325.0,275.0,79,394,-5,0,success
2,34,46,53278,320.0,275.0,79,394,-5,0,success
2,34,47,53295,315.0,275.0,79,394,-5,0,success
2,34,48,53312,310.0,275.0,79,394,-5,0,success
2,34,49,53327,305.0,275.0,79,394,-5,0,success
2,34,50,53343,300.0,275.0,79,394,-5,0,success
2,34,51,53359,295.0,275.0,79,394,-5,0,success
2,34,52,53375,290.0,275.0,79,394,-5,0,success
2,34,53,53393,285.0,275.0,79,394,-5,0,success
2,34,54,53407,280.0,275.0,79,394,-5,0,success
2,34,55,53423,275.0,275.0,79,394,-5,0,success
2,34,56,53439,270.0,275.0,79,394,-5,0,success
2,34,57,53456,265.0,275.0,79,394,-5,0,success
2,34,58,53472,260.0,275.0,79,394,-5,5,success
2,34,59,53488,255.0,280.0,79,394,-5,5,success
2,34,60,53505,250.0,285.0,79,394,-5,5,success
2,34,61,53521,245.0,290.0,79,394,-5,5,success
2,34,62,53538,240.0,295.0,79,394,-5,5,success
2,34,63,53554,235.0,300.0,79,394,-5,5,success
2,34,64,53571,230.0,305.0,79,394,-5,5,success
2,34,65,53587,225.0,310.0,79,394,-5,5,success
2,34,66,53603,220.0,315.0,79,394,-5,5,success
2,34,67,53619,215.0,320.0,79,394,-5,5,success
2,34,68,53636,210.0,325.0,79,394,-5,5,success
2,34,69,53651,205.0,330.0,79,394,-5,5,success
2,34,70,53668,200.0,335.0,79,394,-5,5,success
2,34,71,53683,195.0,340.0,79,394,-5,5,success
2,34,72,53699,190.0,345.0,79,394,-5,5,success
2,34,73,53715,185.0,350.0,79,394,-5,5,success
2,34,74,53731,180.0,355.0,79,394,-5,5,success
2,34,75,53747,175.0,360.0,79,394,-5,5,success
2,34,76,53763,170.0,365.0,79,394,-5,5,success
2,34,77,53779,165.0,370.0,79,394,-5,5,success
2,34,78,53795,160.0,375.0,79,394,-5,5,success
2,34,79,53811,155.0,380.0,79,394,-5,5,success
2,34,80,53827,150.0,385.0,79,394,-5,5,success
2,34,81,53843,145.0,390.0,79,394,-5,5,success
2,34,82,53859,140.0,395.0,79,394,-5,5,success
2,34,83,53875,135.0,400.0,79,394,-5,5,success
2,34,84,53892,130.0,405.0,79,394,-5,5,success
2,34,85,53907,125.0,410.0,79,394,-5,0,success
2,34,86,53923,120.0,410.0,79,394,-5,0,success
2,34,87,53940,115.0,410.0,79,394,-5,0,success
2,34,88,53955,110.0,410.0,79,394,-5,0,success
2,34,89,53971,105.0,410.0,79,394,-5,0,success
2,34,90,53987,100.0,410.0,79,394,-5,0,success
2,35,0,55012,375.0,275.0,298,205,0,0,success
2,35,1,55028,375.0,275.0,298,205,0,0,success
2,35,2,55045,375.0,275.0,298,205,0,0,success
2,35,3,55061,375.0,275.0,298,205,0,0,success
2,35,4,55078,375.0,275.0,298,205,0,0,success
2,35,5,55094,375.0,275.0,298,205,0,0,success
2,35,6,55110,375.0,275.0,298,205,0,0,success
2,35,7,55126,375.0,275.0,298,205,0,0,success
2,35,8,55142,375.0,275.0,298,205,0,0,success
2,35,9,55158,375.0,275.0,298,205,0,0,success
2,35,10,55175,375.0,275.0,298,205,0,0,success
2,35,11,55192,375.0,275.0,298,205,0,0,success
2,35,12,55208,375.0,275.0,298,205,0,0,success
2,35,13,55225,375.0,275.0,298,205,0,0,success
2,35,14,55240,375.0,275.0,298,205,0,0,success
2,35,15,55256,375.0,275.0,298,205,0,0,success
2,35,16,55272,375.0,275.0,298,205,0,0,success
2,35,17,55289,375.0,275.0,298,205,0,0,success
2,35,18,55304,375.0,275.0,298,205,0,0,success
2,35,19,55321,375.0,275.0,298,205,0,0,success
2,35,20,55337,375.0,275.0,298,205,0,0,success
2,35,21,55353,375.0,275.0,298,205,0,0,success
2,35,22,55369,375.0,275.0,298,205,0,0,success
2,35,23,55385,375.0,275.0,298,205,0,0,success
2,35,24,55402,375.0,275.0,298,205,0,0,success
2,35,25,55418,375.0,275.0,298,205,0,0,success
2,35,26,55434,375.0,275.0,298,205,0,0,success
2,35,27,55450,375.0,275.0,298,205,0,0,success
2,35,28,55466,375.0,275.0,298,205,0,0,success
2,35,29,55482,375.0,275.0,298,205,0,0,success
2,35,30,55499,375.0,275.0,298,205,0,0,success
2,35,31,55515,375.0,275.0,298,205,0,0,success
2,35,32,55531,375.0,275.0,298,205,0,0,success
2,35,33,55547,375.0,275.0,298,205,0,0,success
2,35,34,55563,375.0,275.0,298,205,0,0,success
2,35,35,55579,375.0,275.0,298,205,0,0,success
2,35,36,55595,375.0,275.0,298,205,0,0,success
2,35,37,55611,375.0,275.0,298,205,-5,-5,success
2,35,38,55627,370.0,270.0,298,205,-5,-5,success
2,35,39,55644,365.0,265.0,298,205,-5,-5,success
2,35,40,55660,360.0,260.0,298,205,-5,-5,success
2,35,41,55676,355.0,255.0,298,205,-5,-5,success
2,35,42,55692,350.0,250.0,298,205,-5,-5,success
2,35,43,55708,345.0,245.0,298,205,-5,-5,success
2,35,44,55724,340.0,240.0,298,205,-5,-5,success
2,35,45,55740,335.0,235.0,298,205,-5,-5,success
2,35,46,55756,330.0,230.0,298,205,-5,-5,success
2,35,47,55772,325.0,225.0,298,205,-5,-5,success
2,35,48,55789,320.0,220.0,298,205,-5,-5,success
2,36,0,56817,375.0,275.0,426,62,0,0,success
2,36,1,56833,375.0,275.0,426,62,0,0,success
2,36,2,56849,375.0,275.0,426,62,0,0,success
2,36,3,56865,375.0,275.0,426,62,0,0,success
2,36,4,56881,375.0,275.0,426,62,0,0,success
2,36,5,56898,375.0,275.0,426,62,0,0,success
2,36,6,56914,375.0,275.0,426,62,0,0,success
2,36,7,56929,375.0,275.0,426,62,0,0,success
2,36,8,56945,375.0,275.0,426,62,0,0,success
2,36,9,56962,375.0,275.0,426,62,0,0,success
2,36,10,56979,375.0,275.0,426,62,0,0,success
2,36,11,56994,375.0,275.0,426,62,0,0,success
2,36,12,57009,375.0,275.0,426,62,0,0,success
2,36,13,57025,375.0,275.0,426,62,0,0,success
2,36,14,57042,375.0,275.0,426,62,0,0,success
2,36,15,57057,375.0,275.0,426,62,0,0,success
2,36,16,57073,375.0,275.0,426,62,0,0,success
2,36,17,57089,375.0,275.0,426,62,0,0,success
2,36,18,57106,375.0,275.0,426,62,0,0,success
2,36,19,57121,375.0,275.0,426,62,0,0,success
2,36,20,57137,375.0,275.0,426,62,0,0,success
2,36,21,57153,375.0,275.0,426,62,0,0,success
2,36,22,57169,375.0,275.0,426,62,0,0,success
2,36,23,57186,375.0,275.0,426,62,0,0,success
2,36,24,57201,375.0,275.0,426,62,0,0,success
2,36,25,57217,375.0,275.0,426,62,0,0,success
2,36,26,57233,375.0,275.0,426,62,0,0,success
2,36,27,57250,375.0,275.0,426,62,0,0,success
2,36,28,57266,375.0,275.0,426,62,0,0,success
2,36,29,57282,375.0,275.0,426,62,0,0,success
2,36,30,57298,375.0,275.0,426,62,0,0,success
2,36,31,57314,375.0,275.0,426,62,0,0,success
2,36,32,57330,375.0,275.0,426,62,0,0,success
2,36,33,57346,375.0,275.0,426,62,0,0,success
2,36,34,57362,375.0,275.0,426,62,0,0,success
2,36,35,57378,375.0,275.0,426,62,0,0,success
2,36,36,57395,375.0,275.0,426,62,0,0,success
2,36,37,57411,375.0,275.0,426,62,0,0,success
2,36,38,57428,375.0,275.0,426,62,0,0,success
2,36,39,57443,375.0,275.0,426,62,0,0,success
2,36,40,57459,375.0,275.0,426,62,5,0,success
2,36,41,57475,380.0,275.0,426,62,5,0,success
2,36,42,57491,385.0,275.0,426,62,5,0,success
2,36,43,57507,390.0,275.0,426,62,5,0,success
2,36,44,57524,395.0,275.0,426,62,5,0,success
2,36,45,57540,400.0,275.0,426,62,5,0,success
2,36,46,57556,405.0,275.0,426,62,5,0,success
2,36,47,57572,410.0,275.0,426,62,5,0,success
2,36,48,57588,415.0,275.0,426,62,5,0,success
2,36,49,57604,420.0,275.0,426,62,0,-5,success
2,36,50,57621,420.0,270.0,426,62,0,-5,success
2,36,51,57636,420.0,265.0,426,62,0,-5,success
2,36,52,57652,420.0,260.0,426,62,0,-5,success
2,36,53,57668,420.0,255.0,426,62,0,-5,success
2,36,54,57685,420.0,250.0,426,62,0,-5,success
2,36,55,57701,420.0,245.0,426,62,0,-5,success
2,36,56,57717,420.0,240.0,426,62,0,-5,success
2,36,57,57733,420.0,235.0,426,62,0,-5,success
2,36,58,57749,420.0,230.0,426,62,0,-5,success
2,36,59,57765,420.0,225.0,426,62,0,-5,success
2,36,60,57781,420.0,220.0,426,62,0,-5,success
2,36,61,57797,420.0,215.0,426,62,0,-5,success
2,36,62,57813,420.0,210.0,426,62,0,-5,success
2,36,63,57829,420.0,205.0,426,62,0,-5,success
2,36,64,57845,420.0,200.0,426,62,0,-5,success
2,36,65,57861,420.0,195.0,426,62,0,-5,success
2,36,66,57877,420.0,190.0,426,62,0,-5,success
2,36,67,57893,420.0,185.0,426,62,0,-5,success
2,36,68,57910,420.0,180.0,426,62,0,-5,success
2,36,69,57925,420.0,175.0,426,62,0,-5,success
2,36,70,57941,420.0,170.0,426,62,0,-5,success
2,36,71,57957,420.0,165.0,426,62,0,-5,success
2,36,72,57973,420.0,160.0,426,62,5,-5,success
2,36,73,57989,425.0,155.0,426,62,5,-5,success
2,36,74,58004,430.0,150.0,426,62,5,-5,success
2,36,75,58020,435.0,145.0,426,62,5,-5,success
2,36,76,58036,440.0,140.0,426,62,5,-5,success
2,36,77,58052,445.0,135.0,426,62,0,-5,success
2,36,78,58068,445.0,130.0,426,62,0,-5,success
2,36,79,58084,445.0,125.0,426,62,0,-5,success
2,36,80,58100,445.0,120.0,426,62,0,-5,success
2,36,81,58116,445.0,115.0,426,62,0,-5,success
2,36,82,58132,445.0,110.0,426,62,0,-5,success
2,36,83,58148,445.0,105.0,426,62,0,-5,success
2,36,84,58164,445.0,100.0,426,62,0,-5,success
2,36,85,58180,445.0,95.0,426,62,0,0,success
2,36,86,58197,445.0,95.0,426,62,0,0,success
2,36,87,58212,445.0,95.0,426,62,0,0,success
2,36,88,58228,445.0,95.0,426,62,0,0,success
2,36,89,58244,445.0,95.0,426,62,0,0,success
2,36,90,58261,445.0,95.0,426,62,0,0,success
2,36,91,58276,445.0,95.0,426,62,0,0,success
2,36,92,58292,445.0,95.0,426,62,0,0,success
2,36,93,58308,445.0,95.0,426,62,0,0,success
2,36,94,58324,445.0,95.0,426,62,0,0,success
2,36,95,58340,445.0,95.0,426,62,0,0,success
2,36,96,58356,445.0,95.0,426,62,0,0,success
2,36,97,58372,445.0,95.0,426,62,0,0,success
2,36,98,58389,445.0,95.0,426,62,0,0,success
2,36,99,58404,445.0,95.0,426,62,0,0,success
2,36,100,58420,445.0,95.0,426,62,0,0,success
2,36,101,58436,445.0,95.0,426,62,0,0,success
2,36,102,58452,445.0,95.0,426,62,0,0,success
2,36,103,58468,445.0,95.0,426,62,0,0,success
2,36,104,58484,445.0,95.0,426,62,0,0,success
2,36,105,58500,445.0,95.0,426,62,0,0,success
2,36,106,58517,445.0,95.0,426,62,0,0,success
2,36,107,58533,445.0,95.0,426,62,0,0,success
2,36,108,58549,445.0,95.0,426,62,0,0,success
2,36,109,58565,445.0,95.0,426,62,0,0,success
2,36,110,58581,445.0,95.0,426,62,0,0,success
2,36,111,58597,445.0,95.0,426,62,0,0,success
2,36,112,58614,445.0,95.0,426,62,0,0,success
2,36,113,58629,445.0,95.0,426,62,0,0,success
2,36,114,58645,445.0,95.0,426,62,0,0,success
2,36,115,58662,445.0,95.0,426,62,0,0,success
2,36,116,58678,445.0,95.0,426,62,0,0,success
2,36,117,58920,445.0,95.0,426,62,0,0,success
2,36,118,58936,445.0,95.0,426,62,0,0,success
2,36,119,58953,445.0,95.0,426,62,0,0,success
2,36,120,58968,445.0,95.0,426,62,0,0,success
2,36,121,58984,445.0,95.0,426,62,0,-5,success
2,36,122,59000,445.0,90.0,426,62,0,-5,success
2,36,123,59016,445.0,85.0,426,62,0,-5,success
2,37,0,60042,375.0,275.0,67,293,0,0,success
2,37,1,60058,375.0,275.0,67,293,0,0,success
2,37,2,60074,375.0,275.0,67,293,0,0,success
2,37,3,60090,375.0,275.0,67,293,0,0,success
2,37,4,60107,375.0,275.0,67,293,0,0,success
2,37,5,60123,375.0,275.0,67,293,0,0,success
2,37,6,60139,375.0,275.0,67,293,0,0,success
2,37,7,60155,375.0,275.0,67,293,0,0,success
2,37,8,60171,375.0,275.0,67,293,0,0,success
2,37,9,60187,375.0,275.0,67,293,0,0,success
2,37,10,60203,375.0,275.0,67,293,0,0,success
2,37,11,60219,375.0,275.0,67,293,0,0,success
2,37,12,60236,375.0,275.0,67,293,0,0,success
2,37,13,60251,375.0,275.0,67,293,0,0,success
2,37,14,60267,375.0,275.0,67,293,0,0,success
2,37,15,60283,375.0,275.0,67,293,0,0,success
2,37,16,60300,375.0,275.0,67,293,0,0,success
2,37,17,60316,375.0,275.0,67,293,0,0,success
2,37,18,60333,375.0,275.0,67,293,0,0,success
2,37,19,60348,375.0,275.0,67,293,0,0,success
2,37,20,60364,375.0,275.0,67,293,0,0,success
2,37,21,60380,375.0,275.0,67,293,0,0,success
2,37,22,60397,375.0,275.0,67,293,0,0,success
2,37,23,60413,375.0,275.0,67,293,0,0,success
2,37,24,60429,375.0,275.0,67,293,0,0,success
2,37,25,60445,375.0,275.0,67,293,0,0,success
2,37,26,60461,375.0,275.0,67,293,0,0,success
2,37,27,60477,375.0,275.0,67,293,0,0,success
2,37,28,60494,375.0,275.0,67,293,0,0,success
2,37,29,60510,375.0,275.0,67,293,0,0,success
2,37,30,60526,375.0,275.0,67,293,0,0,success
2,37,31,60542,375.0,275.0,67,293,0,0,success
2,37,32,60559,375.0,275.0,67,293,0,0,success
2,37,33,60574,375.0,275.0,67,293,-5,0,success
2,37,34,60590,370.0,275.0,67,293,-5,0,success
2,37,35,60607,365.0,275.0,67,293,-5,0,success
2,37,36,60623,360.0,275.0,67,293,-5,0,success
2,37,37,60638,355.0,275.0,67,293,-5,0,success
2,37,38,60654,350.0,275.0,67,293,-5,0,success
2,37,39,60670,345.0,275.0,67,293,-5,0,success
2,37,40,60687,340.0,275.0,67,293,-5,0,success
2,37,41,60704,335.0,275.0,67,293,-5,0,success
2,37,42,60720,330.0,275.0,67,293,-5,0,success
2,37,43,60736,325.0,275.0,67,293,-5,0,success
2,37,44,60752,320.0,275.0,67,293,-5,0,success
2,37,45,60768,315.0,275.0,67,293,-5,0,success
2,37,46,60784,310.0,275.0,67,293,-5,0,success
2,37,47,60800,305.0,275.0,67,293,-5,5,success
2,37,48,60816,300.0,280.0,67,293,-5,5,success
2,37,49,60833,295.0,285.0,67,293,-5,5,success
2,37,50,60848,290.0,290.0,67,293,-5,5,success
2,37,51,60864,285.0,295.0,67,293,-5,5,success
2,37,52,60881,280.0,300.0,67,293,-5,5,success
2,37,53,60897,275.0,305.0,67,293,-5,5,success
2,37,54,60913,270.0,310.0,67,293,-5,5,success
2,37,55,60929,265.0,315.0,67,293,-5,5,success
2,37,56,60945,260.0,320.0,67,293,-5,5,success
2,37,57,60961,255.0,325.0,67,293,-5,5,success
2,37,58,60977,250.0,330.0,67,293,-5,0,success
2,37,59,60993,245.0,330.0,67,293,-5,0,success
2,37,60,61008,240.0,330.0,67,293,-5,0,success
2,37,61,61024,235.0,330.0,67,293,-5,0,success
2,37,62,61041,230.0,330.0,67,293,-5,0,success
2,37,63,61056,225.0,330.0,67,293,-5,0,success
2,37,64,61072,220.0,330.0,67,293,-5,0,success
2,37,65,61088,215.0,330.0,67,293,-5,0,success
2,37,66,61105,210.0,330.0,67,293,-5,0,success
2,37,67,61121,205.0,330.0,67,293,-5,0,success
2,37,68,61137,200.0,330.0,67,293,-5,0,success
2,37,69,61154,195.0,330.0,67,293,-5,0,success
2,37,70,61170,190.0,330.0,67,293,-5,0,success
2,37,71,61186,185.0,330.0,67,293,-5,0,success
2,37,72,61203,180.0,330.0,67,293,-5,0,success
2,37,73,61218,175.0,330.0,67,293,-5,0,success
2,37,74,61234,170.0,330.0,67,293,-5,0,success
2,37,75,61250,165.0,330.0,67,293,-5,0,success
2,37,76,61266,160.0,330.0,67,293,-5,0,success
2,37,77,61282,155.0,330.0,67,293,-5,0,success
2,37,78,61299,150.0,330.0,67,293,-5,0,success
2,37,79,61314,145.0,330.0,67,293,-5,0,success
2,37,80,61330,140.0,330.0,67,293,-5,0,success
2,37,81,61347,135.0,330.0,67,293,-5,0,success
2,37,82,61363,130.0,330.0,67,293,-5,0,success
2,37,83,61379,125.0,330.0,67,293,-5,-5,success
2,37,84,61396,120.0,325.0,67,293,-5,-5,success
2,37,85,61412,115.0,320.0,67,293,-5,-5,success
2,37,86,61429,110.0,315.0,67,293,-5,-5,success
2,37,87,61444,105.0,310.0,67,293,-5,-5,success
2,37,88,61460,100.0,305.0,67,293,-5,-5,success
2,37,89,61477,95.0,300.0,67,293,-5,-5,success
2,37,90,61492,90.0,295.0,67,293,0,0,success
2,37,91,61508,90.0,295.0,67,293,0,0,success
2,37,92,61524,90.0,295.0,67,293,0,0,success
2,37,93,61540,90.0,295.0,67,293,0,0,success
2,37,94,61556,90.0,295.0,67,293,0,0,success
2,37,95,61572,90.0,295.0,67,293,0,0,success
2,37,96,61588,90.0,295.0,67,293,0,0,success
2,37,97,61604,90.0,295.0,67,293,0,0,success
2,37,98,61620,90.0,295.0,67,293,0,0,success
2,37,99,61636,90.0,295.0,67,293,0,0,success
2,37,100,61652,90.0,295.0,67,293,0,0,success
2,37,101,61668,90.0,295.0,67,293,0,0,success
2,37,102,61684,90.0,295.0,67,293,0,0,success
2,37,103,61700,90.0,295.0,67,293,0,0,success
2,37,104,61716,90.0,295.0,67,293,0,0,success
2,37,105,61732,90.0,295.0,67,293,0,0,success
2,37,106,61748,90.0,295.0,67,293,0,0,success
2,37,107,61764,90.0,295.0,67,293,0,0,success
2,37,108,61781,90.0,295.0,67,293,0,0,success
2,37,109,61798,90.0,295.0,67,293,0,0,success
2,37,110,61814,90.0,295.0,67,293,0,0,success
2,37,111,61830,90.0,295.0,67,293,0,0,success
2,37,112,61846,90.0,295.0,67,293,0,0,success
2,37,113,61862,90.0,295.0,67,293,0,5,success
2,37,114,61878,90.0,300.0,67,293,0,5,success
2,37,115,61894,90.0,305.0,67,293,0,5,success
2,37,116,61910,90.0,310.0,67,293,0,5,success
2,37,117,61926,90.0,315.0,67,293,0,5,success
2,37,118,61942,90.0,320.0,67,293,0,5,success
2,37,119,61958,90.0,325.0,67,293,0,0,success
2,37,120,61974,90.0,325.0,67,293,0,0,success
2,37,121,61990,90.0,325.0,67,293,0,0,success
2,37,122,62005,90.0,325.0,67,293,0,0,success
2,37,123,62021,90.0,325.0,67,293,0,0,success
2,37,124,62037,90.0,325.0,67,293,0,0,success
2,37,125,62053,90.0,325.0,67,293,0,0,success
2,37,126,62070,90.0,325.0,67,293,0,0,success
2,37,127,62085,90.0,325.0,67,293,0,0,success
2,37,128,62101,90.0,325.0,67,293,0,0,success
2,37,129,62117,90.0,325.0,67,293,0,0,success
2,37,130,62133,90.0,325.0,67,293,0,0,success
2,37,131,62150,90.0,325.0,67,293,0,0,success
2,37,132,62166,90.0,325.0,67,293,0,0,success
2,37,133,62182,90.0,325.0,67,293,0,0,success
2,37,134,62198,90.0,325.0,67,293,0,0,success
2,37,135,62214,90.0,325.0,67,293,0,0,success
2,37,136,62230,90.0,325.0,67,293,0,0,success
2,37,137,62246,90.0,325.0,67,293,0,0,success
2,37,138,62262,90.0,325.0,67,293,0,0,success
2,37,139,62279,90.0,325.0,67,293,0,-5,success
2,37,140,62296,90.0,320.0,67,293,0,-5,success
2,37,141,62313,90.0,315.0,67,293,0,-5,success
2,37,142,62329,90.0,310.0,67,293,0,-5,success
2,37,143,62344,90.0,305.0,67,293,0,-5,success
2,37,144,62361,90.0,300.0,67,293,0,0,success
2,37,145,62377,90.0,300.0,67,293,0,0,success
2,37,146,62394,90.0,300.0,67,293,0,0,success
2,37,147,62411,90.0,300.0,67,293,0,0,success
2,37,148,62428,90.0,300.0,67,293,0,0,success
2,37,149,62444,90.0,300.0,67,293,0,0,success
2,37,150,62459,90.0,300.0,67,293,0,0,success
2,37,151,62475,90.0,300.0,67,293,0,0,success
2,37,152,62491,90.0,300.0,67,293,0,0,success
2,37,153,62507,90.0,300.0,67,293,0,0,success
2,37,154,62523,90.0,300.0,67,293,0,0,success
2,37,155,62539,90.0,300.0,67,293,0,0,success
2,37,156,62555,90.0,300.0,67,293,0,0,success
2,37,157,62571,90.0,300.0,67,293,0,0,success
2,37,158,62588,90.0,300.0,67,293,0,0,success
2,37,159,62604,90.0,300.0,67,293,0,0,success
2,37,160,62620,90.0,300.0,67,293,0,0,success
2,37,161,62636,90.0,300.0,67,293,0,0,success
2,37,162,62652,90.0,300.0,67,293,-5,0,success
2,38,0,63681,375.0,275.0,130,203,0,0,success
2,38,1,63697,375.0,275.0,130,203,0,0,success
2,38,2,63713,375.0,275.0,130,203,0,0,success
2,38,3,63729,375.0,275.0,130,203,0,0,success
2,38,4,63745,375.0,275.0,130,203,0,0,success
2,38,5,63761,375.0,275.0,130,203,0,0,success
2,38,6,63778,375.0,275.0,130,203,0,0,success
2,38,7,63793,375.0,275.0,130,203,0,0,success
2,38,8,63809,375.0,275.0,130,203,0,0,success
2,38,9,63825,375.0,275.0,130,203,0,0,success
2,38,10,63841,375.0,275.0,130,203,0,0,success
2,38,11,63857,375.0,275.0,130,203,0,0,success
2,38,12,63874,375.0,275.0,130,203,0,0,success
2,38,13,63891,375.0,275.0,130,203,0,0,success
2,38,14,63906,375.0,275.0,130,203,0,0,success
2,38,15,63922,375.0,275.0,130,203,0,0,success
2,38,16,63938,375.0,275.0,130,203,0,0,success
2,38,17,63955,375.0,275.0,130,203,0,0,success
2,38,18,63971,375.0,275.0,130,203,0,0,success
2,38,19,63987,375.0,275.0,130,203,0,0,success
2,38,20,64002,375.0,275.0,130,203,0,0,success
2,38,21,64019,375.0,275.0,130,203,0,0,success
2,38,22,64036,375.0,275.0,130,203,0,0,success
2,38,23,64052,375.0,275.0,130,203,0,0,success
2,38,24,64068,375.0,275.0,130,203,0,0,success
2,38,25,64084,375.0,275.0,130,203,0,0,success
2,38,26,64100,375.0,275.0,130,203,-5,0,success
2,38,27,64117,370.0,275.0,130,203,-5,0,success
2,38,28,64132,365.0,275.0,130,203,-5,0,success
2,38,29,64148,360.0,275.0,130,203,-5,0,success
2,38,30,64164,355.0,275.0,130,203,-5,0,success
2,38,31,64181,350.0,275.0,130,203,-5,0,success
2,38,32,64196,345.0,275.0,130,203,-5,0,success
2,38,33,64212,340.0,275.0,130,203,-5,0,success
2,38,34,64229,335.0,275.0,130,203,-5,0,success
2,38,35,64244,330.0,275.0,130,203,-5,0,success
2,38,36,64261,325.0,275.0,130,203,-5,0,success
2,38,37,64278,320.0,275.0,130,203,-5,0,success
2,38,38,64294,315.0,275.0,130,203,-5,0,success
2,38,39,64310,310.0,275.0,130,203,-5,0,success
2,38,40,64326,305.0,275.0,130,203,-5,0,success
2,38,41,64342,300.0,275.0,130,203,-5,0,success
2,38,42,64358,295.0,275.0,130,203,-5,0,success
2,38,43,64374,290.0,275.0,130,203,-5,0,success
2,38,44,64390,285.0,275.0,130,203,-5,0,success
2,38,45,64406,280.0,275.0,130,203,-5,0,success
2,38,46,64422,275.0,275.0,130,203,-5,0,success
2,38,47,64438,270.0,275.0,130,203,-5,-5,success
2,38,48,64455,265.0,270.0,130,203,-5,-5,success
2,38,49,64470,260.0,265.0,130,203,-5,-5,success
2,38,50,64486,255.0,260.0,130,203,-5,-5,success
2,38,51,64502,250.0,255.0,130,203,-5,-5,success
2,38,52,64519,245.0,250.0,130,203,-5,-5,success
2,38,53,64534,240.0,245.0,130,203,-5,0,success
2,38,54,64550,235.0,245.0,130,203,-5,0,success
2,38,55,64566,230.0,245.0,130,203,-5,0,success
2,38,56,64582,225.0,245.0,130,203,-5,0,success
2,38,57,64598,220.0,245.0,130,203,-5,0,success
2,38,58,64614,215.0,245.0,130,203,-5,0,success
2,38,59,64630,210.0,245.0,130,203,-5,0,success
2,38,60,64646,205.0,245.0,130,203,-5,0,success
2,38,61,64662,200.0,245.0,130,203,-5,0,success
2,38,62,64678,195.0,245.0,130,203,-5,0,success
2,38,63,64694,190.0,245.0,130,203,-5,0,success
2,38,64,64710,185.0,245.0,130,203,-5,0,success
2,38,65,64726,180.0,245.0,130,203,-5,0,success
2,38,66,64743,175.0,245.0,130,203,-5,0,success
2,38,67,64758,170.0,245.0,130,203,-5,0,success
2,38,68,64774,165.0,245.0,130,203,-5,0,success
2,38,69,64790,160.0,245.0,130,203,-5,0,success
2,38,70,64806,155.0,245.0,130,203,-5,0,success
2,38,71,64822,150.0,245.0,130,203,-5,0,success
2,38,72,64838,145.0,245.0,130,203,-5,-5,success
2,38,73,64854,140.0,240.0,130,203,-5,-5,success
2,38,74,64871,135.0,235.0,130,203,-5,-5,success
2,38,75,64887,130.0,230.0,130,203,-5,-5,success
2,38,76,64902,125.0,225.0,130,203,-5,-5,success
2,38,77,64919,120.0,220.0,130,203,-5,-5,success
2,38,78,64935,115.0,215.0,130,203,-5,-5,success
2,38,79,64951,110.0,210.0,130,203,0,0,success
2,38,80,64968,110.0,210.0,130,203,0,0,success
2,38,81,64983,110.0,210.0,130,203,0,0,success
2,38,82,64999,110.0,210.0,130,203,0,0,success
2,38,83,65015,110.0,210.0,130,203,0,0,success
2,38,84,65031,110.0,210.0,130,203,0,0,success
2,38,85,65047,110.0,210.0,130,203,0,0,success
2,38,86,65063,110.0,210.0,130,203,0,0,success
2,38,87,65079,110.0,210.0,130,203,0,0,success
2,38,88,65095,110.0,210.0,130,203,0,0,success
2,38,89,65111,110.0,210.0,130,203,0,0,success
2,38,90,65127,110.0,210.0,130,203,0,0,success
2,38,91,65143,110.0,210.0,130,203,0,0,success
2,38,92,65159,110.0,210.0,130,203,0,0,success
2,38,93,65176,110.0,210.0,130,203,0,0,success
2,38,94,65191,110.0,210.0,130,203,0,0,success
2,38,95,65207,110.0,210.0,130,203,5,0,success
2,38,96,65223,115.0,210.0,130,203,5,0,success
2,38,97,65240,120.0,210.0,130,203,5,0,success
2,38,98,65255,125.0,210.0,130,203,5,0,success
2,39,0,66284,375.0,275.0,19,299,0,0,success
2,39,1,66300,375.0,275.0,19,299,0,0,success
2,39,2,66317,375.0,275.0,19,299,0,0,success
2,39,3,66332,375.0,275.0,19,299,0,0,success
2,39,4,66348,375.0,275.0,19,299,0,0,success
2,39,5,66364,375.0,275.0,19,299,0,0,success
2,39,6,66380,375.0,275.0,19,299,0,0,success
2,39,7,66397,375.0,275.0,19,299,0,0,success
2,39,8,66413,375.0,275.0,19,299,0,0,success
2,39,9,66429,375.0,275.0,19,299,0,0,success
2,39,10,66445,375.0,275.0,19,299,0,0,success
2,39,11,66461,375.0,275.0,19,299,0,0,success
2,39,12,66477,375.0,275.0,19,299,0,0,success
2,39,13,66493,375.0,275.0,19,299,0,0,success
2,39,14,66509,375.0,275.0,19,299,0,0,success
2,39,15,66525,375.0,275.0,19,299,0,0,success
2,39,16,66541,375.0,275.0,19,299,0,0,success
2,39,17,66557,375.0,275.0,19,299,0,0,success
2,39,18,66573,375.0,275.0,19,299,0,0,success
2,39,19,66589,375.0,275.0,19,299,0,0,success
2,39,20,66605,375.0,275.0,19,299,0,0,success
2,39,21,66621,375.0,275.0,19,299,0,0,success
2,39,22,66637,375.0,275.0,19,299,0,0,success
2,39,23,66653,375.0,275.0,19,299,0,0,success
2,39,24,66670,375.0,275.0,19,299,0,0,success
2,39,25,66686,375.0,275.0,19,299,0,0,success
2,39,26,66702,375.0,275.0,19,299,0,0,success
2,39,27,66718,375.0,275.0,19,299,0,0,success
2,39,28,66734,375.0,275.0,19,299,-5,0,success
2,39,29,66750,370.0,275.0,19,299,-5,0,success
2,39,30,66767,365.0,275.0,19,299,-5,0,success
2,39,31,66783,360.0,275.0,19,299,-5,0,success
2,39,32,66800,355.0,275.0,19,299,-5,0,success
2,39,33,66816,350.0,275.0,19,299,-5,0,success
2,39,34,66832,345.0,275.0,19,299,-5,0,success
2,39,35,66848,340.0,275.0,19,299,-5,0,success
2,39,36,66864,335.0,275.0,19,299,-5,0,success
2,39,37,66880,330.0,275.0,19,299,-5,0,success
2,39,38,66896,325.0,275.0,19,299,-5,0,success
2,39,39,66912,320.0,275.0,19,299,-5,0,success
2,39,40,66928,315.0,275.0,19,299,-5,0,success
2,39,41,66944,310.0,275.0,19,299,-5,0,success
2,39,42,66960,305.0,275.0,19,299,-5,0,success
2,39,43,66976,300.0,275.0,19,299,-5,0,success
2,39,44,66992,295.0,275.0,19,299,-5,0,success
2,39,45,67007,290.0,275.0,19,299,-5,0,success
2,39,46,67023,285.0,275.0,19,299,-5,0,success
2,39,47,67039,280.0,275.0,19,299,-5,0,success
2,39,48,67055,275.0,275.0,19,299,-5,0,success
2,39,49,67071,270.0,275.0,19,299,-5,0,success
2,39,50,67087,265.0,275.0,19,299,-5,0,success
2,39,51,67104,260.0,275.0,19,299,-5,0,success
2,39,52,67120,255.0,275.0,19,299,-5,5,success
2,39,53,67136,250.0,280.0,19,299,-5,5,success
2,39,54,67152,245.0,285.0,19,299,-5,5,success
2,39,55,67168,240.0,290.0,19,299,-5,5,success
2,39,56,67185,235.0,295.0,19,299,-5,5,success
2,39,57,67201,230.0,300.0,19,299,-5,0,success
2,39,58,67217,225.0,300.0,19,299,-5,0,success
2,39,59,67233,220.0,300.0,19,299,-5,0,success
2,39,60,67249,215.0,300.0,19,299,-5,0,success
2,39,61,67265,210.0,300.0,19,299,-5,0,success
2,39,62,67281,205.0,300.0,19,299,-5,0,success
2,39,63,67297,200.0,300.0,19,299,-5,0,success
2,39,64,67314,195.0,300.0,19,299,-5,0,success
2,39,65,67329,190.0,300.0,19,299,-5,0,success
2,39,66,67345,185.0,300.0,19,299,-5,0,success
2,39,67,67361,180.0,300.0,19,299,-5,0,success
2,39,68,67377,175.0,300.0,19,299,-5,0,success
2,39,69,67394,170.0,300.0,19,299,-5,0,success
2,39,70,67410,165.0,300.0,19,299,-5,0,success
2,39,71,67427,160.0,300.0,19,299,-5,0,success
2,39,72,67443,155.0,300.0,19,299,-5,0,success
2,39,73,67460,150.0,300.0,19,299,-5,0,success
2,39,74,67476,145.0,300.0,19,299,-5,0,success
2,39,75,67493,140.0,300.0,19,299,-5,0,success
2,39,76,67510,135.0,300.0,19,299,-5,0,success
2,39,77,67526,130.0,300.0,19,299,-5,0,success
2,39,78,67542,125.0,300.0,19,299,-5,5,success
2,39,79,67558,120.0,305.0,19,299,-5,5,success
2,39,80,67574,115.0,310.0,19,299,-5,5,success
2,39,81,67590,110.0,315.0,19,299,-5,5,success
2,39,82,67606,105.0,320.0,19,299,-5,0,success
2,39,83,67622,100.0,320.0,19,299,-5,0,success
2,39,84,67638,95.0,320.0,19,299,-5,0,success
2,39,85,67654,90.0,320.0,19,299,-5,0,success
2,39,86,67670,85.0,320.0,19,299,-5,0,success
2,39,87,67686,80.0,320.0,19,299,-5,0,success
2,39,88,67702,75.0,320.0,19,299,-5,0,success
2,39,89,67719,70.0,320.0,19,299,-5,0,success
2,39,90,67734,65.0,320.0,19,299,-5,0,success
2,39,91,67750,60.0,320.0,19,299,-5,0,success
2,39,92,67766,55.0,320.0,19,299,-5,0,success
2,39,93,67783,50.0,320.0,19,299,-5,0,success
2,39,94,67798,45.0,320.0,19,299,-5,0,success
2,39,95,67815,40.0,320.0,19,299,0,0,success
2,39,96,67831,40.0,320.0,19,299,0,0,success
2,39,97,67847,40.0,320.0,19,299,0,0,success
2,39,98,67863,40.0,320.0,19,299,0,0,success
2,39,99,67879,40.0,320.0,19,299,0,0,success
2,39,100,67895,40.0,320.0,19,299,0,0,success
2,39,101,67911,40.0,320.0,19,299,0,0,success
2,39,102,67928,40.0,320.0,19,299,-5,0,success
2,39,103,67944,35.0,320.0,19,299,-5,0,success
2,39,104,67960,30.0,320.0,19,299,-5,0,success
2,39,105,67977,25.0,320.0,19,299,0,0,success
2,39,106,67994,25.0,320.0,19,299,0,0,success
2,39,107,68008,25.0,320.0,19,299,0,0,success
2,39,108,68024,25.0,320.0,19,299,0,0,success
2,39,109,68040,25.0,320.0,19,299,0,0,success
2,39,110,68056,25.0,320.0,19,299,0,0,success
2,39,111,68072,25.0,320.0,19,299,0,0,success
2,39,112,68088,25.0,320.0,19,299,0,0,success
2,39,113,68104,25.0,320.0,19,299,0,0,success
2,39,114,68121,25.0,320.0,19,299,0,0,success
2,39,115,68136,25.0,320.0,19,299,0,0,success
2,39,116,68152,25.0,320.0,19,299,0,0,success
2,39,117,68169,25.0,320.0,19,299,0,0,success
2,39,118,68184,25.0,320.0,19,299,0,0,success
2,39,119,68200,25.0,320.0,19,299,0,0,success
2,39,120,68216,25.0,320.0,19,299,0,0,success
2,39,121,68232,25.0,320.0,19,299,0,0,success
2,39,122,68248,25.0,320.0,19,299,0,0,success
2,39,123,68264,25.0,320.0,19,299,0,0,success
2,39,124,68281,25.0,320.0,19,299,0,0,success
2,39,125,68296,25.0,320.0,19,299,0,0,success
2,39,126,68312,25.0,320.0,19,299,0,0,success
2,39,127,68328,25.0,320.0,19,299,0,0,success
2,39,128,68345,25.0,320.0,19,299,0,-5,success
2,40,0,69371,375.0,275.0,587,392,0,0,success
2,40,1,69388,375.0,275.0,587,392,0,0,success
2,40,2,69403,375.0,275.0,587,392,0,0,success
2,40,3,69419,375.0,275.0,587,392,0,0,success
2,40,4,69435,375.0,275.0,587,392,0,0,success
2,40,5,69451,375.0,275.0,587,392,0,0,success
2,40,6,69467,375.0,275.0,587,392,0,0,success
2,40,7,69483,375.0,275.0,587,392,0,0,success
2,40,8,69499,375.0,275.0,587,392,0,0,success
2,40,9,69515,375.0,275.0,587,392,0,0,success
2,40,10,69531,375.0,275.0,587,392,0,0,success
2,40,11,69548,375.0,275.0,587,392,0,0,success
2,40,12,69563,375.0,275.0,587,392,0,0,success
2,40,13,69579,375.0,275.0,587,392,0,0,success
2,40,14,69595,375.0,275.0,587,392,0,0,success
2,40,15,69611,375.0,275.0,587,392,0,0,success
2,40,16,69627,375.0,275.0,587,392,0,0,success
2,40,17,69643,375.0,275.0,587,392,0,0,success
2,40,18,69659,375.0,275.0,587,392,0,0,success
2,40,19,69675,375.0,275.0,587,392,0,0,success
2,40,20,69924,375.0,275.0,587,392,5,0,success
2,40,21,69940,380.0,275.0,587,392,5,0,success
2,40,22,69956,385.0,275.0,587,392,5,0,success
2,40,23,69972,390.0,275.0,587,392,5,0,success
2,40,24,69989,395.0,275.0,587,392,5,0,success
2,40,25,70003,400.0,275.0,587,392,5,0,success
2,40,26,70019,405.0,275.0,587,392,5,0,success
2,40,27,70035,410.0,275.0,587,392,5,0,success
2,40,28,70051,415.0,275.0,587,392,5,0,success
2,40,29,70067,420.0,275.0,587,392,5,0,success
2,40,30,70083,425.0,275.0,587,392,5,5,success
2,40,31,70099,430.0,280.0,587,392,5,5,success
2,40,32,70115,435.0,285.0,587,392,5,5,success
2,40,33,70132,440.0,290.0,587,392,5,5,success
2,40,34,70148,445.0,295.0,587,392,5,5,success
2,40,35,70164,450.0,300.0,587,392,5,5,success
2,40,36,70181,455.0,305.0,587,392,5,5,success
2,40,37,70196,460.0,310.0,587,392,5,5,success
2,40,38,70213,465.0,315.0,587,392,5,5,success
2,40,39,70229,470.0,320.0,587,392,5,5,success
2,40,40,70245,475.0,325.0,587,392,5,5,success
2,40,41,70261,480.0,330.0,587,392,5,5,success
2,40,42,70278,485.0,335.0,587,392,5,5,success
2,40,43,70295,490.0,340.0,587,392,5,5,success
2,40,44,70311,495.0,345.0,587,392,5,0,success
2,40,45,70327,500.0,345.0,587,392,5,0,success
2,40,46,70344,505.0,345.0,587,392,5,0,success
2,40,47,70359,510.0,345.0,587,392,5,0,success
2,40,48,70375,515.0,345.0,587,392,5,0,success
2,40,49,70391,520.0,345.0,587,392,5,0,success
2,40,50,70407,525.0,345.0,587,392,5,0,success
2,40,51,70424,530.0,345.0,587,392,5,0,success
2,40,52,70439,535.0,345.0,587,392,5,5,success
2,40,53,70455,540.0,350.0,587,392,5,5,success
2,40,54,70471,545.0,355.0,587,392,5,5,success
2,40,55,70487,550.0,360.0,587,392,5,5,success
2,40,56,70503,555.0,365.0,587,392,5,5,success
2,40,57,70519,560.0,370.0,587,392,5,5,success
2,40,58,70535,565.0,375.0,587,392,5,5,success
2,40,59,70551,570.0,380.0,587,392,5,5,success
2,40,60,70567,575.0,385.0,587,392,5,5,success
2,40,61,70583,580.0,390.0,587,392,5,5,success
2,40,62,70599,585.0,395.0,587,392,0,5,success
2,40,63,70615,585.0,400.0,587,392,0,5,success
2,40,64,70631,585.0,405.0,587,392,0,5,success
2,40,65,70647,585.0,410.0,587,392,0,5,success
2,40,66,70663,585.0,415.0,587,392,0,5,success
2,40,67,70679,585.0,420.0,587,392,0,5,success
2,40,68,70695,585.0,425.0,587,392,0,5,success
2,40,69,70711,585.0,430.0,587,392,0,5,success
2,40,70,70728,585.0,435.0,587,392,0,0,success
2,40,71,70745,585.0,435.0,587,392,0,0,success
2,40,72,70760,585.0,435.0,587,392,0,0,success
2,40,73,70776,585.0,435.0,587,392,0,0,success
2,40,74,70792,585.0,435.0,587,392,0,0,success
2,40,75,70808,585.0,435.0,587,392,0,0,success
2,40,76,70825,585.0,435.0,587,392,0,0,success
2,40,77,70841,585.0,435.0,587,392,0,0,success
2,40,78,70857,585.0,435.0,587,392,0,0,success
2,40,79,70874,585.0,435.0,587,392,0,0,success
2,40,80,70890,585.0,435.0,587,392,0,0,success
2,40,81,70906,585.0,435.0,587,392,0,0,success
2,40,82,70922,585.0,435.0,587,392,0,0,success
2,40,83,70938,585.0,435.0,587,392,0,0,success
2,40,84,70954,585.0,435.0,587,392,0,0,success
2,40,85,70971,585.0,435.0,587,392,0,0,success
2,40,86,70987,585.0,435.0,587,392,0,0,success
2,40,87,71002,585.0,435.0,587,392,0,0,success
2,40,88,71019,585.0,435.0,587,392,0,0,success
2,40,89,71036,585.0,435.0,587,392,0,0,success
2,40,90,71051,585.0,435.0,587,392,0,0,success
2,40,91,71067,585.0,435.0,587,392,0,0,success
2,40,92,71084,585.0,435.0,587,392,0,0,success
2,40,93,71099,585.0,435.0,587,392,5,0,success
2,40,94,71116,590.0,435.0,587,392,5,0,success
2,40,95,71131,595.0,435.0,587,392,5,0,success
2,40,96,71147,600.0,435.0,587,392,0,0,success
2,40,97,71163,600.0,435.0,587,392,0,0,success
2,40,98,71179,600.0,435.0,587,392,0,0,success
2,40,99,71196,600.0,435.0,587,392,0,-5,success
2,40,100,71212,600.0,430.0,587,392,0,-5,success
2,40,101,71227,600.0,425.0,587,392,0,-5,success
2,40,102,71243,600.0,420.0,587,392,0,-5,success
2,40,103,71259,600.0,415.0,587,392,0,-5,success
2,41,0,72289,375.0,275.0,339,295,0,0,success
2,41,1,72305,375.0,275.0,339,295,0,0,success
2,41,2,72321,375.0,275.0,339,295,0,0,success
2,41,3,72338,375.0,275.0,339,295,0,0,success
2,41,4,72353,375.0,275.0,339,295,0,0,success
2,41,5,72369,375.0,275.0,339,295,0,0,success
2,41,6,72385,375.0,275.0,339,295,0,0,success
2,41,7,72402,375.0,275.0,339,295,0,0,success
2,41,8,72418,375.0,275.0,339,295,0,0,success
2,41,9,72434,375.0,275.0,339,295,0,0,success
2,41,10,72450,375.0,275.0,339,295,0,0,success
2,41,11,72467,375.0,275.0,339,295,0,0,success
2,41,12,72482,375.0,275.0,339,295,0,0,success
2,41,13,72498,375.0,275.0,339,295,0,0,success
2,41,14,72514,375.0,275.0,339,295,0,0,success
2,41,15,72530,375.0,275.0,339,295,0,0,success
2,41,16,72546,375.0,275.0,339,295,0,0,success
2,41,17,72563,375.0,275.0,339,295,0,0,success
2,41,18,72578,375.0,275.0,339,295,0,0,success
2,41,19,72594,375.0,275.0,339,295,0,0,success
2,41,20,72610,375.0,275.0,339,295,0,0,success
2,41,21,72626,375.0,275.0,339,295,0,0,success
2,41,22,72643,375.0,275.0,339,295,0,0,success
2,41,23,72659,375.0,275.0,339,295,0,0,success
2,41,24,72675,375.0,275.0,339,295,0,0,success
2,41,25,72691,375.0,275.0,339,295,0,0,success
2,41,26,72707,375.0,275.0,339,295,0,0,success
2,41,27,72723,375.0,275.0,339,295,0,0,success
2,41,28,72739,375.0,275.0,339,295,0,0,success
2,41,29,72756,375.0,275.0,339,295,0,0,success
2,41,30,72771,375.0,275.0,339,295,0,0,success
2,41,31,72787,375.0,275.0,339,295,0,0,success
2,41,32,72803,375.0,275.0,339,295,0,0,success
2,41,33,72819,375.0,275.0,339,295,0,0,success
2,41,34,72835,375.0,275.0,339,295,0,0,success
2,41,35,72852,375.0,275.0,339,295,0,0,success
2,41,36,72867,375.0,275.0,339,295,0,0,success
2,41,37,72883,375.0,275.0,339,295,0,0,success
2,41,38,72899,375.0,275.0,339,295,0,0,success
2,41,39,72915,375.0,275.0,339,295,0,0,success
2,41,40,72931,375.0,275.0,339,295,0,0,success
2,41,41,72947,375.0,275.0,339,295,0,0,success
2,41,42,72963,375.0,275.0,339,295,0,0,success
2,41,43,72980,375.0,275.0,339,295,0,0,success
2,41,44,72995,375.0,275.0,339,295,0,0,success
2,41,45,73010,375.0,275.0,339,295,0,0,success
2,41,46,73026,375.0,275.0,339,295,0,0,success
2,41,47,73043,375.0,275.0,339,295,0,0,success
2,41,48,73058,375.0,275.0,339,295,0,0,success
2,41,49,73074,375.0,275.0,339,295,0,5,success
2,41,50,73090,375.0,280.0,339,295,0,5,success
2,41,51,73106,375.0,285.0,339,295,0,5,success
2,41,52,73122,375.0,290.0,339,295,0,5,success
2,41,53,73138,375.0,295.0,339,295,0,5,success
2,41,54,73155,375.0,300.0,339,295,0,5,success
2,41,55,73170,375.0,305.0,339,295,0,5,success
2,41,56,73186,375.0,310.0,339,295,0,5,success
2,41,57,73202,375.0,315.0,339,295,0,0,success
2,41,58,73219,375.0,315.0,339,295,0,0,success
2,41,59,73234,375.0,315.0,339,295,0,0,success
2,41,60,73251,375.0,315.0,339,295,0,0,success
2,41,61,73267,375.0,315.0,339,295,0,0,success
2,41,62,73284,375.0,315.0,339,295,0,0,success
2,41,63,73300,375.0,315.0,339,295,0,0,success
2,41,64,73316,375.0,315.0,339,295,0,0,success
2,41,65,73332,375.0,315.0,339,295,-5,0,success
2,41,66,73348,370.0,315.0,339,295,-5,0,success
2,41,67,73364,365.0,315.0,339,295,-5,0,success
2,41,68,73380,360.0,315.0,339,295,-5,0,success
2,42,0,74409,375.0,275.0,407,61,0,0,success
2,42,1,74425,375.0,275.0,407,61,0,0,success
2,42,2,74441,375.0,275.0,407,61,0,0,success
2,42,3,74457,375.0,275.0,407,61,0,0,success
2,42,4,74474,375.0,275.0,407,61,0,0,success
2,42,5,74490,375.0,275.0,407,61,0,0,success
2,42,6,74506,375.0,275.0,407,61,0,0,success
2,42,7,74522,375.0,275.0,407,61,0,0,success
2,42,8,74538,375.0,275.0,407,61,0,0,success
2,42,9,74554,375.0,275.0,407,61,0,0,success
2,42,10,74570,375.0,275.0,407,61,0,0,success
2,42,11,74586,375.0,275.0,407,61,0,0,success
2,42,12,74603,375.0,275.0,407,61,0,0,success
2,42,13,74618,375.0,275.0,407,61,0,0,success
2,42,14,74634,375.0,275.0,407,61,0,0,success
2,42,15,74650,375.0,275.0,407,61,0,0,success
2,42,16,74666,375.0,275.0,407,61,0,0,success
2,42,17,74682,375.0,275.0,407,61,0,0,success
2,42,18,74699,375.0,275.0,407,61,0,0,success
2,42,19,74714,375.0,275.0,407,61,0,0,success
2,42,20,74730,375.0,275.0,407,61,0,0,success
2,42,21,74747,375.0,275.0,407,61,0,0,success
2,42,22,74763,375.0,275.0,407,61,0,0,success
2,42,23,74778,375.0,275.0,407,61,0,0,success
2,42,24,74794,375.0,275.0,407,61,0,0,success
2,42,25,74810,375.0,275.0,407,61,0,0,success
2,42,26,74826,375.0,275.0,407,61,0,0,success
2,42,27,74843,375.0,275.0,407,61,0,0,success
2,42,28,74859,375.0,275.0,407,61,0,0,success
2,42,29,74876,375.0,275.0,407,61,0,0,success
2,42,30,74893,375.0,275.0,407,61,0,0,success
2,42,31,74909,375.0,275.0,407,61,0,0,success
2,42,32,74925,375.0,275.0,407,61,0,0,success
2,42,33,74942,375.0,275.0,407,61,0,0,success
2,42,34,74958,375.0,275.0,407,61,0,0,success
2,42,35,74974,375.0,275.0,407,61,0,0,success
2,42,36,74990,375.0,275.0,407,61,0,0,success
2,42,37,75005,375.0,275.0,407,61,0,0,success
2,42,38,75021,375.0,275.0,407,61,0,0,success
2,42,39,75038,375.0,275.0,407,61,0,0,success
2,42,40,75054,375.0,275.0,407,61,5,0,success
2,42,41,75070,380.0,275.0,407,61,5,0,success
2,42,42,75086,385.0,275.0,407,61,5,0,success
2,42,43,75102,390.0,275.0,407,61,5,0,success
2,42,44,75119,395.0,275.0,407,61,5,0,success
2,42,45,75135,400.0,275.0,407,61,5,0,success
2,42,46,75152,405.0,275.0,407,61,5,0,success
2,42,47,75169,410.0,275.0,407,61,5,0,success
2,42,48,75186,415.0,275.0,407,61,5,0,success
2,42,49,75201,420.0,275.0,407,61,0,0,success
2,42,50,75218,420.0,275.0,407,61,0,0,success
2,42,51,75233,420.0,275.0,407,61,0,0,success
2,42,52,75249,420.0,275.0,407,61,0,0,success
2,42,53,75265,420.0,275.0,407,61,0,0,success
2,42,54,75281,420.0,275.0,407,61,0,0,success
2,42,55,75297,420.0,275.0,407,61,0,0,success
2,42,56,75313,420.0,275.0,407,61,0,-5,success
2,42,57,75329,420.0,270.0,407,61,0,-5,success
2,42,58,75346,420.0,265.0,407,61,0,-5,success
2,42,59,75361,420.0,260.0,407,61,0,-5,success
2,42,60,75377,420.0,255.0,407,61,0,-5,success
2,42,61,75394,420.0,250.0,407,61,0,-5,success
2,42,62,75410,420.0,245.0,407,61,0,-5,success
2,42,63,75426,420.0,240.0,407,61,0,-5,success
2,42,64,75442,420.0,235.0,407,61,0,-5,success
2,42,65,75458,420.0,230.0,407,61,0,-5,success
2,42,66,75474,420.0,225.0,407,61,0,-5,success
2,42,67,75490,420.0,220.0,407,61,0,-5,success
2,42,68,75506,420.0,215.0,407,61,0,-5,success
2,42,69,75522,420.0,210.0,407,61,0,-5,success
2,42,70,75538,420.0,205.0,407,61,0,-5,success
2,42,71,75555,420.0,200.0,407,61,0,-5,success
2,42,72,75570,420.0,195.0,407,61,0,-5,success
2,42,73,75586,420.0,190.0,407,61,0,-5,success
2,42,74,75602,420.0,185.0,407,61,0,-5,success
2,42,75,75618,420.0,180.0,407,61,0,-5,success
2,42,76,75634,420.0,175.0,407,61,0,-5,success
2,42,77,75650,420.0,170.0,407,61,0,-5,success
2,42,78,75666,420.0,165.0,407,61,0,-5,success
2,42,79,75683,420.0,160.0,407,61,0,-5,success
2,42,80,75698,420.0,155.0,407,61,0,-5,success
2,42,81,75714,420.0,150.0,407,61,0,-5,success
2,42,82,75730,420.0,145.0,407,61,0,-5,success
2,42,83,75747,420.0,140.0,407,61,0,-5,success
2,42,84,75762,420.0,135.0,407,61,0,-5,success
2,42,85,75778,420.0,130.0,407,61,0,-5,success
2,42,86,75794,420.0,125.0,407,61,0,-5,success
2,42,87,75810,420.0,120.0,407,61,0,-5,success
2,42,88,75826,420.0,115.0,407,61,0,-5,success
2,42,89,75842,420.0,110.0,407,61,0,-5,success
2,42,90,75858,420.0,105.0,407,61,0,-5,success
2,42,91,75874,420.0,100.0,407,61,0,-5,success
2,42,92,75890,420.0,95.0,407,61,0,-5,success
2,42,93,75906,420.0,90.0,407,61,0,-5,success
2,42,94,75922,420.0,85.0,407,61,0,-5,success
2,43,0,76950,375.0,275.0,664,111,0,0,success
2,43,1,76966,375.0,275.0,664,111,0,0,success
2,43,2,76982,375.0,275.0,664,111,0,0,success
2,43,3,76999,375.0,275.0,664,111,0,0,success
2,43,4,77015,375.0,275.0,664,111,0,0,success
2,43,5,77031,375.0,275.0,664,111,0,0,success
2,43,6,77047,375.0,275.0,664,111,0,0,success
2,43,7,77063,375.0,275.0,664,111,0,0,success
2,43,8,77079,375.0,275.0,664,111,0,0,success
2,43,9,77095,375.0,275.0,664,111,0,0,success
2,43,10,77111,375.0,275.0,664,111,0,0,success
2,43,11,77127,375.0,275.0,664,111,0,0,success
2,43,12,77143,375.0,275.0,664,111,0,0,success
2,43,13,77159,375.0,275.0,664,111,0,0,success
2,43,14,77175,375.0,275.0,664,111,0,0,success
2,43,15,77192,375.0,275.0,664,111,0,0,success
2,43,16,77207,375.0,275.0,664,111,0,0,success
2,43,17,77223,375.0,275.0,664,111,0,0,success
2,43,18,77239,375.0,275.0,664,111,0,0,success
2,43,19,77255,375.0,275.0,664,111,0,0,success
2,43,20,77271,375.0,275.0,664,111,0,0,success
2,43,21,77287,375.0,275.0,664,111,0,0,success
2,43,22,77303,375.0,275.0,664,111,0,0,success
2,43,23,77319,375.0,275.0,664,111,0,0,success
2,43,24,77335,375.0,275.0,664,111,0,0,success
2,43,25,77351,375.0,275.0,664,111,0,0,success
2,43,26,77367,375.0,275.0,664,111,0,0,success
2,43,27,77383,375.0,275.0,664,111,0,0,success
2,43,28,77400,375.0,275.0,664,111,0,0,success
2,43,29,77416,375.0,275.0,664,111,0,0,success
2,43,30,77433,375.0,275.0,664,111,5,0,success
2,43,31,77448,380.0,275.0,664,111,5,0,success
2,43,32,77465,385.0,275.0,664,111,5,0,success
2,43,33,77481,390.0,275.0,664,111,5,0,success
2,43,34,77497,395.0,275.0,664,111,5,0,success
2,43,35,77513,400.0,275.0,664,111,5,0,success
2,43,36,77529,405.0,275.0,664,111,5,0,success
2,43,37,77545,410.0,275.0,664,111,5,0,success
2,43,38,77561,415.0,275.0,664,111,5,0,success
2,43,39,77577,420.0,275.0,664,111,5,0,success
2,43,40,77593,425.0,275.0,664,111,5,0,success
2,43,41,77610,430.0,275.0,664,111,5,0,success
2,43,42,77626,435.0,275.0,664,111,5,0,success
2,43,43,77641,440.0,275.0,664,111,5,0,success
2,43,44,77657,445.0,275.0,664,111,5,0,success
2,43,45,77673,450.0,275.0,664,111,5,0,success
2,43,46,77690,455.0,275.0,664,111,5,-5,success
2,43,47,77705,460.0,270.0,664,111,5,-5,success
2,43,48,77722,465.0,265.0,664,111,5,-5,success
2,43,49,77738,470.0,260.0,664,111,5,-5,success
2,43,50,77755,475.0,255.0,664,111,5,-5,success
2,43,51,77770,480.0,250.0,664,111,5,-5,success
2,43,52,77786,485.0,245.0,664,111,5,-5,success
2,43,53,77802,490.0,240.0,664,111,5,-5,success
2,43,54,77818,495.0,235.0,664,111,5,-5,success
2,43,55,77835,500.0,230.0,664,111,5,-5,success
2,43,56,77850,505.0,225.0,664,111,5,-5,success
2,43,57,77866,510.0,220.0,664,111,5,-5,success
2,43,58,77882,515.0,215.0,664,111,5,-5,success
2,43,59,77898,520.0,210.0,664,111,5,-5,success
2,43,60,77914,525.0,205.0,664,111,5,-5,success
2,43,61,77930,530.0,200.0,664,111,5,-5,success
2,43,62,77946,535.0,195.0,664,111,5,-5,success
2,43,63,77962,540.0,190.0,664,111,5,-5,success
2,43,64,77978,545.0,185.0,664,111,5,-5,success
2,43,65,77994,550.0,180.0,664,111,5,-5,success
2,43,66,78009,555.0,175.0,664,111,5,-5,success
2,43,67,78026,560.0,170.0,664,111,5,-5,success
2,43,68,78042,565.0,165.0,664,111,5,-5,success
2,43,69,78058,570.0,160.0,664,111,5,-5,success
2,43,70,78074,575.0,155.0,664,111,5,-5,success
2,43,71,78090,580.0,150.0,664,111,5,-5,success
2,43,72,78106,585.0,145.0,664,111,5,-5,success
2,43,73,78122,590.0,140.0,664,111,5,-5,success
2,43,74,78139,595.0,135.0,664,111,5,-5,success
2,43,75,78155,600.0,130.0,664,111,5,-5,success
2,43,76,78171,605.0,125.0,664,111,0,-5,success
2,43,77,78187,605.0,120.0,664,111,0,0,success
2,43,78,78203,605.0,120.0,664,111,0,0,success
2,43,79,78219,605.0,120.0,664,111,0,0,success
2,43,80,78235,605.0,120.0,664,111,0,0,success
2,43,81,78251,605.0,120.0,664,111,0,0,success
2,43,82,78268,605.0,120.0,664,111,0,0,success
2,43,83,78283,605.0,120.0,664,111,0,0,success
2,43,84,78299,605.0,120.0,664,111,0,0,success
2,43,85,78315,605.0,120.0,664,111,0,0,success
2,43,86,78331,605.0,120.0,664,111,5,0,success
2,43,87,78348,610.0,120.0,664,111,5,0,success
2,43,88,78363,615.0,120.0,664,111,5,0,success
2,43,89,78379,620.0,120.0,664,111,5,0,success
2,43,90,78396,625.0,120.0,664,111,5,0,success
2,43,91,78412,630.0,120.0,664,111,5,0,success
2,43,92,78428,635.0,120.0,664,111,5,0,success
2,43,93,78444,640.0,120.0,664,111,5,0,success
2,43,94,78460,645.0,120.0,664,111,5,0,success
2,43,95,78477,650.0,120.0,664,111,5,0,success
2,43,96,78493,655.0,120.0,664,111,5,0,success
2,43,97,78509,660.0,120.0,664,111,5,0,success
2,44,0,79537,375.0,275.0,604,469,0,0,success
2,44,1,79552,375.0,275.0,604,469,0,0,success
2,44,2,79568,375.0,275.0,604,469,0,0,success
2,44,3,79585,375.0,275.0,604,469,0,0,success
2,44,4,79601,375.0,275.0,604,469,0,0,success
2,44,5,79617,375.0,275.0,604,469,0,0,success
2,44,6,79633,375.0,275.0,604,469,0,0,success
2,44,7,79650,375.0,275.0,604,469,0,0,success
2,44,8,79665,375.0,275.0,604,469,0,0,success
2,44,9,79681,375.0,275.0,604,469,0,0,success
2,44,10,79697,375.0,275.0,604,469,0,0,success
2,44,11,79713,375.0,275.0,604,469,0,0,success
2,44,12,79729,375.0,275.0,604,469,0,0,success
2,44,13,79745,375.0,275.0,604,469,0,0,success
2,44,14,79761,375.0,275.0,604,469,0,0,success
2,44,15,79777,375.0,275.0,604,469,0,0,success
2,44,16,79793,375.0,275.0,604,469,0,0,success
2,44,17,79809,375.0,275.0,604,469,0,0,success
2,44,18,79826,375.0,275.0,604,469,0,0,success
2,44,19,79841,375.0,275.0,604,469,0,0,success
2,44,20,79857,375.0,275.0,604,469,0,0,success
2,44,21,79873,375.0,275.0,604,469,0,0,success
2,44,22,79889,375.0,275.0,604,469,0,0,success
2,44,23,79905,375.0,275.0,604,469,0,0,success
2,44,24,79921,375.0,275.0,604,469,0,0,success
2,44,25,79937,375.0,275.0,604,469,0,0,success
2,44,26,79953,375.0,275.0,604,469,0,0,success
2,44,27,79970,375.0,275.0,604,469,0,0,success
2,44,28,79985,375.0,275.0,604,469,0,0,success
2,44,29,80000,375.0,275.0,604,469,0,0,success
2,44,30,80016,375.0,275.0,604,469,5,0,success
2,44,31,80032,380.0,275.0,604,469,5,0,success
2,44,32,80048,385.0,275.0,604,469,5,0,success
2,44,33,80064,390.0,275.0,604,469,5,0,success
2,44,34,80081,395.0,275.0,604,469,5,0,success
2,44,35,80097,400.0,275.0,604,469,5,0,success
2,44,36,80113,405.0,275.0,604,469,5,0,success
2,44,37,80129,410.0,275.0,604,469,5,0,success
2,44,38,80146,415.0,275.0,604,469,5,5,success
2,44,39,80161,420.0,280.0,604,469,5,5,success
2,44,40,80177,425.0,285.0,604,469,5,5,success
2,44,41,80193,430.0,290.0,604,469,5,5,success
2,44,42,80210,435.0,295.0,604,469,5,5,success
2,44,43,80225,440.0,300.0,604,469,5,5,success
2,44,44,80241,445.0,305.0,604,469,5,5,success
2,44,45,80257,450.0,310.0,604,469,5,5,success
2,44,46,80273,455.0,315.0,604,469,5,5,success
2,44,47,80289,460.0,320.0,604,469,5,5,success
2,44,48,80306,465.0,325.0,604,469,5,5,success
2,44,49,80321,470.0,330.0,604,469,5,5,success
2,44,50,80337,475.0,335.0,604,469,5,5,success
2,44,51,80353,480.0,340.0,604,469,5,5,success
2,44,52,80370,485.0,345.0,604,469,5,5,success
2,44,53,80385,490.0,350.0,604,469,5,5,success
2,44,54,80402,495.0,355.0,604,469,5,5,success
2,44,55,80418,500.0,360.0,604,469,5,5,success
2,44,56,80435,505.0,365.0,604,469,5,5,success
2,44,57,80451,510.0,370.0,604,469,5,5,success
2,44,58,80467,515.0,375.0,604,469,5,5,success
2,44,59,80483,520.0,380.0,604,469,5,5,success
2,44,60,80499,525.0,385.0,604,469,5,5,success
2,44,61,80515,530.0,390.0,604,469,5,5,success
2,44,62,80531,535.0,395.0,604,469,5,5,success
2,44,63,80547,540.0,400.0,604,469,5,5,success
2,44,64,80564,545.0,405.0,604,469,5,5,success
2,44,65,80581,550.0,410.0,604,469,5,5,success
2,44,66,80597,555.0,415.0,604,469,5,5,success
2,44,67,80613,560.0,420.0,604,469,5,5,success
2,44,68,80629,565.0,425.0,604,469,5,5,success
2,44,69,80645,570.0,430.0,604,469,5,5,success
2,44,70,80661,575.0,435.0,604,469,5,5,success
2,44,71,80677,580.0,440.0,604,469,5,5,success
2,44,72,80923,585.0,445.0,604,469,0,0,success
2,44,73,80938,585.0,445.0,604,469,0,0,success
2,44,74,80954,585.0,445.0,604,469,0,0,success
2,44,75,80970,585.0,445.0,604,469,0,0,success
2,44,76,80986,585.0,445.0,604,469,0,0,success
2,44,77,81001,585.0,445.0,604,469,0,0,success
2,44,78,81017,585.0,445.0,604,469,0,0,success
2,44,79,81033,585.0,445.0,604,469,0,0,success
2,44,80,81049,585.0,445.0,604,469,0,0,success
2,44,81,81065,585.0,445.0,604,469,0,0,success
2,44,82,81081,585.0,445.0,604,469,0,0,success
2,44,83,81097,585.0,445.0,604,469,0,0,success
2,44,84,81113,585.0,445.0,604,469,0,0,success
2,44,85,81130,585.0,445.0,604,469,0,0,success
2,44,86,81145,585.0,445.0,604,469,0,0,success
2,44,87,81162,585.0,445.0,604,469,0,0,success
2,44,88,81177,585.0,445.0,604,469,0,5,success
2,44,89,81193,585.0,450.0,604,469,0,5,success
2,44,90,81209,585.0,455.0,604,469,0,5,success
2,44,91,81225,585.0,460.0,604,469,0,5,success
2,44,92,81241,585.0,465.0,604,469,0,5,success
2,44,93,81257,585.0,470.0,604,469,0,5,success
2,44,94,81273,585.0,475.0,604,469,0,5,success
2,44,95,81290,585.0,480.0,604,469,0,5,success
2,44,96,81305,585.0,485.0,604,469,0,5,success
2,44,97,81321,585.0,490.0,604,469,0,5,success
2,44,98,81337,585.0,495.0,604,469,0,5,success
2,44,99,81353,585.0,500.0,604,469,0,5,success
2,44,100,81369,585.0,505.0,604,469,0,0,success
2,44,101,81385,585.0,505.0,604,469,0,0,success
2,44,102,81402,585.0,505.0,604,469,0,0,success
2,44,103,81418,585.0,505.0,604,469,0,0,success
2,44,104,81434,585.0,505.0,604,469,0,0,success
2,44,105,81451,585.0,505.0,604,469,0,0,success
2,44,106,81466,585.0,505.0,604,469,0,0,success
2,44,107,81482,585.0,505.0,604,469,5,0,success
2,44,108,81498,590.0,505.0,604,469,5,0,success
2,44,109,81514,595.0,505.0,604,469,5,0,success
2,44,110,81530,600.0,505.0,604,469,5,0,success
2,44,111,81546,605.0,505.0,604,469,5,0,success
2,44,112,81562,610.0,505.0,604,469,5,0,success
2,44,113,81579,615.0,505.0,604,469,0,0,success
2,44,114,81594,615.0,505.0,604,469,0,0,success
2,44,115,81610,615.0,505.0,604,469,0,0,success
2,44,116,81626,615.0,505.0,604,469,0,0,success
2,44,117,81642,615.0,505.0,604,469,0,0,success
2,44,118,81659,615.0,505.0,604,469,0,0,success
2,44,119,81674,615.0,505.0,604,469,0,0,success
2,44,120,81691,615.0,505.0,604,469,0,0,success
2,44,121,81706,615.0,505.0,604,469,0,0,success
2,44,122,81722,615.0,505.0,604,469,0,0,success
2,44,123,81738,615.0,505.0,604,469,0,-5,success
2,44,124,81755,615.0,500.0,604,469,0,-5,success
2,44,125,81770,615.0,495.0,604,469,0,-5,success
2,44,126,81786,615.0,490.0,604,469,0,-5,success
2,45,0,82814,375.0,275.0,298,255,0,0,success
2,45,1,82831,375.0,275.0,298,255,0,0,success
2,45,2,82846,375.0,275.0,298,255,0,0,success
2,45,3,82862,375.0,275.0,298,255,0,0,success
2,45,4,82878,375.0,275.0,298,255,0,0,success
2,45,5,82894,375.0,275.0,298,255,0,0,success
2,45,6,82910,375.0,275.0,298,255,0,0,success
2,45,7,82926,375.0,275.0,298,255,0,0,success
2,45,8,82942,375.0,275.0,298,255,0,0,success
2,45,9,82958,375.0,275.0,298,255,0,0,success
2,45,10,82975,375.0,275.0,298,255,0,0,success
2,45,11,82991,375.0,275.0,298,255,0,0,success
2,45,12,83006,375.0,275.0,298,255,0,0,success
2,45,13,83022,375.0,275.0,298,255,0,0,success
2,45,14,83038,375.0,275.0,298,255,0,0,success
2,45,15,83054,375.0,275.0,298,255,0,0,success
2,45,16,83070,375.0,275.0,298,255,0,0,success
2,45,17,83086,375.0,275.0,298,255,0,0,success
2,45,18,83102,375.0,275.0,298,255,0,0,success
2,45,19,83119,375.0,275.0,298,255,0,0,success
2,45,20,83135,375.0,275.0,298,255,0,0,success
2,45,21,83151,375.0,275.0,298,255,0,0,success
2,45,22,83167,375.0,275.0,298,255,0,0,success
2,45,23,83183,375.0,275.0,298,255,0,0,success
2,45,24,83200,375.0,275.0,298,255,0,0,success
2,45,25,83216,375.0,275.0,298,255,0,0,success
2,45,26,83232,375.0,275.0,298,255,0,0,success
2,45,27,83247,375.0,275.0,298,255,0,0,success
2,45,28,83263,375.0,275.0,298,255,0,0,success
2,45,29,83279,375.0,275.0,298,255,-5,0,success
2,45,30,83295,370.0,275.0,298,255,-5,0,success
2,45,31,83311,365.0,275.0,298,255,-5,0,success
2,45,32,83327,360.0,275.0,298,255,-5,0,success
2,45,33,83343,355.0,275.0,298,255,-5,0,success
2,45,34,83359,350.0,275.0,298,255,-5,0,success
2,45,35,83375,345.0,275.0,298,255,-5,0,success
2,45,36,83391,340.0,275.0,298,255,-5,0,success
2,45,37,83407,335.0,275.0,298,255,-5,0,success
2,45,38,83423,330.0,275.0,298,255,-5,0,success
2,45,39,83439,325.0,275.0,298,255,-5,0,success
2,45,40,83455,320.0,275.0,298,255,-5,0,success
2,46,0,84481,375.0,275.0,226,399,0,0,success
2,46,1,84497,375.0,275.0,226,399,0,0,success
2,46,2,84514,375.0,275.0,226,399,0,0,success
2,46,3,84530,375.0,275.0,226,399,0,0,success
2,46,4,84547,375.0,275.0,226,399,0,0,success
2,46,5,84563,375.0,275.0,226,399,0,0,success
2,46,6,84579,375.0,275.0,226,399,0,0,success
2,46,7,84595,375.0,275.0,226,399,0,0,success
2,46,8,84612,375.0,275.0,226,399,0,0,success
2,46,9,84627,375.0,275.0,226,399,0,0,success
2,46,10,84644,375.0,275.0,226,399,0,0,success
2,46,11,84660,375.0,275.0,226,399,0,0,success
2,46,12,84676,375.0,275.0,226,399,0,0,success
2,46,13,84692,375.0,275.0,226,399,0,0,success
2,46,14,84707,375.0,275.0,226,399,0,0,success
2,46,15,84723,375.0,275.0,226,399,0,0,success
2,46,16,84740,375.0,275.0,226,399,0,0,success
2,46,17,84756,375.0,275.0,226,399,0,0,success
2,46,18,84773,375.0,275.0,226,399,0,0,success
2,46,19,84789,375.0,275.0,226,399,0,0,success
2,46,20,84805,375.0,275.0,226,399,0,0,success
2,46,21,84821,375.0,275.0,226,399,0,0,success
2,46,22,84837,375.0,275.0,226,399,0,0,success
2,46,23,84853,375.0,275.0,226,399,0,0,success
2,46,24,84869,375.0,275.0,226,399,0,0,success
2,46,25,84885,375.0,275.0,226,399,0,0,success
2,46,26,84902,375.0,275.0,226,399,0,0,success
2,46,27,84918,375.0,275.0,226,399,0,0,success
2,46,28,84934,375.0,275.0,226,399,-5,0,success
2,46,29,84950,370.0,275.0,226,399,-5,0,success
2,46,30,84966,365.0,275.0,226,399,-5,0,success
2,46,31,84982,360.0,275.0,226,399,-5,0,success
2,46,32,84998,355.0,275.0,226,399,-5,0,success
2,46,33,85014,350.0,275.0,226,399,-5,0,success
2,46,34,85030,345.0,275.0,226,399,-5,0,success
2,46,35,85046,340.0,275.0,226,399,-5,0,success
2,46,36,85062,335.0,275.0,226,399,-5,0,success
2,46,37,85078,330.0,275.0,226,399,-5,0,success
2,46,38,85094,325.0,275.0,226,399,-5,0,success
2,46,39,85110,320.0,275.0,226,399,-5,0,success
2,46,40,85126,315.0,275.0,226,399,-5,0,success
2,46,41,85142,310.0,275.0,226,399,-5,0,success
2,46,42,85158,305.0,275.0,226,399,-5,0,success
2,46,43,85174,300.0,275.0,226,399,-5,0,success
2,46,44,85191,295.0,275.0,226,399,-5,0,success
2,46,45,85206,290.0,275.0,226,399,-5,0,success
2,46,46,85223,285.0,275.0,226,399,-5,5,success
2,46,47,85239,280.0,280.0,226,399,-5,5,success
2,46,48,85255,275.0,285.0,226,399,-5,5,success
2,46,49,85272,270.0,290.0,226,399,-5,5,success
2,46,50,85288,265.0,295.0,226,399,-5,5,success
2,46,51,85304,260.0,300.0,226,399,0,5,success
2,46,52,85320,260.0,305.0,226,399,0,5,success
2,46,53,85337,260.0,310.0,226,399,0,5,success
2,46,54,85353,260.0,315.0,226,399,0,5,success
2,46,55,85370,260.0,320.0,226,399,0,5,success
2,46,56,85386,260.0,325.0,226,399,0,5,success
2,46,57,85403,260.0,330.0,226,399,0,5,success
2,46,58,85420,260.0,335.0,226,399,0,5,success
2,46,59,85435,260.0,340.0,226,399,0,5,success
2,46,60,85452,260.0,345.0,226,399,0,5,success
2,46,61,85468,260.0,350.0,226,399,0,5,success
2,46,62,85484,260.0,355.0,226,399,0,5,success
2,46,63,85500,260.0,360.0,226,399,0,5,success
2,46,64,85516,260.0,365.0,226,399,0,5,success
2,46,65,85532,260.0,370.0,226,399,0,5,success
2,46,66,85548,260.0,375.0,226,399,0,5,success
2,46,67,85564,260.0,380.0,226,399,0,5,success
2,46,68,85580,260.0,385.0,226,399,0,5,success
2,46,69,85596,260.0,390.0,226,399,0,5,success
2,46,70,85612,260.0,395.0,226,399,0,5,success
2,46,71,85629,260.0,400.0,226,399,0,5,success
2,46,72,85644,260.0,405.0,226,399,0,5,success
2,46,73,85660,260.0,410.0,226,399,0,5,success
2,46,74,85677,260.0,415.0,226,399,0,0,success
2,46,75,85693,260.0,415.0,226,399,0,0,success
2,46,76,85709,260.0,415.0,226,399,0,0,success
2,46,77,85725,260.0,415.0,226,399,0,0,success
2,46,78,85741,260.0,415.0,226,399,0,0,success
2,46,79,85758,260.0,415.0,226,399,-5,0,success
2,46,80,85773,255.0,415.0,226,399,-5,0,success
2,46,81,85790,250.0,415.0,226,399,-5,0,success
2,47,0,86817,375.0,275.0,683,413,0,0,success
2,47,1,86834,375.0,275.0,683,413,0,0,success
2,47,2,86849,375.0,275.0,683,413,0,0,success
2,47,3,86865,375.0,275.0,683,413,0,0,success
2,47,4,86881,375.0,275.0,683,413,0,0,success
2,47,5,86897,375.0,275.0,683,413,0,0,success
2,47,6,86914,375.0,275.0,683,413,0,0,success
2,47,7,86929,375.0,275.0,683,413,0,0,success
2,47,8,86945,375.0,275.0,683,413,0,0,success
2,47,9,86961,375.0,275.0,683,413,0,0,success
2,47,10,86978,375.0,275.0,683,413,0,0,success
2,47,11,86994,375.0,275.0,683,413,0,0,success
2,47,12,87009,375.0,275.0,683,413,0,0,success
2,47,13,87025,375.0,275.0,683,413,0,0,success
2,47,14,87042,375.0,275.0,683,413,0,0,success
2,47,15,87057,375.0,275.0,683,413,0,0,success
2,47,16,87073,375.0,275.0,683,413,0,0,success
2,47,17,87090,375.0,275.0,683,413,0,0,success
2,47,18,87105,375.0,275.0,683,413,0,0,success
2,47,19,87122,375.0,275.0,683,413,0,0,success
2,47,20,87138,375.0,275.0,683,413,0,0,success
2,47,21,87154,375.0,275.0,683,413,0,0,success
2,47,22,87170,375.0,275.0,683,413,0,0,success
2,47,23,87186,375.0,275.0,683,413,0,0,success
2,47,24,87202,375.0,275.0,683,413,0,0,success
2,47,25,87218,375.0,275.0,683,413,0,0,success
2,47,26,87235,375.0,275.0,683,413,0,0,success
2,47,27,87252,375.0,275.0,683,413,0,0,success
2,47,28,87268,375.0,275.0,683,413,0,0,success
2,47,29,87284,375.0,275.0,683,413,0,0,success
2,47,30,87300,375.0,275.0,683,413,0,0,success
2,47,31,87316,375.0,275.0,683,413,0,0,success
2,47,32,87333,375.0,275.0,683,413,5,0,success
2,47,33,87349,380.0,275.0,683,413,5,0,success
2,47,34,87365,385.0,275.0,683,413,5,0,success
2,47,35,87381,390.0,275.0,683,413,5,0,success
2,47,36,87399,395.0,275.0,683,413,5,0,success
2,47,37,87414,400.0,275.0,683,413,5,0,success
2,47,38,87430,405.0,275.0,683,413,5,0,success
2,47,39,87447,410.0,275.0,683,413,5,0,success
2,47,40,87462,415.0,275.0,683,413,5,0,success
2,47,41,87478,420.0,275.0,683,413,5,0,success
2,47,42,87495,425.0,275.0,683,413,5,0,success
2,47,43,87510,430.0,275.0,683,413,5,0,success
2,47,44,87526,435.0,275.0,683,413,5,0,success
2,47,45,87542,440.0,275.0,683,413,5,5,success
2,47,46,87558,445.0,280.0,683,413,5,5,success
2,47,47,87575,450.0,285.0,683,413,5,5,success
2,47,48,87590,455.0,290.0,683,413,5,5,success
2,47,49,87606,460.0,295.0,683,413,5,5,success
2,47,50,87623,465.0,300.0,683,413,5,5,success
2,47,51,87638,470.0,305.0,683,413,5,5,success
2,47,52,87654,475.0,310.0,683,413,5,5,success
2,47,53,87670,480.0,315.0,683,413,5,5,success
2,47,54,87686,485.0,320.0,683,413,5,5,success
2,47,55,87702,490.0,325.0,683,413,5,5,success
2,47,56,87719,495.0,330.0,683,413,5,5,success
2,47,57,87734,500.0,335.0,683,413,5,5,success
2,47,58,87750,505.0,340.0,683,413,5,5,success
2,47,59,87767,510.0,345.0,683,413,5,5,success
2,47,60,87783,515.0,350.0,683,413,5,5,success
2,47,61,87799,520.0,355.0,683,413,5,5,success
2,47,62,87815,525.0,360.0,683,413,5,5,success
2,47,63,87831,530.0,365.0,683,413,5,5,success
2,47,64,87847,535.0,370.0,683,413,5,5,success
2,47,65,87863,540.0,375.0,683,413,5,5,success
2,47,66,87880,545.0,380.0,683,413,5,5,success
2,47,67,87895,550.0,385.0,683,413,5,5,success
2,47,68,87912,555.0,390.0,683,413,5,5,success
2,47,69,87927,560.0,395.0,683,413,5,5,success
2,47,70,87943,565.0,400.0,683,413,5,5,success
2,47,71,87959,570.0,405.0,683,413,5,5,success
2,47,72,87976,575.0,410.0,683,413,5,5,success
2,47,73,87991,580.0,415.0,683,413,5,5,success
2,47,74,88006,585.0,420.0,683,413,5,0,success
2,47,75,88022,590.0,420.0,683,413,5,0,success
2,47,76,88038,595.0,420.0,683,413,5,0,success
2,47,77,88054,600.0,420.0,683,413,5,0,success
2,47,78,88070,605.0,420.0,683,413,5,0,success
2,47,79,88087,610.0,420.0,683,413,5,0,success
2,47,80,88103,615.0,420.0,683,413,5,0,success
2,47,81,88119,620.0,420.0,683,413,5,0,success
2,47,82,88135,625.0,420.0,683,413,5,0,success
2,47,83,88152,630.0,420.0,683,413,5,0,success
2,47,84,88167,635.0,420.0,683,413,5,0,success
2,47,85,88183,640.0,420.0,683,413,5,0,success
2,47,86,88199,645.0,420.0,683,413,5,0,success
2,47,87,88215,650.0,420.0,683,413,5,0,success
2,47,88,88232,655.0,420.0,683,413,5,0,success
2,47,89,88247,660.0,420.0,683,413,5,0,success
2,47,90,88263,665.0,420.0,683,413,5,0,success
2,47,91,88279,670.0,420.0,683,413,5,0,success
2,47,92,88295,675.0,420.0,683,413,5,0,success
2,47,93,88311,680.0,420.0,683,413,5,0,success
2,48,0,89336,375.0,275.0,10,270,0,0,success
2,48,1,89352,375.0,275.0,10,270,0,0,success
2,48,2,89368,375.0,275.0,10,270,0,0,success
2,48,3,89384,375.0,275.0,10,270,0,0,success
2,48,4,89401,375.0,275.0,10,270,0,0,success
2,48,5,89417,375.0,275.0,10,270,0,0,success
2,48,6,89434,375.0,275.0,10,270,0,0,success
2,48,7,89450,375.0,275.0,10,270,0,0,success
2,48,8,89466,375.0,275.0,10,270,0,0,success
2,48,9,89482,375.0,275.0,10,270,0,0,success
2,48,10,89498,375.0,275.0,10,270,0,0,success
2,48,11,89514,375.0,275.0,10,270,0,0,success
2,48,12,89531,375.0,275.0,10,270,0,0,success
2,48,13,89547,375.0,275.0,10,270,0,0,success
2,48,14,89564,375.0,275.0,10,270,0,0,success
2,48,15,89579,375.0,275.0,10,270,0,0,success
2,48,16,89596,375.0,275.0,10,270,0,0,success
2,48,17,89613,375.0,275.0,10,270,0,0,success
2,48,18,89628,375.0,275.0,10,270,0,0,success
2,48,19,89645,375.0,275.0,10,270,0,0,success
2,48,20,89660,375.0,275.0,10,270,0,0,success
2,48,21,89676,375.0,275.0,10,270,0,0,success
2,48,22,89693,375.0,275.0,10,270,0,0,success
2,48,23,89708,375.0,275.0,10,270,0,0,success
2,48,24,89724,375.0,275.0,10,270,-5,0,success
2,48,25,89740,370.0,275.0,10,270,-5,0,success
2,48,26,89756,365.0,275.0,10,270,-5,0,success
2,48,27,89772,360.0,275.0,10,270,-5,0,success
2,48,28,89788,355.0,275.0,10,270,-5,0,success
2,48,29,89805,350.0,275.0,10,270,-5,0,success
2,48,30,89821,345.0,275.0,10,270,-5,0,success
2,48,31,89837,340.0,275.0,10,270,-5,0,success
2,48,32,89853,335.0,275.0,10,270,-5,0,success
2,48,33,89869,330.0,275.0,10,270,-5,0,success
2,48,34,89885,325.0,275.0,10,270,-5,0,success
2,48,35,89901,320.0,275.0,10,270,-5,0,success
2,48,36,89917,315.0,275.0,10,270,-5,0,success
2,48,37,89934,310.0,275.0,10,270,-5,0,success
2,48,38,89949,305.0,275.0,10,270,-5,0,success
2,48,39,89966,300.0,275.0,10,270,-5,0,success
2,48,40,89981,295.0,275.0,10,270,-5,0,success
2,48,41,89997,290.0,275.0,10,270,-5,0,success
2,48,42,90013,285.0,275.0,10,270,-5,0,success
2,48,43,90029,280.0,275.0,10,270,-5,0,success
2,48,44,90045,275.0,275.0,10,270,-5,0,success
2,48,45,90062,270.0,275.0,10,270,-5,0,success
2,48,46,90077,265.0,275.0,10,270,-5,0,success
2,48,47,90093,260.0,275.0,10,270,-5,0,success
2,48,48,90109,255.0,275.0,10,270,-5,0,success
2,48,49,90125,250.0,275.0,10,270,-5,0,success
2,48,50,90141,245.0,275.0,10,270,-5,0,success
2,48,51,90158,240.0,275.0,10,270,-5,0,success
2,48,52,90173,235.0,275.0,10,270,-5,0,success
2,48,53,90190,230.0,275.0,10,270,-5,0,success
2,48,54,90205,225.0,275.0,10,270,-5,0,success
2,48,55,90221,220.0,275.0,10,270,-5,0,success
2,48,56,90237,215.0,275.0,10,270,-5,0,success
2,48,57,90253,210.0,275.0,10,270,-5,5,success
2,48,58,90269,205.0,280.0,10,270,-5,5,success
2,48,59,90285,200.0,285.0,10,270,-5,5,success
2,48,60,90301,195.0,290.0,10,270,-5,5,success
2,48,61,90317,190.0,295.0,10,270,-5,0,success
2,48,62,90333,185.0,295.0,10,270,-5,0,success
2,48,63,90349,180.0,295.0,10,270,-5,0,success
2,48,64,90365,175.0,295.0,10,270,-5,0,success
2,48,65,90381,170.0,295.0,10,270,-5,0,success
2,48,66,90399,165.0,295.0,10,270,-5,0,success
2,48,67,90415,160.0,295.0,10,270,-5,0,success
2,48,68,90430,155.0,295.0,10,270,-5,0,success
2,48,69,90446,150.0,295.0,10,270,-5,0,success
2,48,70,90462,145.0,295.0,10,270,-5,0,success
2,48,71,90478,140.0,295.0,10,270,-5,0,success
2,48,72,90494,135.0,295.0,10,270,-5,0,success
2,48,73,90510,130.0,295.0,10,270,-5,0,success
2,48,74,90526,125.0,295.0,10,270,-5,0,success
2,48,75,90542,120.0,295.0,10,270,-5,0,success
2,48,76,90558,115.0,295.0,10,270,-5,0,success
2,48,77,90574,110.0,295.0,10,270,-5,0,success
2,48,78,90590,105.0,295.0,10,270,-5,0,success
2,48,79,90606,100.0,295.0,10,270,-5,0,success
2,48,80,90622,95.0,295.0,10,270,-5,0,success
2,48,81,90638,90.0,295.0,10,270,-5,0,success
2,48,82,90655,85.0,295.0,10,270,-5,0,success
2,48,83,90671,80.0,295.0,10,270,-5,0,success
2,48,84,90688,75.0,295.0,10,270,-5,0,success
2,48,85,90703,70.0,295.0,10,270,-5,0,success
2,48,86,90719,65.0,295.0,10,270,-5,0,success
2,48,87,90735,60.0,295.0,10,270,-5,0,success
2,48,88,90752,55.0,295.0,10,270,-5,0,success
2,48,89,90767,50.0,295.0,10,270,0,0,success
2,48,90,90783,50.0,295.0,10,270,0,0,success
2,48,91,90799,50.0,295.0,10,270,0,0,success
2,48,92,90815,50.0,295.0,10,270,0,0,success
2,48,93,90831,50.0,295.0,10,270,0,0,success
2,48,94,90847,50.0,295.0,10,270,0,0,success
2,48,95,90863,50.0,295.0,10,270,0,0,success
2,48,96,90879,50.0,295.0,10,270,0,0,success
2,48,97,90895,50.0,295.0,10,270,0,0,success
2,48,98,90911,50.0,295.0,10,270,0,0,success
2,48,99,90927,50.0,295.0,10,270,0,0,success
2,48,100,90943,50.0,295.0,10,270,0,0,success
2,48,101,90959,50.0,295.0,10,270,0,0,success
2,48,102,90975,50.0,295.0,10,270,0,0,success
2,48,103,90992,50.0,295.0,10,270,0,0,success
2,48,104,91008,50.0,295.0,10,270,0,0,success
2,48,105,91023,50.0,295.0,10,270,0,0,success
2,48,106,91039,50.0,295.0,10,270,0,0,success
2,48,107,91055,50.0,295.0,10,270,0,0,success
2,48,108,91072,50.0,295.0,10,270,0,0,success
2,48,109,91089,50.0,295.0,10,270,0,0,success
2,48,110,91104,50.0,295.0,10,270,0,0,success
2,48,111,91120,50.0,295.0,10,270,0,0,success
2,48,112,91137,50.0,295.0,10,270,0,0,success
2,48,113,91153,50.0,295.0,10,270,0,0,success
2,48,114,91169,50.0,295.0,10,270,0,0,success
2,48,115,91185,50.0,295.0,10,270,0,-5,success
2,48,116,91201,50.0,290.0,10,270,0,-5,success
2,48,117,91217,50.0,285.0,10,270,0,-5,success
2,48,118,91233,50.0,280.0,10,270,0,-5,success
2,48,119,91250,50.0,275.0,10,270,0,-5,success
2,48,120,91266,50.0,270.0,10,270,0,0,success
2,48,121,91282,50.0,270.0,10,270,0,0,success
2,48,122,91297,50.0,270.0,10,270,0,0,success
2,48,123,91313,50.0,270.0,10,270,0,0,success
2,48,124,91329,50.0,270.0,10,270,0,0,success
2,48,125,91346,50.0,270.0,10,270,0,0,success
2,48,126,91361,50.0,270.0,10,270,0,0,success
2,48,127,91378,50.0,270.0,10,270,0,0,success
2,48,128,91396,50.0,270.0,10,270,0,0,success
2,48,129,91412,50.0,270.0,10,270,0,0,success
2,48,130,91427,50.0,270.0,10,270,0,0,success
2,48,131,91444,50.0,270.0,10,270,0,0,success
2,48,132,91460,50.0,270.0,10,270,0,0,success
2,48,133,91477,50.0,270.0,10,270,-5,0,success
2,48,134,91492,45.0,270.0,10,270,-5,0,success
2,48,135,91508,40.0,270.0,10,270,-5,0,success
2,48,136,91524,35.0,270.0,10,270,-5,0,success
2,49,0,92552,375.0,275.0,605,507,0,0,success
2,49,1,92568,375.0,275.0,605,507,0,0,success
2,49,2,92584,375.0,275.0,605,507,0,0,success
2,49,3,92600,375.0,275.0,605,507,0,0,success
2,49,4,92616,375.0,275.0,605,507,0,0,success
2,49,5,92632,375.0,275.0,605,507,0,0,success
2,49,6,92649,375.0,275.0,605,507,0,0,success
2,49,7,92664,375.0,275.0,605,507,0,0,success
2,49,8,92681,375.0,275.0,605,507,0,0,success
2,49,9,92697,375.0,275.0,605,507,0,0,success
2,49,10,92713,375.0,275.0,605,507,0,0,success
2,49,11,92729,375.0,275.0,605,507,0,0,success
2,49,12,92745,375.0,275.0,605,507,0,0,success
2,49,13,92762,375.0,275.0,605,507,0,0,success
2,49,14,92777,375.0,275.0,605,507,0,0,success
2,49,15,92793,375.0,275.0,605,507,0,0,success
2,49,16,92810,375.0,275.0,605,507,0,0,success
2,49,17,92825,375.0,275.0,605,507,0,0,success
2,49,18,92841,375.0,275.0,605,507,0,0,success
2,49,19,92857,375.0,275.0,605,507,0,0,success
2,49,20,92873,375.0,275.0,605,507,0,0,success
2,49,21,92889,375.0,275.0,605,507,0,0,success
2,49,22,92906,375.0,275.0,605,507,0,0,success
2,49,23,92921,375.0,275.0,605,507,0,0,success
2,49,24,92937,375.0,275.0,605,507,0,0,success
2,49,25,92953,375.0,275.0,605,507,0,0,success
2,49,26,92970,375.0,275.0,605,507,0,0,success
2,49,27,92985,375.0,275.0,605,507,0,0,success
2,49,28,93000,375.0,275.0,605,507,0,0,success
2,49,29,93016,375.0,275.0,605,507,0,0,success
2,49,30,93033,375.0,275.0,605,507,0,0,success
2,49,31,93048,375.0,275.0,605,507,0,0,success
2,49,32,93065,375.0,275.0,605,507,0,0,success
2,49,33,93081,375.0,275.0,605,507,5,0,success
2,49,34,93097,380.0,275.0,605,507,5,0,success
2,49,35,93113,385.0,275.0,605,507,5,0,success
2,49,36,93129,390.0,275.0,605,507,5,0,success
2,49,37,93146,395.0,275.0,605,507,5,0,success
2,49,38,93162,400.0,275.0,605,507,5,5,success
2,49,39,93178,405.0,280.0,605,507,5,5,success
2,49,40,93194,410.0,285.0,605,507,5,5,success
2,49,41,93210,415.0,290.0,605,507,5,5,success
2,49,42,93226,420.0,295.0,605,507,5,5,success
2,49,43,93242,425.0,300.0,605,507,5,5,success
2,49,44,93258,430.0,305.0,605,507,5,5,success
2,49,45,93274,435.0,310.0,605,507,5,5,success
2,49,46,93290,440.0,315.0,605,507,5,5,success
2,49,47,93306,445.0,320.0,605,507,5,5,success
2,49,48,93323,450.0,325.0,605,507,5,5,success
2,49,49,93338,455.0,330.0,605,507,5,5,success
2,49,50,93354,460.0,335.0,605,507,5,5,success
2,49,51,93371,465.0,340.0,605,507,5,5,success
2,49,52,93386,470.0,345.0,605,507,5,5,success
2,49,53,93403,475.0,350.0,605,507,5,5,success
2,49,54,93420,480.0,355.0,605,507,5,5,success
2,49,55,93437,485.0,360.0,605,507,5,5,success
2,49,56,93452,490.0,365.0,605,507,5,0,success
2,49,57,93468,495.0,365.0,605,507,5,0,success
2,49,58,93484,500.0,365.0,605,507,5,0,success
2,49,59,93500,505.0,365.0,605,507,5,0,success
2,49,60,93516,510.0,365.0,605,507,5,0,success
2,49,61,93532,515.0,365.0,605,507,5,0,success
2,49,62,93548,520.0,365.0,605,507,5,0,success
2,49,63,93564,525.0,365.0,605,507,5,0,success
2,49,64,93581,530.0,365.0,605,507,5,0,success
2,49,65,93596,535.0,365.0,605,507,5,0,success
2,49,66,93612,540.0,365.0,605,507,5,0,success
2,49,67,93628,545.0,365.0,605,507,5,0,success
2,49,68,93644,550.0,365.0,605,507,5,5,success
2,49,69,93661,555.0,370.0,605,507,5,5,success
2,49,70,93676,560.0,375.0,605,507,5,5,success
2,49,71,93692,565.0,380.0,605,507,5,5,success
2,49,72,93708,570.0,385.0,605,507,5,5,success
2,49,73,93724,575.0,390.0,605,507,5,5,success
2,49,74,93740,580.0,395.0,605,507,5,5,success
2,49,75,93756,585.0,400.0,605,507,5,5,success
2,49,76,93772,590.0,405.0,605,507,5,5,success
2,49,77,93788,595.0,410.0,605,507,5,5,success
2,49,78,93804,600.0,415.0,605,507,5,5,success
2,49,79,93821,605.0,420.0,605,507,0,5,success
2,49,80,93836,605.0,425.0,605,507,0,5,success
2,49,81,93852,605.0,430.0,605,507,0,5,success
2,49,82,93868,605.0,435.0,605,507,0,5,success
2,49,83,93884,605.0,440.0,605,507,0,5,success
2,49,84,93901,605.0,445.0,605,507,0,5,success
2,49,85,93917,605.0,450.0,605,507,0,5,success
2,49,86,93933,605.0,455.0,605,507,0,5,success
2,49,87,93949,605.0,460.0,605,507,0,5,success
2,49,88,93965,605.0,465.0,605,507,0,5,success
2,49,89,93981,605.0,470.0,605,507,0,5,success
2,49,90,93997,605.0,475.0,605,507,0,5,success
2,49,91,94013,605.0,480.0,605,507,0,5,success
2,49,92,94029,605.0,485.0,605,507,0,5,success
2,49,93,94045,605.0,490.0,605,507,0,5,success
2,49,94,94061,605.0,495.0,605,507,0,5,success
2,49,95,94077,605.0,500.0,605,507,0,5,success
2,49,96,94094,605.0,505.0,605,507,0,5,success
2,50,0,95119,375.0,275.0,683,145,0,0,success
2,50,1,95136,375.0,275.0,683,145,0,0,success
2,50,2,95152,375.0,275.0,683,145,0,0,success
2,50,3,95168,375.0,275.0,683,145,0,0,success
2,50,4,95185,375.0,275.0,683,145,0,0,success
2,50,5,95201,375.0,275.0,683,145,0,0,success
2,50,6,95218,375.0,275.0,683,145,0,0,success
2,50,7,95234,375.0,275.0,683,145,0,0,success
2,50,8,95251,375.0,275.0,683,145,0,0,success
2,50,9,95266,375.0,275.0,683,145,0,0,success
2,50,10,95283,375.0,275.0,683,145,0,0,success
2,50,11,95298,375.0,275.0,683,145,0,0,success
2,50,12,95314,375.0,275.0,683,145,0,0,success
2,50,13,95330,375.0,275.0,683,145,0,0,success
2,50,14,95346,375.0,275.0,683,145,0,0,success
2,50,15,95363,375.0,275.0,683,145,0,0,success
2,50,16,95378,375.0,275.0,683,145,0,0,success
2,50,17,95396,375.0,275.0,683,145,0,0,success
2,50,18,95413,375.0,275.0,683,145,0,0,success
2,50,19,95428,375.0,275.0,683,145,0,0,success
2,50,20,95444,375.0,275.0,683,145,0,0,success
2,50,21,95460,375.0,275.0,683,145,0,0,success
2,50,22,95476,375.0,275.0,683,145,0,0,success
2,50,23,95492,375.0,275.0,683,145,0,0,success
2,50,24,95508,375.0,275.0,683,145,0,0,success
2,50,25,95524,375.0,275.0,683,145,0,0,success
2,50,26,95540,375.0,275.0,683,145,0,0,success
2,50,27,95556,375.0,275.0,683,145,0,0,success
2,50,28,95572,375.0,275.0,683,145,0,0,success
2,50,29,95588,375.0,275.0,683,145,5,0,success
2,50,30,95604,380.0,275.0,683,145,5,0,success
2,50,31,95620,385.0,275.0,683,145,5,0,success
2,50,32,95636,390.0,275.0,683,145,5,0,success
2,50,33,95653,395.0,275.0,683,145,5,0,success
2,50,34,95669,400.0,275.0,683,145,5,0,success
2,50,35,95686,405.0,275.0,683,145,5,0,success
2,50,36,95701,410.0,275.0,683,145,5,0,success
2,50,37,95717,415.0,275.0,683,145,5,0,success
2,50,38,95733,420.0,275.0,683,145,5,0,success
2,50,39,95749,425.0,275.0,683,145,5,0,success
2,50,40,95765,430.0,275.0,683,145,5,0,success
2,50,41,95781,435.0,275.0,683,145,5,0,success
2,50,42,95797,440.0,275.0,683,145,5,0,success
2,50,43,95813,445.0,275.0,683,145,5,0,success
2,50,44,95830,450.0,275.0,683,145,5,0,success
2,50,45,95846,455.0,275.0,683,145,5,-5,success
2,50,46,95862,460.0,270.0,683,145,5,-5,success
2,50,47,95878,465.0,265.0,683,145,5,-5,success
2,50,48,95895,470.0,260.0,683,145,5,-5,success
2,50,49,95910,475.0,255.0,683,145,5,-5,success
2,50,50,95927,480.0,250.0,683,145,5,-5,success
2,50,51,95942,485.0,245.0,683,145,5,-5,success
2,50,52,95959,490.0,240.0,683,145,5,-5,success
2,50,53,95975,495.0,235.0,683,145,5,-5,success
2,50,54,95991,500.0,230.0,683,145,5,-5,success
2,50,55,96006,505.0,225.0,683,145,5,-5,success
2,50,56,96022,510.0,220.0,683,145,5,-5,success
2,50,57,96039,515.0,215.0,683,145,5,-5,success
2,50,58,96055,520.0,210.0,683,145,5,-5,success
2,50,59,96071,525.0,205.0,683,145,5,-5,success
2,50,60,96086,530.0,200.0,683,145,5,-5,success
2,50,61,96102,535.0,195.0,683,145,5,-5,success
2,50,62,96118,540.0,190.0,683,145,5,-5,success
2,50,63,96135,545.0,185.0,683,145,5,-5,success
2,50,64,96150,550.0,180.0,683,145,5,-5,success
2,50,65,96166,555.0,175.0,683,145,5,-5,success
2,50,66,96182,560.0,170.0,683,145,5,-5,success
2,50,67,96199,565.0,165.0,683,145,5,0,success
2,50,68,96215,570.0,165.0,683,145,5,0,success
2,50,69,96231,575.0,165.0,683,145,5,0,success
2,50,70,96247,580.0,165.0,683,145,5,0,success
2,50,71,96263,585.0,165.0,683,145,5,0,success
2,50,72,96279,590.0,165.0,683,145,5,0,success
2,50,73,96296,595.0,165.0,683,145,5,0,success
2,50,74,96311,600.0,165.0,683,145,5,0,success
2,50,75,96327,605.0,165.0,683,145,5,0,success
2,50,76,96343,610.0,165.0,683,145,5,0,success
2,50,77,96359,615.0,165.0,683,145,5,0,success
2,50,78,96375,620.0,165.0,683,145,5,0,success
2,50,79,96391,625.0,165.0,683,145,5,0,success
2,50,80,96407,630.0,165.0,683,145,5,0,success
2,50,81,96423,635.0,165.0,683,145,5,0,success
2,50,82,96439,640.0,165.0,683,145,5,0,success
2,50,83,96456,645.0,165.0,683,145,5,0,success
2,50,84,96473,650.0,165.0,683,145,5,0,success
2,50,85,96488,655.0,165.0,683,145,5,0,success
2,50,86,96504,660.0,165.0,683,145,5,0,success
2,50,87,96520,665.0,165.0,683,145,5,0,success
2,50,88,96536,670.0,165.0,683,145,5,0,success
2,50,89,96552,675.0,165.0,683,145,5,0,success
2,50,90,96568,680.0,165.0,683,145,5,0,success
2,51,0,97594,375.0,275.0,328,119,0,0,success
2,51,1,97610,375.0,275.0,328,119,0,0,success
2,51,2,97626,375.0,275.0,328,119,0,0,success
2,51,3,97642,375.0,275.0,328,119,0,0,success
2,51,4,97658,375.0,275.0,328,119,0,0,success
2,51,5,97674,375.0,275.0,328,119,0,0,success
2,51,6,97690,375.0,275.0,328,119,0,0,success
2,51,7,97706,375.0,275.0,328,119,0,0,success
2,51,8,97723,375.0,275.0,328,119,0,0,success
2,51,9,97740,375.0,275.0,328,119,0,0,success
2,51,10,97755,375.0,275.0,328,119,0,0,success
2,51,11,97771,375.0,275.0,328,119,0,0,success
2,51,12,97787,375.0,275.0,328,119,0,0,success
2,51,13,97804,375.0,275.0,328,119,0,0,success
2,51,14,97819,375.0,275.0,328,119,0,0,success
2,51,15,97836,375.0,275.0,328,119,0,0,success
2,51,16,97851,375.0,275.0,328,119,0,0,success
2,51,17,97867,375.0,275.0,328,119,0,0,success
2,51,18,97883,375.0,275.0,328,119,0,0,success
2,51,19,97899,375.0,275.0,328,119,0,0,success
2,51,20,97915,375.0,275.0,328,119,0,0,success
2,51,21,97931,375.0,275.0,328,119,0,0,success
2,51,22,97947,375.0,275.0,328,119,0,0,success
2,51,23,97963,375.0,275.0,328,119,0,0,success
2,51,24,97980,375.0,275.0,328,119,0,0,success
2,51,25,97995,375.0,275.0,328,119,0,0,success
2,51,26,98010,375.0,275.0,328,119,0,0,success
2,51,27,98027,375.0,275.0,328,119,0,0,success
2,51,28,98042,375.0,275.0,328,119,0,0,success
2,51,29,98058,375.0,275.0,328,119,0,0,success
2,51,30,98074,375.0,275.0,328,119,0,0,success
2,51,31,98090,375.0,275.0,328,119,0,0,success
2,51,32,98106,375.0,275.0,328,119,0,-5,success
2,51,33,98123,375.0,270.0,328,119,0,-5,success
2,51,34,98138,375.0,265.0,328,119,0,-5,success
2,51,35,98154,375.0,260.0,328,119,0,-5,success
2,51,36,98170,375.0,255.0,328,119,0,-5,success
2,51,37,98186,375.0,250.0,328,119,0,-5,success
2,51,38,98202,375.0,245.0,328,119,0,-5,success
2,51,39,98218,375.0,240.0,328,119,0,-5,success
2,51,40,98234,375.0,235.0,328,119,0,-5,success
2,51,41,98250,375.0,230.0,328,119,0,-5,success
2,51,42,98266,375.0,225.0,328,119,0,-5,success
2,51,43,98282,375.0,220.0,328,119,0,-5,success
2,51,44,98298,375.0,215.0,328,119,0,-5,success
2,51,45,98314,375.0,210.0,328,119,0,0,success
2,51,46,98330,375.0,210.0,328,119,0,0,success
2,51,47,98346,375.0,210.0,328,119,0,0,success
2,51,48,98362,375.0,210.0,328,119,-5,0,success
2,51,49,98378,370.0,210.0,328,119,-5,0,success
2,51,50,98395,365.0,210.0,328,119,-5,0,success
2,51,51,98412,360.0,210.0,328,119,-5,0,success
2,51,52,98428,355.0,210.0,328,119,-5,0,success
2,51,53,98444,350.0,210.0,328,119,0,0,success
2,51,54,98460,350.0,210.0,328,119,0,0,success
2,51,55,98476,350.0,210.0,328,119,0,0,success
2,51,56,98493,350.0,210.0,328,119,0,0,success
2,51,57,98508,350.0,210.0,328,119,0,0,success
2,51,58,98524,350.0,210.0,328,119,0,0,success
2,51,59,98541,350.0,210.0,328,119,0,0,success
2,51,60,98557,350.0,210.0,328,119,0,0,success
2,51,61,98573,350.0,210.0,328,119,0,0,success
2,51,62,98589,350.0,210.0,328,119,0,0,success
2,51,63,98606,350.0,210.0,328,119,0,0,success
2,51,64,98623,350.0,210.0,328,119,0,0,success
2,51,65,98639,350.0,210.0,328,119,0,-5,success
2,51,66,98656,350.0,205.0,328,119,0,-5,success
2,51,67,98673,350.0,200.0,328,119,0,-5,success
2,51,68,98688,350.0,195.0,328,119,0,-5,success
2,51,69,98704,350.0,190.0,328,119,0,-5,success
2,51,70,98720,350.0,185.0,328,119,0,-5,success
2,51,71,98736,350.0,180.0,328,119,0,-5,success
2,51,72,98752,350.0,175.0,328,119,0,-5,success
2,51,73,98768,350.0,170.0,328,119,0,-5,success
2,51,74,98784,350.0,165.0,328,119,0,-5,success
2,51,75,98800,350.0,160.0,328,119,0,0,success
2,51,76,98816,350.0,160.0,328,119,0,0,success
2,51,77,98832,350.0,160.0,328,119,0,0,success
2,51,78,98848,350.0,160.0,328,119,0,0,success
2,51,79,98864,350.0,160.0,328,119,0,0,success
2,51,80,98880,350.0,160.0,328,119,0,0,success
2,51,81,98897,350.0,160.0,328,119,0,0,success
2,51,82,98912,350.0,160.0,328,119,0,0,success
2,51,83,98928,350.0,160.0,328,119,0,0,success
2,51,84,98944,350.0,160.0,328,119,0,0,success
2,51,85,98960,350.0,160.0,328,119,0,0,success
2,51,86,98976,350.0,160.0,328,119,0,0,success
2,51,87,98992,350.0,160.0,328,119,0,0,success
2,51,88,99007,350.0,160.0,328,119,0,0,success
2,51,89,99023,350.0,160.0,328,119,0,0,success
2,51,90,99039,350.0,160.0,328,119,0,0,success
2,51,91,99055,350.0,160.0,328,119,0,0,success
2,51,92,99071,350.0,160.0,328,119,0,0,success
2,51,93,99087,350.0,160.0,328,119,0,-5,success
2,51,94,99103,350.0,155.0,328,119,0,-5,success
2,51,95,99119,350.0,150.0,328,119,0,-5,success
2,51,96,99135,350.0,145.0,328,119,0,-5,success
2,51,97,99151,350.0,140.0,328,119,0,0,success
2,51,98,99167,350.0,140.0,328,119,0,0,success
2,51,99,99183,350.0,140.0,328,119,0,0,success
2,51,100,99199,350.0,140.0,328,119,0,0,success
2,51,101,99215,350.0,140.0,328,119,0,0,success
2,51,102,99231,350.0,140.0,328,119,0,0,success
2,51,103,99248,350.0,140.0,328,119,0,0,success
2,51,104,99264,350.0,140.0,328,119,0,0,success
2,51,105,99280,350.0,140.0,328,119,0,0,success
2,51,106,99296,350.0,140.0,328,119,0,0,success
2,51,107,99312,350.0,140.0,328,119,0,0,success
2,51,108,99329,350.0,140.0,328,119,0,0,success
2,51,109,99344,350.0,140.0,328,119,0,0,success
2,51,110,99360,350.0,140.0,328,119,-5,0,success
2,51,111,99376,345.0,140.0,328,119,-5,0,success
2,51,112,99394,340.0,140.0,328,119,-5,0,success
2,51,113,99410,335.0,140.0,328,119,-5,0,success
2,51,114,99426,330.0,140.0,328,119,0,0,success
2,51,115,99442,330.0,140.0,328,119,0,0,success
2,51,116,99458,330.0,140.0,328,119,0,0,success
2,51,117,99474,330.0,140.0,328,119,0,0,success
2,51,118,99490,330.0,140.0,328,119,0,0,success
2,51,119,99506,330.0,140.0,328,119,0,0,success
2,51,120,99522,330.0,140.0,328,119,0,0,success
2,51,121,99538,330.0,140.0,328,119,0,0,success
2,51,122,99554,330.0,140.0,328,119,0,0,success
2,51,123,99570,330.0,140.0,328,119,0,0,success
2,51,124,99586,330.0,140.0,328,119,0,0,success
2,51,125,99602,330.0,140.0,328,119,0,0,success
2,51,126,99618,330.0,140.0,328,119,0,0,success
2,51,127,99635,330.0,140.0,328,119,0,0,success
2,51,128,99651,330.0,140.0,328,119,0,-5,success
2,52,0,100679,375.0,275.0,43,47,0,0,success
2,52,1,100696,375.0,275.0,43,47,0,0,success
2,52,2,100711,375.0,275.0,43,47,0,0,success
2,52,3,100727,375.0,275.0,43,47,0,0,success
2,52,4,100743,375.0,275.0,43,47,0,0,success
2,52,5,100759,375.0,275.0,43,47,0,0,success
2,52,6,100776,375.0,275.0,43,47,0,0,success
2,52,7,100793,375.0,275.0,43,47,0,0,success
2,52,8,100808,375.0,275.0,43,47,0,0,success
2,52,9,100824,375.0,275.0,43,47,0,0,success
2,52,10,100840,375.0,275.0,43,47,0,0,success
2,52,11,100856,375.0,275.0,43,47,0,0,success
2,52,12,100873,375.0,275.0,43,47,0,0,success
2,52,13,100889,375.0,275.0,43,47,0,0,success
2,52,14,100905,375.0,275.0,43,47,0,0,success
2,52,15,100922,375.0,275.0,43,47,0,0,success
2,52,16,100938,375.0,275.0,43,47,0,0,success
2,52,17,100954,375.0,275.0,43,47,0,0,success
2,52,18,100971,375.0,275.0,43,47,0,0,success
2,52,19,100987,375.0,275.0,43,47,0,0,success
2,52,20,101002,375.0,275.0,43,47,0,0,success
2,52,21,101019,375.0,275.0,43,47,0,0,success
2,52,22,101035,375.0,275.0,43,47,0,0,success
2,52,23,101052,375.0,275.0,43,47,0,0,success
2,52,24,101067,375.0,275.0,43,47,0,0,success
2,52,25,101083,375.0,275.0,43,47,0,0,success
2,52,26,101099,375.0,275.0,43,47,0,0,success
2,52,27,101115,375.0,275.0,43,47,0,0,success
2,52,28,101131,375.0,275.0,43,47,0,0,success
2,52,29,101147,375.0,275.0,43,47,-5,0,success
2,52,30,101164,370.0,275.0,43,47,-5,0,success
2,52,31,101180,365.0,275.0,43,47,-5,0,success
2,52,32,101196,360.0,275.0,43,47,-5,0,success
2,52,33,101212,355.0,275.0,43,47,-5,0,success
2,52,34,101229,350.0,275.0,43,47,-5,0,success
2,52,35,101245,345.0,275.0,43,47,-5,0,success
2,52,36,101261,340.0,275.0,43,47,-5,0,success
2,52,37,101278,335.0,275.0,43,47,-5,0,success
2,52,38,101293,330.0,275.0,43,47,-5,0,success
2,52,39,101310,325.0,275.0,43,47,-5,0,success
2,52,40,101325,320.0,275.0,43,47,-5,0,success
2,52,41,101342,315.0,275.0,43,47,-5,0,success
2,52,42,101358,310.0,275.0,43,47,-5,0,success
2,52,43,101373,305.0,275.0,43,47,-5,0,success
2,52,44,101389,300.0,275.0,43,47,-5,0,success
2,52,45,101405,295.0,275.0,43,47,-5,0,success
2,52,46,101421,290.0,275.0,43,47,-5,0,success
2,52,47,101437,285.0,275.0,43,47,-5,-5,success
2,52,48,101453,280.0,270.0,43,47,-5,-5,success
2,52,49,101469,275.0,265.0,43,47,-5,-5,success
2,52,50,101485,270.0,260.0,43,47,-5,-5,success
2,52,51,101502,265.0,255.0,43,47,-5,-5,success
2,52,52,101517,260.0,250.0,43,47,-5,-5,success
2,52,53,101533,255.0,245.0,43,47,-5,-5,success
2,52,54,101549,250.0,240.0,43,47,-5,-5,success
2,52,55,101565,245.0,235.0,43,47,-5,-5,success
2,52,56,101581,240.0,230.0,43,47,-5,-5,success
2,52,57,101598,235.0,225.0,43,47,-5,-5,success
2,52,58,101613,230.0,220.0,43,47,-5,-5,success
2,52,59,101629,225.0,215.0,43,47,-5,-5,success
2,52,60,101645,220.0,210.0,43,47,-5,-5,success
2,52,61,101661,215.0,205.0,43,47,-5,-5,success
2,52,62,101678,210.0,200.0,43,47,-5,-5,success
2,52,63,101695,205.0,195.0,43,47,-5,-5,success
2,52,64,101710,200.0,190.0,43,47,-5,-5,success
2,52,65,101726,195.0,185.0,43,47,-5,-5,success
2,52,66,101742,190.0,180.0,43,47,-5,-5,success
2,52,67,101758,185.0,175.0,43,47,-5,-5,success
2,52,68,101774,180.0,170.0,43,47,-5,-5,success
2,52,69,101791,175.0,165.0,43,47,-5,-5,success
2,52,70,101808,170.0,160.0,43,47,-5,-5,success
2,52,71,101823,165.0,155.0,43,47,-5,-5,success
2,52,72,101840,160.0,150.0,43,47,-5,-5,success
2,52,73,101855,155.0,145.0,43,47,-5,-5,success
2,52,74,101871,150.0,140.0,43,47,-5,-5,success
2,52,75,101887,145.0,135.0,43,47,-5,-5,success
2,52,76,101903,140.0,130.0,43,47,-5,-5,success
2,52,77,101919,135.0,125.0,43,47,-5,-5,success
2,52,78,101935,130.0,120.0,43,47,-5,-5,success
2,52,79,101951,125.0,115.0,43,47,-5,-5,success
2,52,80,101967,120.0,110.0,43,47,-5,-5,success
2,52,81,101983,115.0,105.0,43,47,-5,-5,success
2,52,82,101999,110.0,100.0,43,47,-5,-5,success
2,52,83,102015,105.0,95.0,43,47,-5,-5,success
2,52,84,102031,100.0,90.0,43,47,-5,-5,success
2,52,85,102047,95.0,85.0,43,47,-5,-5,success
2,52,86,102064,90.0,80.0,43,47,-5,-5,success
2,52,87,102079,85.0,75.0,43,47,-5,-5,success
2,52,88,102095,80.0,70.0,43,47,-5,-5,success
2,52,89,102111,75.0,65.0,43,47,-5,0,success
2,52,90,102127,70.0,65.0,43,47,-5,0,success
2,52,91,102144,65.0,65.0,43,47,-5,0,success
2,53,0,103174,375.0,275.0,625,104,0,0,success
2,53,1,103191,375.0,275.0,625,104,0,0,success
2,53,2,103206,375.0,275.0,625,104,0,0,success
2,53,3,103222,375.0,275.0,625,104,0,0,success
2,53,4,103238,375.0,275.0,625,104,0,0,success
2,53,5,103255,375.0,275.0,625,104,0,0,success
2,53,6,103272,375.0,275.0,625,104,0,0,success
2,53,7,103287,375.0,275.0,625,104,0,0,success
2,53,8,103303,375.0,275.0,625,104,0,0,success
2,53,9,103319,375.0,275.0,625,104,0,0,success
2,53,10,103335,375.0,275.0,625,104,0,0,success
2,53,11,103351,375.0,275.0,625,104,0,0,success
2,53,12,103367,375.0,275.0,625,104,0,0,success
2,53,13,103383,375.0,275.0,625,104,0,0,success
2,53,14,103400,375.0,275.0,625,104,0,0,success
2,53,15,103417,375.0,275.0,625,104,0,0,success
2,53,16,103433,375.0,275.0,625,104,0,0,success
2,53,17,103449,375.0,275.0,625,104,0,0,success
2,53,18,103465,375.0,275.0,625,104,0,0,success
2,53,19,103482,375.0,275.0,625,104,0,0,success
2,53,20,103497,375.0,275.0,625,104,0,0,success
2,53,21,103513,375.0,275.0,625,104,0,0,success
2,53,22,103529,375.0,275.0,625,104,0,0,success
2,53,23,103545,375.0,275.0,625,104,0,0,success
2,53,24,103561,375.0,275.0,625,104,0,0,success
2,53,25,103577,375.0,275.0,625,104,0,0,success
2,53,26,103593,375.0,275.0,625,104,0,0,success
2,53,27,103609,375.0,275.0,625,104,0,0,success
2,53,28,103626,375.0,275.0,625,104,0,0,success
2,53,29,103643,375.0,275.0,625,104,0,0,success
2,53,30,103659,375.0,275.0,625,104,0,0,success
2,53,31,103674,375.0,275.0,625,104,0,0,success
2,53,32,103690,375.0,275.0,625,104,0,0,success
2,53,33,103706,375.0,275.0,625,104,0,0,success
2,53,34,103722,375.0,275.0,625,104,5,0,success
2,53,35,103739,380.0,275.0,625,104,5,0,success
2,53,36,103755,385.0,275.0,625,104,5,0,success
2,53,37,103770,390.0,275.0,625,104,5,0,success
2,53,38,103786,395.0,275.0,625,104,5,0,success
2,53,39,103802,400.0,275.0,625,104,5,0,success
2,53,40,103818,405.0,275.0,625,104,5,0,success
2,53,41,103834,410.0,275.0,625,104,5,0,success
2,53,42,103850,415.0,275.0,625,104,5,0,success
2,53,43,103866,420.0,275.0,625,104,5,0,success
2,53,44,103882,425.0,275.0,625,104,5,-5,success
2,53,45,103898,430.0,270.0,625,104,5,-5,success
2,53,46,103915,435.0,265.0,625,104,5,-5,success
2,53,47,103930,440.0,260.0,625,104,5,-5,success
2,53,48,103946,445.0,255.0,625,104,5,-5,success
2,53,49,103962,450.0,250.0,625,104,5,-5,success
2,53,50,103978,455.0,245.0,625,104,5,-5,success
2,53,51,103994,460.0,240.0,625,104,5,-5,success
2,53,52,104009,465.0,235.0,625,104,5,-5,success
2,53,53,104025,470.0,230.0,625,104,5,-5,success
2,53,54,104041,475.0,225.0,625,104,5,-5,success
2,53,55,104057,480.0,220.0,625,104,5,-5,success
2,53,56,104074,485.0,215.0,625,104,5,-5,success
2,53,57,104089,490.0,210.0,625,104,5,-5,success
2,53,58,104105,495.0,205.0,625,104,5,-5,success
2,53,59,104121,500.0,200.0,625,104,5,-5,success
2,53,60,104137,505.0,195.0,625,104,5,-5,success
2,53,61,104153,510.0,190.0,625,104,5,-5,success
2,53,62,104169,515.0,185.0,625,104,5,-5,success
2,53,63,104186,520.0,180.0,625,104,5,-5,success
2,53,64,104202,525.0,175.0,625,104,5,-5,success
2,53,65,104217,530.0,170.0,625,104,5,-5,success
2,53,66,104233,535.0,165.0,625,104,5,-5,success
2,53,67,104250,540.0,160.0,625,104,5,-5,success
2,53,68,104265,545.0,155.0,625,104,5,-5,success
2,53,69,104282,550.0,150.0,625,104,5,-5,success
2,53,70,104297,555.0,145.0,625,104,5,-5,success
2,53,71,104313,560.0,140.0,625,104,5,-5,success
2,53,72,104330,565.0,135.0,625,104,5,-5,success
2,53,73,104347,570.0,130.0,625,104,5,-5,success
2,53,74,104362,575.0,125.0,625,104,5,-5,success
2,53,75,104379,580.0,120.0,625,104,5,-5,success
2,53,76,104397,585.0,115.0,625,104,5,-5,success
2,53,77,104412,590.0,110.0,625,104,5,-5,success
2,53,78,104429,595.0,105.0,625,104,5,0,success
2,53,79,104445,600.0,105.0,625,104,5,0,success
2,53,80,104460,605.0,105.0,625,104,5,0,success
2,53,81,104476,610.0,105.0,625,104,5,0,success
2,53,82,104492,615.0,105.0,625,104,5,0,success
2,53,83,104508,620.0,105.0,625,104,5,0,success
2,54,0,105536,375.0,275.0,412,141,0,0,success
2,54,1,105553,375.0,275.0,412,141,0,0,success
2,54,2,105568,375.0,275.0,412,141,0,0,success
2,54,3,105584,375.0,275.0,412,141,0,0,success
2,54,4,105600,375.0,275.0,412,141,0,0,success
2,54,5,105616,375.0,275.0,412,141,0,0,success
2,54,6,105632,375.0,275.0,412,141,0,0,success
2,54,7,105648,375.0,275.0,412,141,0,0,success
2,54,8,105664,375.0,275.0,412,141,0,0,success
2,54,9,105680,375.0,275.0,412,141,0,0,success
2,54,10,105696,375.0,275.0,412,141,0,0,success
2,54,11,105712,375.0,275.0,412,141,0,0,success
2,54,12,105728,375.0,275.0,412,141,0,0,success
2,54,13,105745,375.0,275.0,412,141,0,0,success
2,54,14,105760,375.0,275.0,412,141,0,0,success
2,54,15,105776,375.0,275.0,412,141,0,0,success
2,54,16,105792,375.0,275.0,412,141,0,0,success
2,54,17,105808,375.0,275.0,412,141,0,0,success
2,54,18,105824,375.0,275.0,412,141,0,0,success
2,54,19,105840,375.0,275.0,412,141,0,0,success
2,54,20,105856,375.0,275.0,412,141,0,0,success
2,54,21,105872,375.0,275.0,412,141,0,0,success
2,54,22,105888,375.0,275.0,412,141,0,0,success
2,54,23,105904,375.0,275.0,412,141,0,0,success
2,54,24,105920,375.0,275.0,412,141,0,0,success
2,54,25,105936,375.0,275.0,412,141,0,0,success
2,54,26,105952,375.0,275.0,412,141,0,0,success
2,54,27,105968,375.0,275.0,412,141,0,0,success
2,54,28,105984,375.0,275.0,412,141,0,0,success
2,54,29,106000,375.0,275.0,412,141,0,0,success
2,54,30,106016,375.0,275.0,412,141,0,0,success
2,54,31,106032,375.0,275.0,412,141,0,0,success
2,54,32,106048,375.0,275.0,412,141,0,0,success
2,54,33,106064,375.0,275.0,412,141,0,0,success
2,54,34,106080,375.0,275.0,412,141,0,0,success
2,54,35,106096,375.0,275.0,412,141,5,0,success
2,54,36,106112,380.0,275.0,412,141,5,0,success
2,54,37,106128,385.0,275.0,412,141,5,-5,success
2,54,38,106144,390.0,270.0,412,141,5,-5,success
2,54,39,106160,395.0,265.0,412,141,5,-5,success
2,54,40,106176,400.0,260.0,412,141,0,-5,success
2,54,41,106192,400.0,255.0,412,141,0,-5,success
2,54,42,106208,400.0,250.0,412,141,0,-5,success
2,54,43,106224,400.0,245.0,412,141,0,-5,success
2,54,44,106240,400.0,240.0,412,141,0,-5,success
2,54,45,106256,400.0,235.0,412,141,5,-5,success
2,54,46,106273,405.0,230.0,412,141,5,-5,success
2,54,47,106288,410.0,225.0,412,141,5,-5,success
2,54,48,106304,415.0,220.0,412,141,5,-5,success
2,54,49,106321,420.0,215.0,412,141,0,-5,success
2,54,50,106337,420.0,210.0,412,141,0,-5,success
2,54,51,106353,420.0,205.0,412,141,0,-5,success
2,54,52,106369,420.0,200.0,412,141,0,-5,success
2,54,53,106385,420.0,195.0,412,141,0,-5,success
2,54,54,106402,420.0,190.0,412,141,0,-5,success
2,54,55,106418,420.0,185.0,412,141,0,-5,success
2,54,56,106434,420.0,180.0,412,141,0,-5,success
2,54,57,106451,420.0,175.0,412,141,0,-5,success
2,54,58,106466,420.0,170.0,412,141,0,-5,success
2,54,59,106482,420.0,165.0,412,141,0,-5,success
2,55,0,107511,375.0,275.0,265,424,0,0,success
2,55,1,107527,375.0,275.0,265,424,0,0,success
2,55,2,107543,375.0,275.0,265,424,0,0,success
2,55,3,107559,375.0,275.0,265,424,0,0,success
2,55,4,107575,375.0,275.0,265,424,0,0,success
2,55,5,107591,375.0,275.0,265,424,0,0,success
2,55,6,107607,375.0,275.0,265,424,0,0,success
2,55,7,107624,375.0,275.0,265,424,0,0,success
2,55,8,107640,375.0,275.0,265,424,0,0,success
2,55,9,107656,375.0,275.0,265,424,0,0,success
2,55,10,107672,375.0,275.0,265,424,0,0,success
2,55,11,107688,375.0,275.0,265,424,0,0,success
2,55,12,107704,375.0,275.0,265,424,0,0,success
2,55,13,107721,375.0,275.0,265,424,0,0,success
2,55,14,107736,375.0,275.0,265,424,0,0,success
2,55,15,107752,375.0,275.0,265,424,0,0,success
2,55,16,107768,375.0,275.0,265,424,0,0,success
2,55,17,107784,375.0,275.0,265,424,0,0,success
2,55,18,107800,375.0,275.0,265,424,0,0,success
2,55,19,107817,375.0,275.0,265,424,0,0,success
2,55,20,107832,375.0,275.0,265,424,0,0,success
2,55,21,107848,375.0,275.0,265,424,0,0,success
2,55,22,107864,375.0,275.0,265,424,0,0,success
2,55,23,107880,375.0,275.0,265,424,0,0,success
2,55,24,107897,375.0,275.0,265,424,0,0,success
2,55,25,107912,375.0,275.0,265,424,0,0,success
2,55,26,107928,375.0,275.0,265,424,0,0,success
2,55,27,107944,375.0,275.0,265,424,0,0,success
2,55,28,107960,375.0,275.0,265,424,0,0,success
2,55,29,107976,375.0,275.0,265,424,0,0,success
2,55,30,107992,375.0,275.0,265,424,0,0,success
2,55,31,108007,375.0,275.0,265,424,0,0,success
2,55,32,108023,375.0,275.0,265,424,0,0,success
2,55,33,108039,375.0,275.0,265,424,0,0,success
2,55,34,108055,375.0,275.0,265,424,0,0,success
2,55,35,108072,375.0,275.0,265,424,0,0,success
2,55,36,108087,375.0,275.0,265,424,0,0,success
2,55,37,108103,375.0,275.0,265,424,-5,0,success
2,55,38,108119,370.0,275.0,265,424,-5,0,success
2,55,39,108135,365.0,275.0,265,424,-5,0,success
2,55,40,108152,360.0,275.0,265,424,-5,0,success
2,55,41,108168,355.0,275.0,265,424,-5,0,success
2,55,42,108184,350.0,275.0,265,424,-5,0,success
2,55,43,108200,345.0,275.0,265,424,-5,0,success
2,55,44,108216,340.0,275.0,265,424,-5,0,success
2,55,45,108232,335.0,275.0,265,424,-5,0,success
2,55,46,108248,330.0,275.0,265,424,-5,0,success
2,55,47,108264,325.0,275.0,265,424,-5,0,success
2,55,48,108280,320.0,275.0,265,424,-5,0,success
2,55,49,108296,315.0,275.0,265,424,-5,0,success
2,55,50,108312,310.0,275.0,265,424,-5,0,success
2,55,51,108329,305.0,275.0,265,424,-5,0,success
2,55,52,108344,300.0,275.0,265,424,-5,0,success
2,55,53,108360,295.0,275.0,265,424,-5,0,success
2,55,54,108376,290.0,275.0,265,424,0,5,success
2,55,55,108393,290.0,280.0,265,424,0,5,success
2,55,56,108410,290.0,285.0,265,424,0,5,success
2,55,57,108425,290.0,290.0,265,424,0,5,success
2,55,58,108442,290.0,295.0,265,424,0,5,success
2,55,59,108458,290.0,300.0,265,424,0,5,success
2,55,60,108475,290.0,305.0,265,424,0,5,success
2,55,61,108491,290.0,310.0,265,424,0,5,success
2,55,62,108507,290.0,315.0,265,424,0,5,success
2,55,63,108523,290.0,320.0,265,424,0,5,success
2,55,64,108539,290.0,325.0,265,424,0,5,success
2,55,65,108556,290.0,330.0,265,424,0,5,success
2,55,66,108572,290.0,335.0,265,424,0,5,success
2,55,67,108588,290.0,340.0,265,424,0,5,success
2,55,68,108604,290.0,345.0,265,424,0,5,success
2,55,69,108620,290.0,350.0,265,424,0,5,success
2,55,70,108636,290.0,355.0,265,424,0,5,success
2,55,71,108652,290.0,360.0,265,424,0,5,success
2,55,72,108668,290.0,365.0,265,424,0,5,success
2,55,73,108684,290.0,370.0,265,424,0,5,success
2,55,74,108700,290.0,375.0,265,424,0,5,success
2,55,75,108716,290.0,380.0,265,424,0,5,success
2,55,76,108732,290.0,385.0,265,424,0,5,success
2,55,77,108748,290.0,390.0,265,424,0,5,success
2,55,78,108765,290.0,395.0,265,424,-5,5,success
2,55,79,108780,285.0,400.0,265,424,-5,0,success
2,55,80,108796,280.0,400.0,265,424,-5,0,success
2,55,81,108812,275.0,400.0,265,424,-5,0,success
2,55,82,108828,270.0,400.0,265,424,0,0,success
2,55,83,108845,270.0,400.0,265,424,0,0,success
2,55,84,108860,270.0,400.0,265,424,0,0,success
2,55,85,108876,270.0,400.0,265,424,0,0,success
2,55,86,108892,270.0,400.0,265,424,0,0,success
2,55,87,108908,270.0,400.0,265,424,0,0,success
2,55,88,108924,270.0,400.0,265,424,0,0,success
2,55,89,108941,270.0,400.0,265,424,0,0,success
2,55,90,108957,270.0,400.0,265,424,0,0,success
2,55,91,108973,270.0,400.0,265,424,0,0,success
2,55,92,108989,270.0,400.0,265,424,0,0,success
2,55,93,109004,270.0,400.0,265,424,0,0,success
2,55,94,109020,270.0,400.0,265,424,0,0,success
2,55,95,109036,270.0,400.0,265,424,0,0,success
2,55,96,109052,270.0,400.0,265,424,0,0,success
2,55,97,109068,270.0,400.0,265,424,0,0,success
2,55,98,109084,270.0,400.0,265,424,0,0,success
2,55,99,109100,270.0,400.0,265,424,0,5,success
2,55,100,109117,270.0,405.0,265,424,0,5,success
2,55,101,109132,270.0,410.0,265,424,0,5,success
2,55,102,109148,270.0,415.0,265,424,0,5,success
2,55,103,109164,270.0,420.0,265,424,0,5,success
2,56,0,110190,375.0,275.0,50,311,0,0,success
2,56,1,110207,375.0,275.0,50,311,0,0,success
2,56,2,110222,375.0,275.0,50,311,0,0,success
2,56,3,110239,375.0,275.0,50,311,0,0,success
2,56,4,110255,375.0,275.0,50,311,0,0,success
2,56,5,110271,375.0,275.0,50,311,0,0,success
2,56,6,110287,375.0,275.0,50,311,0,0,success
2,56,7,110303,375.0,275.0,50,311,0,0,success
2,56,8,110319,375.0,275.0,50,311,0,0,success
2,56,9,110335,375.0,275.0,50,311,0,0,success
2,56,10,110351,375.0,275.0,50,311,0,0,success
2,56,11,110367,375.0,275.0,50,311,0,0,success
2,56,12,110384,375.0,275.0,50,311,0,0,success
2,56,13,110400,375.0,275.0,50,311,0,0,success
2,56,14,110417,375.0,275.0,50,311,0,0,success
2,56,15,110433,375.0,275.0,50,311,0,0,success
2,56,16,110450,375.0,275.0,50,311,0,0,success
2,56,17,110466,375.0,275.0,50,311,0,0,success
2,56,18,110482,375.0,275.0,50,311,0,0,success
2,56,19,110499,375.0,275.0,50,311,0,0,success
2,56,20,110514,375.0,275.0,50,311,0,0,success
2,56,21,110530,375.0,275.0,50,311,0,0,success
2,56,22,110546,375.0,275.0,50,311,0,0,success
2,56,23,110562,375.0,275.0,50,311,0,0,success
2,56,24,110578,375.0,275.0,50,311,0,0,success
2,56,25,110595,375.0,275.0,50,311,0,0,success
2,56,26,110610,375.0,275.0,50,311,0,0,success
2,56,27,110626,375.0,275.0,50,311,0,0,success
2,56,28,110642,375.0,275.0,50,311,0,0,success
2,56,29,110658,375.0,275.0,50,311,0,0,success
2,56,30,110674,375.0,275.0,50,311,0,0,success
2,56,31,110690,375.0,275.0,50,311,-5,0,success
2,56,32,110706,370.0,275.0,50,311,-5,0,success
2,56,33,110723,365.0,275.0,50,311,-5,0,success
2,56,34,110739,360.0,275.0,50,311,-5,0,success
2,56,35,110755,355.0,275.0,50,311,-5,0,success
2,56,36,110771,350.0,275.0,50,311,-5,0,success
2,56,37,110787,345.0,275.0,50,311,-5,0,success
2,56,38,110803,340.0,275.0,50,311,-5,0,success
2,56,39,110819,335.0,275.0,50,311,-5,0,success
2,56,40,110835,330.0,275.0,50,311,-5,0,success
2,56,41,110852,325.0,275.0,50,311,-5,0,success
2,56,42,110869,320.0,275.0,50,311,-5,0,success
2,56,43,110884,315.0,275.0,50,311,-5,0,success
2,56,44,110900,310.0,275.0,50,311,-5,0,success
2,56,45,110916,305.0,275.0,50,311,-5,0,success
2,56,46,110932,300.0,275.0,50,311,-5,0,success
2,56,47,110948,295.0,275.0,50,311,-5,0,success
2,56,48,110965,290.0,275.0,50,311,-5,0,success
2,56,49,110981,285.0,275.0,50,311,-5,0,success
2,56,50,110997,280.0,275.0,50,311,-5,5,success
2,56,51,111013,275.0,280.0,50,311,-5,5,success
2,56,52,111029,270.0,285.0,50,311,-5,5,success
2,56,53,111046,265.0,290.0,50,311,-5,5,success
2,56,54,111061,260.0,295.0,50,311,-5,5,success
2,56,55,111077,255.0,300.0,50,311,-5,5,success
2,56,56,111093,250.0,305.0,50,311,-5,5,success
2,56,57,111109,245.0,310.0,50,311,-5,5,success
2,56,58,111125,240.0,315.0,50,311,-5,5,success
2,56,59,111141,235.0,320.0,50,311,-5,0,success
2,56,60,111157,230.0,320.0,50,311,-5,0,success
2,56,61,111173,225.0,320.0,50,311,-5,0,success
2,56,62,111189,220.0,320.0,50,311,-5,0,success
2,56,63,111205,215.0,320.0,50,311,-5,0,success
2,56,64,111221,210.0,320.0,50,311,-5,0,success
2,56,65,111237,205.0,320.0,50,311,-5,0,success
2,56,66,111253,200.0,320.0,50,311,-5,0,success
2,56,67,111270,195.0,320.0,50,311,-5,0,success
2,56,68,111285,190.0,320.0,50,311,-5,0,success
2,56,69,111301,185.0,320.0,50,311,-5,0,success
2,56,70,111317,180.0,320.0,50,311,-5,0,success
2,56,71,111334,175.0,320.0,50,311,-5,0,success
2,56,72,111350,170.0,320.0,50,311,-5,0,success
2,56,73,111367,165.0,320.0,50,311,-5,0,success
2,56,74,111383,160.0,320.0,50,311,-5,0,success
2,56,75,111400,155.0,320.0,50,311,-5,0,success
2,56,76,111415,150.0,320.0,50,311,-5,0,success
2,56,77,111431,145.0,320.0,50,311,-5,0,success
2,56,78,111447,140.0,320.0,50,311,-5,0,success
2,56,79,111463,135.0,320.0,50,311,-5,0,success
2,56,80,111479,130.0,320.0,50,311,-5,0,success
2,56,81,111495,125.0,320.0,50,311,-5,5,success
2,56,82,111511,120.0,325.0,50,311,-5,5,success
2,56,83,111527,115.0,330.0,50,311,-5,5,success
2,56,84,111543,110.0,335.0,50,311,-5,0,success
2,56,85,111559,105.0,335.0,50,311,-5,0,success
2,56,86,111575,100.0,335.0,50,311,-5,0,success
2,56,87,111591,95.0,335.0,50,311,-5,0,success
2,56,88,111608,90.0,335.0,50,311,0,0,success
2,56,89,111624,90.0,335.0,50,311,0,0,success
2,56,90,111641,90.0,335.0,50,311,0,0,success
2,56,91,111658,90.0,335.0,50,311,0,0,success
2,56,92,111673,90.0,335.0,50,311,0,0,success
2,56,93,111689,90.0,335.0,50,311,0,0,success
2,56,94,111706,90.0,335.0,50,311,0,0,success
2,56,95,111721,90.0,335.0,50,311,0,0,success
2,56,96,111738,90.0,335.0,50,311,0,0,success
2,56,97,111753,90.0,335.0,50,311,0,0,success
2,56,98,111769,90.0,335.0,50,311,0,0,success
2,56,99,111785,90.0,335.0,50,311,0,0,success
2,56,100,111801,90.0,335.0,50,311,0,0,success
2,56,101,111817,90.0,335.0,50,311,0,0,success
2,56,102,111833,90.0,335.0,50,311,0,0,success
2,56,103,111849,90.0,335.0,50,311,0,0,success
2,56,104,111865,90.0,335.0,50,311,0,0,success
2,56,105,111881,90.0,335.0,50,311,0,0,success
2,56,106,111897,90.0,335.0,50,311,0,-5,success
2,56,107,111913,90.0,330.0,50,311,0,-5,success
2,56,108,111929,90.0,325.0,50,311,0,-5,success
2,56,109,111945,90.0,320.0,50,311,0,-5,success
2,56,110,111961,90.0,315.0,50,311,0,0,success
2,56,111,111977,90.0,315.0,50,311,0,0,success
2,56,112,111994,90.0,315.0,50,311,0,0,success
2,56,113,112008,90.0,315.0,50,311,0,0,success
2,56,114,112024,90.0,315.0,50,311,0,0,success
2,56,115,112040,90.0,315.0,50,311,0,0,success
2,56,116,112056,90.0,315.0,50,311,0,0,success
2,56,117,112072,90.0,315.0,50,311,0,0,success
2,56,118,112088,90.0,315.0,50,311,0,0,success
2,56,119,112104,90.0,315.0,50,311,0,0,success
2,56,120,112120,90.0,315.0,50,311,0,0,success
2,56,121,112136,90.0,315.0,50,311,0,0,success
2,56,122,112153,90.0,315.0,50,311,0,0,success
2,56,123,112168,90.0,315.0,50,311,0,0,success
2,56,124,112184,90.0,315.0,50,311,0,0,success
2,56,125,112200,90.0,315.0,50,311,0,0,success
2,56,126,112217,90.0,315.0,50,311,0,0,success
2,56,127,112232,90.0,315.0,50,311,0,0,success
2,56,128,112248,90.0,315.0,50,311,0,0,success
2,56,129,112264,90.0,315.0,50,311,0,0,success
2,56,130,112280,90.0,315.0,50,311,0,0,success
2,56,131,112296,90.0,315.0,50,311,0,0,success
2,56,132,112313,90.0,315.0,50,311,0,0,success
2,56,133,112328,90.0,315.0,50,311,0,0,success
2,56,134,112344,90.0,315.0,50,311,0,0,success
2,56,135,112360,90.0,315.0,50,311,0,0,success
2,56,136,112376,90.0,315.0,50,311,0,0,success
2,56,137,112393,90.0,315.0,50,311,0,0,success
2,56,138,112409,90.0,315.0,50,311,0,0,success
2,56,139,112425,90.0,315.0,50,311,0,0,success
2,56,140,112441,90.0,315.0,50,311,0,0,success
2,56,141,112458,90.0,315.0,50,311,-5,0,success
2,56,142,112473,85.0,315.0,50,311,-5,0,success
2,56,143,112489,80.0,315.0,50,311,-5,0,success
2,56,144,112505,75.0,315.0,50,311,-5,0,success
2,57,0,113533,375.0,275.0,78,174,0,0,success
2,57,1,113548,375.0,275.0,78,174,0,0,success
2,57,2,113565,375.0,275.0,78,174,0,0,success
2,57,3,113582,375.0,275.0,78,174,0,0,success
2,57,4,113598,375.0,275.0,78,174,0,0,success
2,57,5,113615,375.0,275.0,78,174,0,0,success
2,57,6,113630,375.0,275.0,78,174,0,0,success
2,57,7,113646,375.0,275.0,78,174,0,0,success
2,57,8,113662,375.0,275.0,78,174,0,0,success
2,57,9,113931,375.0,275.0,78,174,0,0,success
2,57,10,113947,375.0,275.0,78,174,0,0,success
2,57,11,113963,375.0,275.0,78,174,0,0,success
2,57,12,113979,375.0,275.0,78,174,0,0,success
2,57,13,113995,375.0,275.0,78,174,0,0,success
2,57,14,114010,375.0,275.0,78,174,0,0,success
2,57,15,114026,375.0,275.0,78,174,0,0,success
2,57,16,114043,375.0,275.0,78,174,0,0,success
2,57,17,114060,375.0,275.0,78,174,0,0,success
2,57,18,114075,375.0,275.0,78,174,0,0,success
2,57,19,114091,375.0,275.0,78,174,0,0,success
2,57,20,114108,375.0,275.0,78,174,0,0,success
2,57,21,114124,375.0,275.0,78,174,0,0,success
2,57,22,114141,375.0,275.0,78,174,0,0,success
2,57,23,114156,375.0,275.0,78,174,0,0,success
2,57,24,114172,375.0,275.0,78,174,0,0,success
2,57,25,114188,375.0,275.0,78,174,0,0,success
2,57,26,114204,375.0,275.0,78,174,0,0,success
2,57,27,114220,375.0,275.0,78,174,0,0,success
2,57,28,114236,375.0,275.0,78,174,-5,0,success
2,57,29,114252,370.0,275.0,78,174,-5,0,success
2,57,30,114269,365.0,275.0,78,174,-5,0,success
2,57,31,114284,360.0,275.0,78,174,-5,0,success
2,57,32,114300,355.0,275.0,78,174,-5,0,success
2,57,33,114316,350.0,275.0,78,174,-5,0,success
2,57,34,114332,345.0,275.0,78,174,-5,0,success
2,57,35,114348,340.0,275.0,78,174,-5,0,success
2,57,36,114364,335.0,275.0,78,174,-5,0,success
2,57,37,114380,330.0,275.0,78,174,-5,0,success
2,57,38,114397,325.0,275.0,78,174,-5,0,success
2,57,39,114413,320.0,275.0,78,174,-5,0,success
2,57,40,114429,315.0,275.0,78,174,-5,0,success
2,57,41,114445,310.0,275.0,78,174,-5,0,success
2,57,42,114461,305.0,275.0,78,174,-5,0,success
2,57,43,114477,300.0,275.0,78,174,-5,-5,success
2,57,44,114494,295.0,270.0,78,174,-5,-5,success
2,57,45,114510,290.0,265.0,78,174,-5,-5,success
2,57,46,114526,285.0,260.0,78,174,-5,-5,success
2,57,47,114542,280.0,255.0,78,174,-5,-5,success
2,57,48,114558,275.0,250.0,78,174,-5,-5,success
2,57,49,114575,270.0,245.0,78,174,-5,-5,success
2,57,50,114592,265.0,240.0,78,174,-5,-5,success
2,57,51,114607,260.0,235.0,78,174,-5,-5,success
2,57,52,114623,255.0,230.0,78,174,-5,-5,success
2,57,53,114639,250.0,225.0,78,174,-5,-5,success
2,57,54,114655,245.0,220.0,78,174,-5,-5,success
2,57,55,114671,240.0,215.0,78,174,-5,0,success
2,57,56,114688,235.0,215.0,78,174,-5,0,success
2,57,57,114704,230.0,215.0,78,174,-5,0,success
2,57,58,114720,225.0,215.0,78,174,-5,0,success
2,57,59,114736,220.0,215.0,78,174,-5,0,success
2,57,60,114752,215.0,215.0,78,174,-5,0,success
2,57,61,114768,210.0,215.0,78,174,-5,0,success
2,57,62,114784,205.0,215.0,78,174,-5,0,success
2,57,63,114800,200.0,215.0,78,174,-5,0,success
2,57,64,114816,195.0,215.0,78,174,-5,0,success
2,57,65,114833,190.0,215.0,78,174,-5,0,success
2,57,66,114848,185.0,215.0,78,174,-5,0,success
2,57,67,114864,180.0,215.0,78,174,-5,0,success
2,57,68,114880,175.0,215.0,78,174,-5,0,success
2,57,69,114897,170.0,215.0,78,174,-5,0,success
2,57,70,114913,165.0,215.0,78,174,-5,0,success
2,57,71,114929,160.0,215.0,78,174,-5,0,success
2,57,72,114945,155.0,215.0,78,174,-5,0,success
2,57,73,114961,150.0,215.0,78,174,-5,0,success
2,57,74,114978,145.0,215.0,78,174,-5,0,success
2,57,75,114994,140.0,215.0,78,174,-5,0,success
2,57,76,115009,135.0,215.0,78,174,-5,0,success
2,57,77,115025,130.0,215.0,78,174,-5,-5,success
2,57,78,115041,125.0,210.0,78,174,-5,-5,success
2,57,79,115058,120.0,205.0,78,174,-5,-5,success
2,57,80,115074,115.0,200.0,78,174,-5,-5,success
2,57,81,115090,110.0,195.0,78,174,-5,-5,success
2,57,82,115106,105.0,190.0,78,174,0,0,success
2,57,83,115122,105.0,190.0,78,174,0,0,success
2,57,84,115139,105.0,190.0,78,174,0,0,success
2,57,85,115154,105.0,190.0,78,174,0,0,success
2,57,86,115170,105.0,190.0,78,174,0,0,success
2,57,87,115186,105.0,190.0,78,174,0,0,success
2,57,88,115203,105.0,190.0,78,174,0,0,success
2,57,89,115218,105.0,190.0,78,174,0,0,success
2,57,90,115234,105.0,190.0,78,174,0,0,success
2,57,91,115250,105.0,190.0,78,174,0,0,success
2,57,92,115266,105.0,190.0,78,174,0,0,success
2,57,93,115282,105.0,190.0,78,174,0,0,success
2,57,94,115298,105.0,190.0,78,174,0,0,success
2,57,95,115314,105.0,190.0,78,174,0,0,success
2,57,96,115330,105.0,190.0,78,174,0,0,success
2,57,97,115346,105.0,190.0,78,174,0,0,success
2,57,98,115363,105.0,190.0,78,174,0,0,success
2,57,99,115379,105.0,190.0,78,174,0,0,success
2,57,100,115395,105.0,190.0,78,174,0,0,success
2,57,101,115411,105.0,190.0,78,174,0,0,success
2,57,102,115427,105.0,190.0,78,174,0,0,success
2,57,103,115443,105.0,190.0,78,174,0,0,success
2,57,104,115459,105.0,190.0,78,174,0,0,success
2,57,105,115475,105.0,190.0,78,174,0,0,success
2,57,106,115491,105.0,190.0,78,174,0,0,success
2,57,107,115507,105.0,190.0,78,174,0,0,success
2,57,108,115523,105.0,190.0,78,174,0,0,success
2,57,109,115539,105.0,190.0,78,174,0,0,success
2,57,110,115555,105.0,190.0,78,174,-5,0,success
2,57,111,115571,100.0,190.0,78,174,-5,0,success
2,58,0,116598,375.0,275.0,79,442,0,0,success
2,58,1,116615,375.0,275.0,79,442,0,0,success
2,58,2,116631,375.0,275.0,79,442,0,0,success
2,58,3,116647,375.0,275.0,79,442,0,0,success
2,58,4,116663,375.0,275.0,79,442,0,0,success
2,58,5,116679,375.0,275.0,79,442,0,0,success
2,58,6,116695,375.0,275.0,79,442,0,0,success
2,58,7,116711,375.0,275.0,79,442,0,0,success
2,58,8,116727,375.0,275.0,79,442,0,0,success
2,58,9,116744,375.0,275.0,79,442,0,0,success
2,58,10,116760,375.0,275.0,79,442,0,0,success
2,58,11,116776,375.0,275.0,79,442,0,0,success
2,58,12,116792,375.0,275.0,79,442,0,0,success
2,58,13,116808,375.0,275.0,79,442,0,0,success
2,58,14,116824,375.0,275.0,79,442,0,0,success
2,58,15,116840,375.0,275.0,79,442,0,0,success
2,58,16,116856,375.0,275.0,79,442,0,0,success
2,58,17,116872,375.0,275.0,79,442,0,0,success
2,58,18,116888,375.0,275.0,79,442,0,0,success
2,58,19,116904,375.0,275.0,79,442,0,0,success
2,58,20,116920,375.0,275.0,79,442,0,0,success
2,58,21,116936,375.0,275.0,79,442,0,0,success
2,58,22,116952,375.0,275.0,79,442,0,0,success
2,58,23,116968,375.0,275.0,79,442,0,0,success
2,58,24,116984,375.0,275.0,79,442,0,0,success
2,58,25,117000,375.0,275.0,79,442,0,0,success
2,58,26,117016,375.0,275.0,79,442,0,0,success
2,58,27,117032,375.0,275.0,79,442,0,0,success
2,58,28,117048,375.0,275.0,79,442,0,0,success
2,58,29,117064,375.0,275.0,79,442,0,0,success
2,58,30,117080,375.0,275.0,79,442,0,0,success
2,58,31,117096,375.0,275.0,79,442,0,0,success
2,58,32,117112,375.0,275.0,79,442,0,0,success
2,58,33,117128,375.0,275.0,79,442,0,0,success
2,58,34,117144,375.0,275.0,79,442,0,0,success
2,58,35,117160,375.0,275.0,79,442,0,0,success
2,58,36,117176,375.0,275.0,79,442,0,0,success
2,58,37,117192,375.0,275.0,79,442,0,0,success
2,58,38,117208,375.0,275.0,79,442,0,0,success
2,58,39,117224,375.0,275.0,79,442,0,0,success
2,58,40,117240,375.0,275.0,79,442,-5,0,success
2,58,41,117256,370.0,275.0,79,442,-5,0,success
2,58,42,117272,365.0,275.0,79,442,-5,0,success
2,58,43,117289,360.0,275.0,79,442,-5,0,success
2,58,44,117305,355.0,275.0,79,442,-5,0,success
2,58,45,117321,350.0,275.0,79,442,-5,0,success
2,58,46,117337,345.0,275.0,79,442,-5,0,success
2,58,47,117353,340.0,275.0,79,442,-5,0,success
2,58,48,117369,335.0,275.0,79,442,-5,0,success
2,58,49,117385,330.0,275.0,79,442,-5,0,success
2,58,50,117402,325.0,275.0,79,442,-5,0,success
2,58,51,117418,320.0,275.0,79,442,-5,0,success
2,58,52,117434,315.0,275.0,79,442,-5,0,success
2,58,53,117450,310.0,275.0,79,442,-5,0,success
2,58,54,117466,305.0,275.0,79,442,-5,0,success
2,58,55,117482,300.0,275.0,79,442,-5,0,success
2,58,56,117498,295.0,275.0,79,442,-5,0,success
2,58,57,117514,290.0,275.0,79,442,-5,0,success
2,58,58,117530,285.0,275.0,79,442,-5,5,success
2,58,59,117546,280.0,280.0,79,442,-5,5,success
2,58,60,117563,275.0,285.0,79,442,-5,5,success
2,58,61,117578,270.0,290.0,79,442,-5,5,success
2,58,62,117595,265.0,295.0,79,442,-5,5,success
2,58,63,117611,260.0,300.0,79,442,-5,5,success
2,58,64,117627,255.0,305.0,79,442,-5,5,success
2,58,65,117643,250.0,310.0,79,442,-5,5,success
2,58,66,117659,245.0,315.0,79,442,-5,5,success
2,58,67,117676,240.0,320.0,79,442,-5,5,success
2,58,68,117692,235.0,325.0,79,442,-5,5,success
2,58,69,117708,230.0,330.0,79,442,-5,5,success
2,58,70,117725,225.0,335.0,79,442,-5,5,success
2,58,71,117740,220.0,340.0,79,442,-5,5,success
2,58,72,117756,215.0,345.0,79,442,-5,5,success
2,58,73,117772,210.0,350.0,79,442,-5,5,success
2,58,74,117788,205.0,355.0,79,442,-5,5,success
2,58,75,117804,200.0,360.0,79,442,-5,5,success
2,58,76,117820,195.0,365.0,79,442,-5,5,success
2,58,77,117837,190.0,370.0,79,442,-5,5,success
2,58,78,117853,185.0,375.0,79,442,-5,5,success
2,58,79,117869,180.0,380.0,79,442,-5,5,success
2,58,80,117885,175.0,385.0,79,442,-5,5,success
2,58,81,117901,170.0,390.0,79,442,-5,5,success
2,58,82,117917,165.0,395.0,79,442,-5,5,success
2,58,83,117934,160.0,400.0,79,442,-5,5,success
2,58,84,117950,155.0,405.0,79,442,-5,5,success
2,58,85,117966,150.0,410.0,79,442,-5,5,success
2,58,86,117983,145.0,415.0,79,442,-5,5,success
2,58,87,117998,140.0,420.0,79,442,-5,5,success
2,58,88,118014,135.0,425.0,79,442,-5,5,success
2,58,89,118030,130.0,430.0,79,442,-5,5,success
2,58,90,118047,125.0,435.0,79,442,-5,5,success
2,58,91,118063,120.0,440.0,79,442,-5,5,success
2,58,92,118079,115.0,445.0,79,442,-5,5,success
2,58,93,118096,110.0,450.0,79,442,-5,5,success
2,58,94,118111,105.0,455.0,79,442,0,5,success
2,58,95,118127,105.0,460.0,79,442,0,5,success
2,58,96,118143,105.0,465.0,79,442,0,0,success
2,58,97,118160,105.0,465.0,79,442,0,0,success
2,58,98,118175,105.0,465.0,79,442,0,0,success
2,58,99,118191,105.0,465.0,79,442,0,0,success
2,58,100,118208,105.0,465.0,79,442,0,0,success
2,58,101,118223,105.0,465.0,79,442,0,0,success
2,58,102,118239,105.0,465.0,79,442,0,0,success
2,58,103,118256,105.0,465.0,79,442,0,0,success
2,58,104,118273,105.0,465.0,79,442,0,0,success
2,58,105,118288,105.0,465.0,79,442,0,0,success
2,58,106,118305,105.0,465.0,79,442,0,0,success
2,58,107,118321,105.0,465.0,79,442,0,0,success
2,58,108,118337,105.0,465.0,79,442,0,0,success
2,58,109,118353,105.0,465.0,79,442,0,0,success
2,58,110,118369,105.0,465.0,79,442,0,0,success
2,58,111,118385,105.0,465.0,79,442,0,0,success
2,58,112,118402,105.0,465.0,79,442,0,0,success
2,58,113,118419,105.0,465.0,79,442,0,0,success
2,58,114,118435,105.0,465.0,79,442,0,0,success
2,58,115,118451,105.0,465.0,79,442,0,0,success
2,58,116,118468,105.0,465.0,79,442,0,0,success
2,58,117,118484,105.0,465.0,79,442,0,0,success
2,58,118,118500,105.0,465.0,79,442,0,0,success
2,58,119,118516,105.0,465.0,79,442,0,0,success
2,58,120,118532,105.0,465.0,79,442,0,-5,success
2,58,121,118549,105.0,460.0,79,442,0,-5,success
2,58,122,118564,105.0,455.0,79,442,0,-5,success
2,58,123,118581,105.0,450.0,79,442,0,-5,success
2,58,124,118596,105.0,445.0,79,442,0,0,success
2,58,125,118612,105.0,445.0,79,442,0,0,success
2,58,126,118628,105.0,445.0,79,442,0,0,success
2,58,127,118645,105.0,445.0,79,442,0,0,success
2,58,128,118660,105.0,445.0,79,442,0,0,success
2,58,129,118676,105.0,445.0,79,442,0,0,success
2,58,130,118693,105.0,445.0,79,442,0,0,success
2,58,131,118710,105.0,445.0,79,442,0,0,success
2,58,132,118725,105.0,445.0,79,442,0,0,success
2,58,133,118742,105.0,445.0,79,442,0,0,success
2,58,134,118758,105.0,445.0,79,442,0,0,success
2,58,135,118774,105.0,445.0,79,442,0,0,success
2,58,136,118790,105.0,445.0,79,442,0,0,success
2,58,137,118806,105.0,445.0,79,442,0,0,success
2,58,138,118823,105.0,445.0,79,442,0,0,success
2,58,139,118838,105.0,445.0,79,442,0,0,success
2,58,140,118855,105.0,445.0,79,442,0,0,success
2,58,141,118870,105.0,445.0,79,442,0,0,success
2,58,142,118886,105.0,445.0,79,442,0,0,success
2,58,143,118902,105.0,445.0,79,442,0,0,success
2,58,144,118918,105.0,445.0,79,442,0,0,success
2,58,145,118934,105.0,445.0,79,442,-5,0,success
2,58,146,118950,100.0,445.0,79,442,-5,0,success
2,59,0,119978,375.0,275.0,192,385,0,0,success
2,59,1,119993,375.0,275.0,192,385,0,0,success
2,59,2,120008,375.0,275.0,192,385,0,0,success
2,59,3,120024,375.0,275.0,192,385,0,0,success
2,59,4,120040,375.0,275.0,192,385,0,0,success
2,59,5,120057,375.0,275.0,192,385,0,0,success
2,59,6,120072,375.0,275.0,192,385,0,0,success
2,59,7,120088,375.0,275.0,192,385,0,0,success
2,59,8,120104,375.0,275.0,192,385,0,0,success
2,59,9,120120,375.0,275.0,192,385,0,0,success
2,59,10,120137,375.0,275.0,192,385,0,0,success
2,59,11,120153,375.0,275.0,192,385,0,0,success
2,59,12,120169,375.0,275.0,192,385,0,0,success
2,59,13,120185,375.0,275.0,192,385,0,0,success
2,59,14,120201,375.0,275.0,192,385,0,0,success
2,59,15,120218,375.0,275.0,192,385,0,0,success
2,59,16,120234,375.0,275.0,192,385,0,0,success
2,59,17,120250,375.0,275.0,192,385,0,0,success
2,59,18,120266,375.0,275.0,192,385,0,0,success
2,59,19,120282,375.0,275.0,192,385,0,0,success
2,59,20,120298,375.0,275.0,192,385,0,0,success
2,59,21,120314,375.0,275.0,192,385,0,0,success
2,59,22,120330,375.0,275.0,192,385,0,0,success
2,59,23,120346,375.0,275.0,192,385,0,0,success
2,59,24,120362,375.0,275.0,192,385,0,0,success
2,59,25,120378,375.0,275.0,192,385,0,0,success
2,59,26,120395,375.0,275.0,192,385,0,0,success
2,59,27,120412,375.0,275.0,192,385,0,0,success
2,59,28,120428,375.0,275.0,192,385,0,0,success
2,59,29,120445,375.0,275.0,192,385,0,0,success
2,59,30,120460,375.0,275.0,192,385,0,0,success
2,59,31,120476,375.0,275.0,192,385,0,0,success
2,59,32,120492,375.0,275.0,192,385,0,0,success
2,59,33,120508,375.0,275.0,192,385,-5,0,success
2,59,34,120524,370.0,275.0,192,385,-5,0,success
2,59,35,120540,365.0,275.0,192,385,-5,0,success
2,59,36,120556,360.0,275.0,192,385,-5,0,success
2,59,37,120572,355.0,275.0,192,385,-5,0,success
2,59,38,120588,350.0,275.0,192,385,-5,0,success
2,59,39,120604,345.0,275.0,192,385,-5,0,success
2,59,40,120621,340.0,275.0,192,385,-5,0,success
2,59,41,120636,335.0,275.0,192,385,-5,0,success
2,59,42,120652,330.0,275.0,192,385,-5,0,success
2,59,43,120668,325.0,275.0,192,385,-5,0,success
2,59,44,120684,320.0,275.0,192,385,-5,0,success
2,59,45,120700,315.0,275.0,192,385,-5,0,success
2,59,46,120717,310.0,275.0,192,385,-5,0,success
2,59,47,120732,305.0,275.0,192,385,-5,0,success
2,59,48,120749,300.0,275.0,192,385,-5,0,success
2,59,49,120764,295.0,275.0,192,385,-5,0,success
2,59,50,120780,290.0,275.0,192,385,-5,0,success
2,59,51,120796,285.0,275.0,192,385,-5,0,success
2,59,52,120812,280.0,275.0,192,385,-5,0,success
2,59,53,120829,275.0,275.0,192,385,-5,0,success
2,59,54,120845,270.0,275.0,192,385,-5,5,success
2,59,55,120861,265.0,280.0,192,385,-5,5,success
2,59,56,120877,260.0,285.0,192,385,-5,5,success
2,59,57,120894,255.0,290.0,192,385,-5,5,success
2,59,58,120910,250.0,295.0,192,385,-5,5,success
2,59,59,120927,245.0,300.0,192,385,-5,5,success
2,59,60,120942,240.0,305.0,192,385,-5,5,success
2,59,61,120958,235.0,310.0,192,385,-5,5,success
2,59,62,120975,230.0,315.0,192,385,-5,5,success
2,59,63,120991,225.0,320.0,192,385,-5,5,success
2,59,64,121006,220.0,325.0,192,385,-5,5,success
2,59,65,121023,215.0,330.0,192,385,-5,5,success
2,59,66,121038,210.0,335.0,192,385,-5,5,success
2,59,67,121054,205.0,340.0,192,385,-5,5,success
2,59,68,121070,200.0,345.0,192,385,-5,5,success
2,59,69,121086,195.0,350.0,192,385,-5,5,success
2,59,70,121102,190.0,355.0,192,385,-5,5,success
2,59,71,121118,185.0,360.0,192,385,-5,5,success
2,59,72,121134,180.0,365.0,192,385,-5,5,success
2,59,73,121150,175.0,370.0,192,385,0,5,success
2,59,74,121166,175.0,375.0,192,385,0,5,success
2,59,75,121182,175.0,380.0,192,385,0,5,success
2,59,76,121198,175.0,385.0,192,385,0,0,success
2,59,77,121214,175.0,385.0,192,385,0,0,success
2,59,78,121230,175.0,385.0,192,385,0,0,success
2,59,79,121246,175.0,385.0,192,385,0,0,success
2,59,80,121263,175.0,385.0,192,385,0,0,success
2,59,81,121279,175.0,385.0,192,385,0,0,success
2,59,82,121294,175.0,385.0,192,385,0,0,success
2,59,83,121310,175.0,385.0,192,385,0,0,success
2,59,84,121326,175.0,385.0,192,385,5,0,success
2,59,85,121342,180.0,385.0,192,385,5,0,success
2,59,86,121358,185.0,385.0,192,385,5,0,success
2,59,87,121375,190.0,385.0,192,385,5,0,success
2,60,0,122403,375.0,275.0,105,384,0,0,success
2,60,1,122419,375.0,275.0,105,384,0,0,success
2,60,2,122435,375.0,275.0,105,384,0,0,success
2,60,3,122451,375.0,275.0,105,384,0,0,success
2,60,4,122467,375.0,275.0,105,384,0,0,success
2,60,5,122483,375.0,275.0,105,384,0,0,success
2,60,6,122499,375.0,275.0,105,384,0,0,success
2,60,7,122516,375.0,275.0,105,384,0,0,success
2,60,8,122531,375.0,275.0,105,384,0,0,success
2,60,9,122547,375.0,275.0,105,384,0,0,success
2,60,10,122563,375.0,275.0,105,384,0,0,success
2,60,11,122580,375.0,275.0,105,384,0,0,success
2,60,12,122596,375.0,275.0,105,384,0,0,success
2,60,13,122612,375.0,275.0,105,384,0,0,success
2,60,14,122628,375.0,275.0,105,384,0,0,success
2,60,15,122644,375.0,275.0,105,384,0,0,success
2,60,16,122660,375.0,275.0,105,384,0,0,success
2,60,17,122676,375.0,275.0,105,384,0,0,success
2,60,18,122693,375.0,275.0,105,384,0,0,success
2,60,19,122708,375.0,275.0,105,384,0,0,success
2,60,20,122724,375.0,275.0,105,384,0,0,success
2,60,21,122741,375.0,275.0,105,384,0,0,success
2,60,22,122756,375.0,275.0,105,384,0,0,success
2,60,23,122773,375.0,275.0,105,384,0,0,success
2,60,24,122788,375.0,275.0,105,384,0,0,success
2,60,25,122804,375.0,275.0,105,384,0,0,success
2,60,26,122820,375.0,275.0,105,384,0,0,success
2,60,27,122837,375.0,275.0,105,384,0,0,success
2,60,28,122852,375.0,275.0,105,384,0,0,success
2,60,29,122868,375.0,275.0,105,384,0,5,success
2,60,30,122884,375.0,280.0,105,384,0,5,success
2,60,31,122900,375.0,285.0,105,384,0,5,success
2,60,32,122916,375.0,290.0,105,384,0,5,success
2,60,33,122932,375.0,295.0,105,384,0,5,success
2,60,34,122948,375.0,300.0,105,384,0,5,success
2,60,35,122965,375.0,305.0,105,384,0,5,success
2,60,36,122980,375.0,310.0,105,384,0,5,success
2,60,37,122996,375.0,315.0,105,384,0,5,success
2,60,38,123012,375.0,320.0,105,384,0,5,success
2,60,39,123028,375.0,325.0,105,384,0,5,success
2,60,40,123044,375.0,330.0,105,384,0,5,success
2,60,41,123060,375.0,335.0,105,384,0,5,success
2,60,42,123076,375.0,340.0,105,384,0,5,success
2,60,43,123092,375.0,345.0,105,384,0,5,success
2,60,44,123109,375.0,350.0,105,384,0,5,success
2,60,45,123124,375.0,355.0,105,384,0,5,success
2,60,46,123140,375.0,360.0,105,384,0,5,success
2,60,47,123156,375.0,365.0,105,384,0,5,success
2,60,48,123172,375.0,370.0,105,384,0,5,success
2,60,49,123188,375.0,375.0,105,384,0,5,success
2,60,50,123204,375.0,380.0,105,384,0,5,success
2,60,51,123220,375.0,385.0,105,384,-5,5,success
2,60,52,123236,370.0,390.0,105,384,-5,5,success
2,60,53,123252,365.0,395.0,105,384,-5,5,success
2,60,54,123268,360.0,400.0,105,384,-5,5,success
2,60,55,123284,355.0,405.0,105,384,-5,5,success
2,60,56,123301,350.0,410.0,105,384,-5,0,success
2,60,57,123317,345.0,410.0,105,384,-5,0,success
2,60,58,123334,340.0,410.0,105,384,-5,0,success
2,60,59,123351,335.0,410.0,105,384,-5,0,success
2,60,60,123366,330.0,410.0,105,384,-5,0,success
2,60,61,123382,325.0,410.0,105,384,-5,0,success
2,60,62,123400,320.0,410.0,105,384,-5,0,success
2,60,63,123415,315.0,410.0,105,384,-5,0,success
2,60,64,123431,310.0,410.0,105,384,-5,0,success
2,60,65,123448,305.0,410.0,105,384,-5,0,success
2,60,66,123464,300.0,410.0,105,384,-5,0,success
2,60,67,123480,295.0,410.0,105,384,-5,0,success
2,60,68,123496,290.0,410.0,105,384,-5,0,success
2,60,69,123512,285.0,410.0,105,384,-5,0,success
2,60,70,123529,280.0,410.0,105,384,-5,0,success
2,60,71,123545,275.0,410.0,105,384,-5,0,success
2,60,72,123561,270.0,410.0,105,384,-5,0,success
2,60,73,123577,265.0,410.0,105,384,-5,0,success
2,60,74,123593,260.0,410.0,105,384,-5,0,success
2,60,75,123610,255.0,410.0,105,384,-5,0,success
2,60,76,123625,250.0,410.0,105,384,-5,0,success
2,60,77,123641,245.0,410.0,105,384,-5,0,success
2,60,78,123657,240.0,410.0,105,384,-5,0,success
2,60,79,123673,235.0,410.0,105,384,-5,0,success
2,60,80,123690,230.0,410.0,105,384,-5,0,success
2,60,81,123706,225.0,410.0,105,384,-5,0,success
2,60,82,123722,220.0,410.0,105,384,-5,0,success
2,60,83,123738,215.0,410.0,105,384,-5,0,success
2,60,84,123755,210.0,410.0,105,384,-5,0,success
2,60,85,123770,205.0,410.0,105,384,-5,0,success
2,60,86,123787,200.0,410.0,105,384,-5,0,success
2,60,87,123803,195.0,410.0,105,384,-5,0,success
2,60,88,123818,190.0,410.0,105,384,-5,0,success
2,60,89,123834,185.0,410.0,105,384,-5,0,success
2,60,90,123850,180.0,410.0,105,384,-5,0,success
2,60,91,123866,175.0,410.0,105,384,-5,0,success
2,60,92,123882,170.0,410.0,105,384,-5,0,success
2,60,93,123898,165.0,410.0,105,384,-5,0,success
2,60,94,123914,160.0,410.0,105,384,-5,0,success
2,60,95,123930,155.0,410.0,105,384,-5,0,success
2,60,96,123946,150.0,410.0,105,384,-5,0,success
2,60,97,123962,145.0,410.0,105,384,-5,0,success
2,60,98,123979,140.0,410.0,105,384,-5,0,success
2,60,99,123995,135.0,410.0,105,384,-5,0,success
2,60,100,124010,130.0,410.0,105,384,-5,0,success
2,60,101,124026,125.0,410.0,105,384,-5,0,success
2,60,102,124042,120.0,410.0,105,384,-5,0,success
2,60,103,124058,115.0,410.0,105,384,-5,-5,success
2,60,104,124074,110.0,405.0,105,384,0,-5,success
2,61,0,125104,375.0,275.0,137,394,0,0,success
2,61,1,125120,375.0,275.0,137,394,0,0,success
2,61,2,125137,375.0,275.0,137,394,0,0,success
2,61,3,125153,375.0,275.0,137,394,0,0,success
2,61,4,125169,375.0,275.0,137,394,0,0,success
2,61,5,125185,375.0,275.0,137,394,0,0,success
2,61,6,125201,375.0,275.0,137,394,0,0,success
2,61,7,125217,375.0,275.0,137,394,0,0,success
2,61,8,125233,375.0,275.0,137,394,0,0,success
2,61,9,125249,375.0,275.0,137,394,0,0,success
2,61,10,125265,375.0,275.0,137,394,0,0,success
2,61,11,125282,375.0,275.0,137,394,0,0,success
2,61,12,125299,375.0,275.0,137,394,0,0,success
2,61,13,125315,375.0,275.0,137,394,0,0,success
2,61,14,125330,375.0,275.0,137,394,0,0,success
2,61,15,125346,375.0,275.0,137,394,0,0,success
2,61,16,125362,375.0,275.0,137,394,0,0,success
2,61,17,125379,375.0,275.0,137,394,0,0,success
2,61,18,125396,375.0,275.0,137,394,0,0,success
2,61,19,125412,375.0,275.0,137,394,0,0,success
2,61,20,125428,375.0,275.0,137,394,0,0,success
2,61,21,125443,375.0,275.0,137,394,0,0,success
2,61,22,125459,375.0,275.0,137,394,0,0,success
2,61,23,125475,375.0,275.0,137,394,0,0,success
2,61,24,125491,375.0,275.0,137,394,0,0,success
2,61,25,125507,375.0,275.0,137,394,0,0,success
2,61,26,125524,375.0,275.0,137,394,0,0,success
2,61,27,125540,375.0,275.0,137,394,0,0,success
2,61,28,125556,375.0,275.0,137,394,-5,0,success
2,61,29,125572,370.0,275.0,137,394,-5,0,success
2,61,30,125588,365.0,275.0,137,394,-5,0,success
2,61,31,125604,360.0,275.0,137,394,-5,0,success
2,61,32,125620,355.0,275.0,137,394,-5,0,success
2,61,33,125637,350.0,275.0,137,394,-5,0,success
2,61,34,125654,345.0,275.0,137,394,-5,0,success
2,61,35,125669,340.0,275.0,137,394,-5,0,success
2,61,36,125685,335.0,275.0,137,394,-5,0,success
2,61,37,125701,330.0,275.0,137,394,-5,5,success
2,61,38,125717,325.0,280.0,137,394,-5,5,success
2,61,39,125733,320.0,285.0,137,394,-5,5,success
2,61,40,125749,315.0,290.0,137,394,-5,5,success
2,61,41,125765,310.0,295.0,137,394,-5,5,success
2,61,42,125781,305.0,300.0,137,394,-5,5,success
2,61,43,125797,300.0,305.0,137,394,-5,5,success
2,61,44,125814,295.0,310.0,137,394,-5,5,success
2,61,45,125829,290.0,315.0,137,394,-5,5,success
2,61,46,125846,285.0,320.0,137,394,-5,5,success
2,61,47,125862,280.0,325.0,137,394,-5,5,success
2,61,48,125878,275.0,330.0,137,394,-5,5,success
2,61,49,125894,270.0,335.0,137,394,-5,5,success
2,61,50,125910,265.0,340.0,137,394,-5,5,success
2,61,51,125926,260.0,345.0,137,394,-5,5,success
2,61,52,125942,255.0,350.0,137,394,-5,5,success
2,61,53,125958,250.0,355.0,137,394,-5,0,success
2,61,54,125974,245.0,355.0,137,394,-5,0,success
2,61,55,125990,240.0,355.0,137,394,-5,0,success
2,61,56,126005,235.0,355.0,137,394,-5,0,success
2,61,57,126021,230.0,355.0,137,394,-5,0,success
2,61,58,126037,225.0,355.0,137,394,-5,0,success
2,61,59,126053,220.0,355.0,137,394,-5,0,success
2,61,60,126069,215.0,355.0,137,394,-5,0,success
2,61,61,126085,210.0,355.0,137,394,-5,0,success
2,61,62,126101,205.0,355.0,137,394,-5,0,success
2,61,63,126117,200.0,355.0,137,394,-5,0,success
2,61,64,126133,195.0,355.0,137,394,-5,0,success
2,61,65,126149,190.0,355.0,137,394,-5,0,success
2,61,66,126165,185.0,355.0,137,394,-5,0,success
2,61,67,126181,180.0,355.0,137,394,-5,0,success
2,61,68,126197,175.0,355.0,137,394,-5,0,success
2,61,69,126213,170.0,355.0,137,394,-5,0,success
2,61,70,126229,165.0,355.0,137,394,-5,0,success
2,61,71,126245,160.0,355.0,137,394,-5,0,success
2,61,72,126261,155.0,355.0,137,394,-5,0,success
2,61,73,126277,150.0,355.0,137,394,0,5,success
2,61,74,126293,150.0,360.0,137,394,0,5,success
2,61,75,126310,150.0,365.0,137,394,0,5,success
2,61,76,126326,150.0,370.0,137,394,0,5,success
2,61,77,126342,150.0,375.0,137,394,0,5,success
2,61,78,126358,150.0,380.0,137,394,0,5,success
2,61,79,126375,150.0,385.0,137,394,0,5,success
2,61,80,126393,150.0,390.0,137,394,0,5,success
2,62,0,127423,375.0,275.0,197,432,0,0,success
2,62,1,127439,375.0,275.0,197,432,0,0,success
2,62,2,127455,375.0,275.0,197,432,0,0,success
2,62,3,127471,375.0,275.0,197,432,0,0,success
2,62,4,127487,375.0,275.0,197,432,0,0,success
2,62,5,127504,375.0,275.0,197,432,0,0,success
2,62,6,127520,375.0,275.0,197,432,0,0,success
2,62,7,127536,375.0,275.0,197,432,0,0,success
2,62,8,127552,375.0,275.0,197,432,0,0,success
2,62,9,127568,375.0,275.0,197,432,0,0,success
2,62,10,127584,375.0,275.0,197,432,0,0,success
2,62,11,127600,375.0,275.0,197,432,0,0,success
2,62,12,127617,375.0,275.0,197,432,0,0,success
2,62,13,127634,375.0,275.0,197,432,0,0,success
2,62,14,127649,375.0,275.0,197,432,0,0,success
2,62,15,127665,375.0,275.0,197,432,0,0,success
2,62,16,127681,375.0,275.0,197,432,0,0,success
2,62,17,127697,375.0,275.0,197,432,0,0,success
2,62,18,127713,375.0,275.0,197,432,0,0,success
2,62,19,127729,375.0,275.0,197,432,0,0,success
2,62,20,127745,375.0,275.0,197,432,0,0,success
2,62,21,127761,375.0,275.0,197,432,0,0,success
2,62,22,127777,375.0,275.0,197,432,0,0,success
2,62,23,127793,375.0,275.0,197,432,0,0,success
2,62,24,127809,375.0,275.0,197,432,0,0,success
2,62,25,127825,375.0,275.0,197,432,0,0,success
2,62,26,127841,375.0,275.0,197,432,0,0,success
2,62,27,127857,375.0,275.0,197,432,0,0,success
2,62,28,127873,375.0,275.0,197,432,0,0,success
2,62,29,127889,375.0,275.0,197,432,0,5,success
2,62,30,127905,375.0,280.0,197,432,0,5,success
2,62,31,127921,375.0,285.0,197,432,0,5,success
2,62,32,127937,375.0,290.0,197,432,0,5,success
2,62,33,127954,375.0,295.0,197,432,0,5,success
2,62,34,127970,375.0,300.0,197,432,0,5,success
2,62,35,127986,375.0,305.0,197,432,0,5,success
2,62,36,128001,375.0,310.0,197,432,0,5,success
2,62,37,128017,375.0,315.0,197,432,0,5,success
2,62,38,128033,375.0,320.0,197,432,0,5,success
2,62,39,128049,375.0,325.0,197,432,0,5,success
2,62,40,128065,375.0,330.0,197,432,0,5,success
2,62,41,128082,375.0,335.0,197,432,0,5,success
2,62,42,128097,375.0,340.0,197,432,0,5,success
2,62,43,128113,375.0,345.0,197,432,0,5,success
2,62,44,128129,375.0,350.0,197,432,0,5,success
2,62,45,128145,375.0,355.0,197,432,0,5,success
2,62,46,128161,375.0,360.0,197,432,0,5,success
2,62,47,128177,375.0,365.0,197,432,0,5,success
2,62,48,128193,375.0,370.0,197,432,0,5,success
2,62,49,128209,375.0,375.0,197,432,0,5,success
2,62,50,128225,375.0,380.0,197,432,0,5,success
2,62,51,128241,375.0,385.0,197,432,0,5,success
2,62,52,128257,375.0,390.0,197,432,0,5,success
2,62,53,128273,375.0,395.0,197,432,0,5,success
2,62,54,128289,375.0,400.0,197,432,0,5,success
2,62,55,128305,375.0,405.0,197,432,0,5,success
2,62,56,128322,375.0,410.0,197,432,-5,5,success
2,62,57,128338,370.0,415.0,197,432,-5,5,success
2,62,58,128354,365.0,420.0,197,432,-5,5,success
2,62,59,128370,360.0,425.0,197,432,-5,5,success
2,62,60,128386,355.0,430.0,197,432,-5,5,success
2,62,61,128404,350.0,435.0,197,432,-5,5,success
2,62,62,128420,345.0,440.0,197,432,-5,5,success
2,62,63,128436,340.0,445.0,197,432,-5,5,success
2,62,64,128452,335.0,450.0,197,432,-5,5,success
2,62,65,128468,330.0,455.0,197,432,-5,5,success
2,62,66,128485,325.0,460.0,197,432,-5,5,success
2,62,67,128500,320.0,465.0,197,432,-5,5,success
2,62,68,128517,315.0,470.0,197,432,-5,5,success
2,62,69,128533,310.0,475.0,197,432,-5,5,success
2,62,70,128549,305.0,480.0,197,432,-5,5,success
2,62,71,128565,300.0,485.0,197,432,-5,5,success
2,62,72,128581,295.0,490.0,197,432,-5,5,success
2,62,73,128597,290.0,495.0,197,432,-5,5,success
2,62,74,128613,285.0,500.0,197,432,-5,5,success
2,62,75,128629,280.0,505.0,197,432,-5,0,success
2,62,76,128645,275.0,505.0,197,432,-5,0,success
2,62,77,128661,270.0,505.0,197,432,-5,0,success
2,62,78,128677,265.0,505.0,197,432,-5,0,success
2,62,79,128693,260.0,505.0,197,432,-5,0,success
2,62,80,128709,255.0,505.0,197,432,-5,0,success
2,62,81,128725,250.0,505.0,197,432,-5,0,success
2,62,82,128741,245.0,505.0,197,432,-5,0,success
2,62,83,128758,240.0,505.0,197,432,-5,0,success
2,62,84,128773,235.0,505.0,197,432,-5,0,success
2,62,85,128789,230.0,505.0,197,432,-5,0,success
2,62,86,128805,225.0,505.0,197,432,0,-5,success
2,62,87,128821,225.0,500.0,197,432,0,-5,success
2,62,88,128837,225.0,495.0,197,432,0,-5,success
2,62,89,128854,225.0,490.0,197,432,0,-5,success
2,62,90,128870,225.0,485.0,197,432,0,-5,success
2,62,91,128886,225.0,480.0,197,432,0,-5,success
2,62,92,128902,225.0,475.0,197,432,0,-5,success
2,62,93,128918,225.0,470.0,197,432,0,-5,success
2,62,94,128934,225.0,465.0,197,432,0,-5,success
2,62,95,128950,225.0,460.0,197,432,0,0,success
2,62,96,128967,225.0,460.0,197,432,0,0,success
2,62,97,128982,225.0,460.0,197,432,0,0,success
2,62,98,128998,225.0,460.0,197,432,0,0,success
2,62,99,129014,225.0,460.0,197,432,0,0,success
2,62,100,129030,225.0,460.0,197,432,0,0,success
2,62,101,129046,225.0,460.0,197,432,0,0,success
2,62,102,129062,225.0,460.0,197,432,0,0,success
2,62,103,129079,225.0,460.0,197,432,0,0,success
2,62,104,129095,225.0,460.0,197,432,0,0,success
2,62,105,129111,225.0,460.0,197,432,0,0,success
2,62,106,129127,225.0,460.0,197,432,0,0,success
2,62,107,129143,225.0,460.0,197,432,0,0,success
2,62,108,129159,225.0,460.0,197,432,0,0,success
2,62,109,129176,225.0,460.0,197,432,0,0,success
2,62,110,129191,225.0,460.0,197,432,0,0,success
2,62,111,129207,225.0,460.0,197,432,-5,0,success
2,62,112,129223,220.0,460.0,197,432,-5,0,success
2,62,113,129239,215.0,460.0,197,432,-5,0,success
2,62,114,129255,210.0,460.0,197,432,-5,0,success
2,62,115,129271,205.0,460.0,197,432,-5,0,success
2,62,116,129287,200.0,460.0,197,432,0,0,success
2,62,117,129303,200.0,460.0,197,432,0,0,success
2,62,118,129320,200.0,460.0,197,432,0,0,success
2,62,119,129336,200.0,460.0,197,432,0,0,success
2,62,120,129352,200.0,460.0,197,432,0,0,success
2,62,121,129368,200.0,460.0,197,432,0,0,success
2,62,122,129384,200.0,460.0,197,432,0,0,success
2,62,123,129401,200.0,460.0,197,432,0,0,success
2,62,124,129417,200.0,460.0,197,432,0,-5,success
2,62,125,129433,200.0,455.0,197,432,0,-5,success
2,63,0,130462,375.0,275.0,196,287,0,0,success
2,63,1,130478,375.0,275.0,196,287,0,0,success
2,63,2,130494,375.0,275.0,196,287,0,0,success
2,63,3,130510,375.0,275.0,196,287,0,0,success
2,63,4,130526,375.0,275.0,196,287,0,0,success
2,63,5,130543,375.0,275.0,196,287,0,0,success
2,63,6,130559,375.0,275.0,196,287,0,0,success
2,63,7,130575,375.0,275.0,196,287,0,0,success
2,63,8,130591,375.0,275.0,196,287,0,0,success
2,63,9,130607,375.0,275.0,196,287,0,0,success
2,63,10,130623,375.0,275.0,196,287,0,0,success
2,63,11,130640,375.0,275.0,196,287,0,0,success
2,63,12,130657,375.0,275.0,196,287,0,0,success
2,63,13,130672,375.0,275.0,196,287,0,0,success
2,63,14,130688,375.0,275.0,196,287,0,0,success
2,63,15,130704,375.0,275.0,196,287,0,0,success
2,63,16,130720,375.0,275.0,196,287,0,0,success
2,63,17,130737,375.0,275.0,196,287,0,0,success
2,63,18,130752,375.0,275.0,196,287,0,0,success
2,63,19,130768,375.0,275.0,196,287,0,0,success
2,63,20,130784,375.0,275.0,196,287,0,0,success
2,63,21,130800,375.0,275.0,196,287,0,0,success
2,63,22,130816,375.0,275.0,196,287,0,0,success
2,63,23,130832,375.0,275.0,196,287,0,0,success
2,63,24,130849,375.0,275.0,196,287,0,0,success
2,63,25,130865,375.0,275.0,196,287,0,0,success
2,63,26,130882,375.0,275.0,196,287,-5,0,success
2,63,27,130898,370.0,275.0,196,287,-5,0,success
2,63,28,130913,365.0,275.0,196,287,-5,0,success
2,63,29,130929,360.0,275.0,196,287,-5,0,success
2,63,30,130945,355.0,275.0,196,287,-5,0,success
2,63,31,130962,350.0,275.0,196,287,-5,0,success
2,63,32,130978,345.0,275.0,196,287,-5,0,success
2,63,33,130994,340.0,275.0,196,287,-5,0,success
2,63,34,131008,335.0,275.0,196,287,-5,0,success
2,63,35,131025,330.0,275.0,196,287,-5,0,success
2,63,36,131041,325.0,275.0,196,287,-5,0,success
2,63,37,131058,320.0,275.0,196,287,-5,0,success
2,63,38,131073,315.0,275.0,196,287,-5,0,success
2,63,39,131090,310.0,275.0,196,287,-5,0,success
2,63,40,131105,305.0,275.0,196,287,-5,5,success
2,63,41,131121,300.0,280.0,196,287,-5,5,success
2,63,42,131137,295.0,285.0,196,287,-5,5,success
2,63,43,131153,290.0,290.0,196,287,-5,5,success
2,63,44,131169,285.0,295.0,196,287,-5,5,success
2,63,45,131186,280.0,300.0,196,287,-5,5,success
2,63,46,131202,275.0,305.0,196,287,-5,0,success
2,63,47,131218,270.0,305.0,196,287,-5,0,success
2,63,48,131234,265.0,305.0,196,287,-5,0,success
2,63,49,131251,260.0,305.0,196,287,-5,0,success
2,63,50,131267,255.0,305.0,196,287,-5,0,success
2,63,51,131283,250.0,305.0,196,287,-5,0,success
2,63,52,131300,245.0,305.0,196,287,-5,0,success
2,63,53,131315,240.0,305.0,196,287,-5,0,success
2,63,54,131332,235.0,305.0,196,287,-5,0,success
2,63,55,131347,230.0,305.0,196,287,-5,0,success
2,63,56,131363,225.0,305.0,196,287,-5,0,success
2,63,57,131380,220.0,305.0,196,287,-5,0,success
2,64,0,132409,375.0,275.0,689,145,0,0,success
2,64,1,132425,375.0,275.0,689,145,0,0,success
2,64,2,132441,375.0,275.0,689,145,0,0,success
2,64,3,132457,375.0,275.0,689,145,0,0,success
2,64,4,132473,375.0,275.0,689,145,0,0,success
2,64,5,132489,375.0,275.0,689,145,0,0,success
2,64,6,132506,375.0,275.0,689,145,0,0,success
2,64,7,132523,375.0,275.0,689,145,0,0,success
2,64,8,132539,375.0,275.0,689,145,0,0,success
2,64,9,132555,375.0,275.0,689,145,0,0,success
2,64,10,132571,375.0,275.0,689,145,0,0,success
2,64,11,132587,375.0,275.0,689,145,0,0,success
2,64,12,132603,375.0,275.0,689,145,0,0,success
2,64,13,132620,375.0,275.0,689,145,0,0,success
2,64,14,132635,375.0,275.0,689,145,0,0,success
2,64,15,132652,375.0,275.0,689,145,0,0,success
2,64,16,132668,375.0,275.0,689,145,0,0,success
2,64,17,132684,375.0,275.0,689,145,0,0,success
2,64,18,132699,375.0,275.0,689,145,0,0,success
2,64,19,132715,375.0,275.0,689,145,0,0,success
2,64,20,132731,375.0,275.0,689,145,0,0,success
2,64,21,132747,375.0,275.0,689,145,0,0,success
2,64,22,132763,375.0,275.0,689,145,0,0,success
2,64,23,132779,375.0,275.0,689,145,0,0,success
2,64,24,132796,375.0,275.0,689,145,0,0,success
2,64,25,132812,375.0,275.0,689,145,0,0,success
2,64,26,132828,375.0,275.0,689,145,0,0,success
2,64,27,132844,375.0,275.0,689,145,0,0,success
2,64,28,132860,375.0,275.0,689,145,0,0,success
2,64,29,132876,375.0,275.0,689,145,0,0,success
2,64,30,132892,375.0,275.0,689,145,5,0,success
2,64,31,132908,380.0,275.0,689,145,5,0,success
2,64,32,132925,385.0,275.0,689,145,5,0,success
2,64,33,132940,390.0,275.0,689,145,5,0,success
2,64,34,132957,395.0,275.0,689,145,5,0,success
2,64,35,132973,400.0,275.0,689,145,5,0,success
2,64,36,132990,405.0,275.0,689,145,5,0,success
2,64,37,133005,410.0,275.0,689,145,5,0,success
2,64,38,133022,415.0,275.0,689,145,5,0,success
2,64,39,133039,420.0,275.0,689,145,5,0,success
2,64,40,133054,425.0,275.0,689,145,5,0,success
2,64,41,133070,430.0,275.0,689,145,5,-5,success
2,64,42,133086,435.0,270.0,689,145,5,-5,success
2,64,43,133102,440.0,265.0,689,145,5,-5,success
2,64,44,133118,445.0,260.0,689,145,5,-5,success
2,64,45,133135,450.0,255.0,689,145,5,-5,success
2,64,46,133150,455.0,250.0,689,145,5,-5,success
2,64,47,133166,460.0,245.0,689,145,5,-5,success
2,64,48,133183,465.0,240.0,689,145,5,-5,success
2,64,49,133198,470.0,235.0,689,145,5,-5,success
2,64,50,133214,475.0,230.0,689,145,5,-5,success
2,64,51,133231,480.0,225.0,689,145,5,-5,success
2,64,52,133246,485.0,220.0,689,145,5,-5,success
2,64,53,133262,490.0,215.0,689,145,5,-5,success
2,64,54,133278,495.0,210.0,689,145,5,-5,success
2,64,55,133294,500.0,205.0,689,145,5,-5,success
2,64,56,133310,505.0,200.0,689,145,5,-5,success
2,64,57,133326,510.0,195.0,689,145,5,-5,success
2,64,58,133342,515.0,190.0,689,145,5,-5,success
2,64,59,133359,520.0,185.0,689,145,5,-5,success
2,64,60,133374,525.0,180.0,689,145,5,-5,success
2,64,61,133390,530.0,175.0,689,145,5,-5,success
2,64,62,133406,535.0,170.0,689,145,5,-5,success
2,64,63,133422,540.0,165.0,689,145,5,0,success
2,64,64,133438,545.0,165.0,689,145,5,0,success
2,64,65,133454,550.0,165.0,689,145,5,0,success
2,64,66,133471,555.0,165.0,689,145,5,0,success
2,64,67,133486,560.0,165.0,689,145,5,0,success
2,64,68,133502,565.0,165.0,689,145,5,0,success
2,64,69,133518,570.0,165.0,689,145,5,0,success
2,64,70,133534,575.0,165.0,689,145,5,0,success
2,64,71,133551,580.0,165.0,689,145,5,0,success
2,64,72,133567,585.0,165.0,689,145,5,0,success
2,64,73,133583,590.0,165.0,689,145,5,0,success
2,64,74,133600,595.0,165.0,689,145,5,0,success
2,64,75,133616,600.0,165.0,689,145,5,0,success
2,64,76,133633,605.0,165.0,689,145,5,0,success
2,64,77,133648,610.0,165.0,689,145,5,0,success
2,64,78,133664,615.0,165.0,689,145,5,0,success
2,64,79,133680,620.0,165.0,689,145,5,0,success
2,64,80,133697,625.0,165.0,689,145,5,0,success
2,64,81,133713,630.0,165.0,689,145,5,0,success
2,64,82,133729,635.0,165.0,689,145,5,0,success
2,64,83,133745,640.0,165.0,689,145,5,0,success
2,64,84,133761,645.0,165.0,689,145,5,0,success
2,64,85,133777,650.0,165.0,689,145,5,0,success
2,64,86,133793,655.0,165.0,689,145,5,0,success
2,64,87,133809,660.0,165.0,689,145,5,0,success
2,64,88,133826,665.0,165.0,689,145,5,0,success
2,64,89,133841,670.0,165.0,689,145,5,0,success
2,64,90,133857,675.0,165.0,689,145,5,0,success
2,64,91,133873,680.0,165.0,689,145,5,0,success
2,64,92,133889,685.0,165.0,689,145,5,0,success
2,65,0,134916,375.0,275.0,632,376,0,0,success
2,65,1,134932,375.0,275.0,632,376,0,0,success
2,65,2,134948,375.0,275.0,632,376,0,0,success
2,65,3,134964,375.0,275.0,632,376,0,0,success
2,65,4,134981,375.0,275.0,632,376,0,0,success
2,65,5,134997,375.0,275.0,632,376,0,0,success
2,65,6,135013,375.0,275.0,632,376,0,0,success
2,65,7,135029,375.0,275.0,632,376,0,0,success
2,65,8,135045,375.0,275.0,632,376,0,0,success
2,65,9,135061,375.0,275.0,632,376,0,0,success
2,65,10,135077,375.0,275.0,632,376,0,0,success
2,65,11,135093,375.0,275.0,632,376,0,0,success
2,65,12,135109,375.0,275.0,632,376,0,0,success
2,65,13,135125,375.0,275.0,632,376,0,0,success
2,65,14,135141,375.0,275.0,632,376,0,0,success
2,65,15,135157,375.0,275.0,632,376,0,0,success
2,65,16,135173,375.0,275.0,632,376,0,0,success
2,65,17,135189,375.0,275.0,632,376,0,0,success
2,65,18,135205,375.0,275.0,632,376,0,0,success
2,65,19,135221,375.0,275.0,632,376,0,0,success
2,65,20,135237,375.0,275.0,632,376,0,0,success
2,65,21,135253,375.0,275.0,632,376,0,0,success
2,65,22,135269,375.0,275.0,632,376,0,0,success
2,65,23,135285,375.0,275.0,632,376,0,0,success
2,65,24,135302,375.0,275.0,632,376,0,0,success
2,65,25,135317,375.0,275.0,632,376,0,0,success
2,65,26,135333,375.0,275.0,632,376,0,0,success
2,65,27,135349,375.0,275.0,632,376,0,0,success
2,65,28,135365,375.0,275.0,632,376,0,0,success
2,65,29,135381,375.0,275.0,632,376,0,0,success
2,65,30,135399,375.0,275.0,632,376,0,0,success
2,65,31,135414,375.0,275.0,632,376,5,0,success
2,65,32,135430,380.0,275.0,632,376,5,0,success
2,65,33,135446,385.0,275.0,632,376,5,0,success
2,65,34,135462,390.0,275.0,632,376,5,0,success
2,65,35,135478,395.0,275.0,632,376,5,0,success
2,65,36,135494,400.0,275.0,632,376,5,0,success
2,65,37,135510,405.0,275.0,632,376,5,0,success
2,65,38,135526,410.0,275.0,632,376,5,0,success
2,65,39,135543,415.0,275.0,632,376,5,0,success
2,65,40,135560,420.0,275.0,632,376,5,5,success
2,65,41,135576,425.0,280.0,632,376,5,5,success
2,65,42,135593,430.0,285.0,632,376,5,5,success
2,65,43,135609,435.0,290.0,632,376,5,5,success
2,65,44,135625,440.0,295.0,632,376,5,5,success
2,65,45,135641,445.0,300.0,632,376,5,5,success
2,65,46,135657,450.0,305.0,632,376,5,5,success
2,65,47,135673,455.0,310.0,632,376,5,5,success
2,65,48,135689,460.0,315.0,632,376,5,5,success
2,65,49,135705,465.0,320.0,632,376,5,5,success
2,65,50,135721,470.0,325.0,632,376,5,5,success
2,65,51,135737,475.0,330.0,632,376,5,5,success
2,65,52,135753,480.0,335.0,632,376,5,5,success
2,65,53,135769,485.0,340.0,632,376,5,5,success
2,65,54,135785,490.0,345.0,632,376,5,5,success
2,65,55,135802,495.0,350.0,632,376,5,5,success
2,65,56,135819,500.0,355.0,632,376,5,5,success
2,65,57,135834,505.0,360.0,632,376,5,5,success
2,65,58,135850,510.0,365.0,632,376,5,5,success
2,65,59,135866,515.0,370.0,632,376,5,5,success
2,65,60,135882,520.0,375.0,632,376,5,5,success
2,65,61,135898,525.0,380.0,632,376,5,5,success
2,65,62,135914,530.0,385.0,632,376,5,5,success
2,65,63,135930,535.0,390.0,632,376,5,5,success
2,65,64,135946,540.0,395.0,632,376,5,5,success
2,65,65,135962,545.0,400.0,632,376,5,5,success
2,65,66,135978,550.0,405.0,632,376,5,5,success
2,65,67,135994,555.0,410.0,632,376,5,5,success
2,65,68,136009,560.0,415.0,632,376,5,0,success
2,65,69,136025,565.0,415.0,632,376,5,0,success
2,65,70,136041,570.0,415.0,632,376,5,0,success
2,65,71,136057,575.0,415.0,632,376,5,0,success
2,65,72,136073,580.0,415.0,632,376,5,0,success
2,65,73,136089,585.0,415.0,632,376,5,0,success
2,65,74,136105,590.0,415.0,632,376,5,0,success
2,65,75,136122,595.0,415.0,632,376,5,0,success
2,65,76,136137,600.0,415.0,632,376,5,0,success
2,65,77,136154,605.0,415.0,632,376,5,0,success
2,65,78,136169,610.0,415.0,632,376,5,0,success
2,65,79,136185,615.0,415.0,632,376,5,0,success
2,65,80,136201,620.0,415.0,632,376,5,0,success
2,65,81,136217,625.0,415.0,632,376,5,0,success
2,65,82,136233,630.0,415.0,632,376,5,0,success
2,65,83,136249,635.0,415.0,632,376,0,0,success
2,65,84,136266,635.0,415.0,632,376,0,0,success
2,65,85,136281,635.0,415.0,632,376,0,-5,success
2,65,86,136297,635.0,410.0,632,376,0,-5,success
2,65,87,136314,635.0,405.0,632,376,0,-5,success
2,65,88,136330,635.0,400.0,632,376,0,-5,success
2,66,0,137359,375.0,275.0,611,448,0,0,success
2,66,1,137375,375.0,275.0,611,448,0,0,success
2,66,2,137391,375.0,275.0,611,448,0,0,success
2,66,3,137407,375.0,275.0,611,448,0,0,success
2,66,4,137424,375.0,275.0,611,448,0,0,success
2,66,5,137441,375.0,275.0,611,448,0,0,success
2,66,6,137456,375.0,275.0,611,448,0,0,success
2,66,7,137472,375.0,275.0,611,448,0,0,success
2,66,8,137489,375.0,275.0,611,448,0,0,success
2,66,9,137504,375.0,275.0,611,448,0,0,success
2,66,10,137520,375.0,275.0,611,448,0,0,success
2,66,11,137536,375.0,275.0,611,448,0,0,success
2,66,12,137552,375.0,275.0,611,448,0,0,success
2,66,13,137568,375.0,275.0,611,448,0,0,success
2,66,14,137584,375.0,275.0,611,448,0,0,success
2,66,15,137600,375.0,275.0,611,448,0,0,success
2,66,16,137616,375.0,275.0,611,448,0,0,success
2,66,17,137633,375.0,275.0,611,448,0,0,success
2,66,18,137648,375.0,275.0,611,448,0,0,success
2,66,19,137664,375.0,275.0,611,448,0,0,success
2,66,20,137681,375.0,275.0,611,448,0,0,success
2,66,21,137697,375.0,275.0,611,448,0,0,success
2,66,22,137714,375.0,275.0,611,448,0,0,success
2,66,23,137729,375.0,275.0,611,448,0,0,success
2,66,24,137745,375.0,275.0,611,448,0,0,success
2,66,25,137761,375.0,275.0,611,448,0,0,success
2,66,26,137777,375.0,275.0,611,448,0,0,success
2,66,27,137793,375.0,275.0,611,448,0,0,success
2,66,28,137809,375.0,275.0,611,448,5,0,success
2,66,29,137825,380.0,275.0,611,448,5,0,success
2,66,30,137841,385.0,275.0,611,448,5,0,success
2,66,31,137857,390.0,275.0,611,448,5,0,success
2,66,32,137873,395.0,275.0,611,448,5,0,success
2,66,33,137889,400.0,275.0,611,448,5,0,success
2,66,34,137905,405.0,275.0,611,448,5,0,success
2,66,35,137921,410.0,275.0,611,448,5,0,success
2,66,36,137937,415.0,275.0,611,448,5,0,success
2,66,37,137953,420.0,275.0,611,448,5,5,success
2,66,38,137969,425.0,280.0,611,448,5,5,success
2,66,39,137985,430.0,285.0,611,448,5,5,success
2,66,40,138000,435.0,290.0,611,448,5,5,success
2,66,41,138016,440.0,295.0,611,448,5,5,success
2,66,42,138032,445.0,300.0,611,448,5,5,success
2,66,43,138049,450.0,305.0,611,448,5,5,success
2,66,44,138064,455.0,310.0,611,448,5,5,success
2,66,45,138080,460.0,315.0,611,448,5,5,success
2,66,46,138096,465.0,320.0,611,448,5,5,success
2,66,47,138112,470.0,325.0,611,448,5,5,success
2,66,48,138128,475.0,330.0,611,448,5,5,success
2,66,49,138144,480.0,335.0,611,448,5,5,success
2,66,50,138161,485.0,340.0,611,448,5,5,success
2,66,51,138176,490.0,345.0,611,448,5,5,success
2,66,52,138193,495.0,350.0,611,448,5,5,success
2,66,53,138208,500.0,355.0,611,448,5,5,success
2,66,54,138224,505.0,360.0,611,448,5,5,success
2,66,55,138240,510.0,365.0,611,448,5,5,success
2,66,56,138256,515.0,370.0,611,448,5,5,success
2,66,57,138272,520.0,375.0,611,448,5,5,success
2,66,58,138288,525.0,380.0,611,448,5,5,success
2,66,59,138304,530.0,385.0,611,448,5,5,success
2,66,60,138320,535.0,390.0,611,448,5,5,success
2,66,61,138336,540.0,395.0,611,448,5,5,success
2,66,62,138352,545.0,400.0,611,448,5,5,success
2,66,63,138368,550.0,405.0,611,448,5,5,success
2,66,64,138384,555.0,410.0,611,448,5,5,success
2,66,65,138401,560.0,415.0,611,448,5,5,success
2,66,66,138418,565.0,420.0,611,448,5,5,success
2,66,67,138433,570.0,425.0,611,448,5,5,success
2,66,68,138449,575.0,430.0,611,448,5,5,success
2,66,69,138465,580.0,435.0,611,448,5,5,success
2,66,70,138481,585.0,440.0,611,448,5,5,success
2,66,71,138497,590.0,445.0,611,448,5,5,success
2,66,72,138513,595.0,450.0,611,448,5,5,success
2,66,73,138529,600.0,455.0,611,448,5,5,success
2,66,74,138545,605.0,460.0,611,448,5,5,success
2,66,75,138561,610.0,465.0,611,448,0,0,success
2,66,76,138577,610.0,465.0,611,448,0,0,success
2,66,77,138594,610.0,465.0,611,448,0,0,success
2,66,78,138609,610.0,465.0,611,448,0,0,success
2,66,79,138626,610.0,465.0,611,448,0,0,success
2,66,80,138641,610.0,465.0,611,448,0,0,success
2,66,81,138657,610.0,465.0,611,448,0,0,success
2,66,82,138674,610.0,465.0,611,448,0,0,success
2,66,83,138689,610.0,465.0,611,448,0,0,success
2,66,84,138706,610.0,465.0,611,448,0,0,success
2,66,85,138721,610.0,465.0,611,448,0,0,success
2,66,86,138737,610.0,465.0,611,448,0,0,success
2,66,87,138754,610.0,465.0,611,448,0,0,success
2,66,88,138769,610.0,465.0,611,448,0,0,success
2,66,89,138785,610.0,465.0,611,448,0,0,success
2,66,90,138801,610.0,465.0,611,448,0,0,success
2,66,91,138817,610.0,465.0,611,448,0,0,success
2,66,92,138834,610.0,465.0,611,448,0,0,success
2,66,93,138849,610.0,465.0,611,448,0,0,success
2,66,94,138865,610.0,465.0,611,448,0,0,success
2,66,95,138881,610.0,465.0,611,448,0,0,success
2,66,96,138897,610.0,465.0,611,448,0,0,success
2,66,97,138914,610.0,465.0,611,448,0,0,success
2,66,98,138930,610.0,465.0,611,448,5,0,success
2,67,0,139959,375.0,275.0,339,304,0,0,success
2,67,1,139975,375.0,275.0,339,304,0,0,success
2,67,2,139991,375.0,275.0,339,304,0,0,success
2,67,3,140007,375.0,275.0,339,304,0,0,success
2,67,4,140022,375.0,275.0,339,304,0,0,success
2,67,5,140039,375.0,275.0,339,304,0,0,success
2,67,6,140054,375.0,275.0,339,304,0,0,success
2,67,7,140070,375.0,275.0,339,304,0,0,success
2,67,8,140086,375.0,275.0,339,304,0,0,success
2,67,9,140102,375.0,275.0,339,304,0,0,success
2,67,10,140118,375.0,275.0,339,304,0,0,success
2,67,11,140134,375.0,275.0,339,304,0,0,success
2,67,12,140151,375.0,275.0,339,304,0,0,success
2,67,13,140167,375.0,275.0,339,304,0,0,success
2,67,14,140183,375.0,275.0,339,304,0,0,success
2,67,15,140200,375.0,275.0,339,304,0,0,success
2,67,16,140215,375.0,275.0,339,304,0,0,success
2,67,17,140232,375.0,275.0,339,304,0,0,success
2,67,18,140247,375.0,275.0,339,304,0,0,success
2,67,19,140263,375.0,275.0,339,304,0,0,success
2,67,20,140279,375.0,275.0,339,304,0,0,success
2,67,21,140295,375.0,275.0,339,304,0,0,success
2,67,22,140311,375.0,275.0,339,304,0,0,success
2,67,23,140327,375.0,275.0,339,304,0,0,success
2,67,24,140343,375.0,275.0,339,304,0,0,success
2,67,25,140359,375.0,275.0,339,304,0,0,success
2,67,26,140375,375.0,275.0,339,304,0,0,success
2,67,27,140392,375.0,275.0,339,304,0,0,success
2,67,28,140407,375.0,275.0,339,304,0,0,success
2,67,29,140424,375.0,275.0,339,304,0,0,success
2,67,30,140440,375.0,275.0,339,304,0,0,success
2,67,31,140456,375.0,275.0,339,304,0,0,success
2,67,32,140473,375.0,275.0,339,304,0,0,success
2,67,33,140489,375.0,275.0,339,304,0,0,success
2,67,34,140504,375.0,275.0,339,304,0,0,success
2,67,35,140520,375.0,275.0,339,304,0,5,success
2,67,36,140536,375.0,280.0,339,304,0,5,success
2,67,37,140552,375.0,285.0,339,304,0,5,success
2,67,38,140568,375.0,290.0,339,304,0,5,success
2,67,39,140584,375.0,295.0,339,304,0,5,success
2,67,40,140601,375.0,300.0,339,304,0,5,success
2,67,41,140617,375.0,305.0,339,304,0,5,success
2,67,42,140634,375.0,310.0,339,304,0,0,success
2,67,43,140650,375.0,310.0,339,304,0,0,success
2,67,44,140667,375.0,310.0,339,304,0,0,success
2,67,45,140682,375.0,310.0,339,304,0,0,success
2,67,46,140698,375.0,310.0,339,304,-5,0,success
2,67,47,140714,370.0,310.0,339,304,-5,0,success
2,67,48,140730,365.0,310.0,339,304,-5,0,success
2,67,49,140746,360.0,310.0,339,304,-5,0,success
2,68,0,141775,375.0,275.0,190,202,0,0,success
2,68,1,141791,375.0,275.0,190,202,0,0,success
2,68,2,141808,375.0,275.0,190,202,0,0,success
2,68,3,141823,375.0,275.0,190,202,0,0,success
2,68,4,141840,375.0,275.0,190,202,0,0,success
2,68,5,141855,375.0,275.0,190,202,0,0,success
2,68,6,141872,375.0,275.0,190,202,0,0,success
2,68,7,141887,375.0,275.0,190,202,0,0,success
2,68,8,141903,375.0,275.0,190,202,0,0,success
2,68,9,141919,375.0,275.0,190,202,0,0,success
2,68,10,141935,375.0,275.0,190,202,0,0,success
2,68,11,141951,375.0,275.0,190,202,0,0,success
2,68,12,141967,375.0,275.0,190,202,0,0,success
2,68,13,141983,375.0,275.0,190,202,0,0,success
2,68,14,141999,375.0,275.0,190,202,0,0,success
2,68,15,142015,375.0,275.0,190,202,0,0,success
2,68,16,142031,375.0,275.0,190,202,0,0,success
2,68,17,142048,375.0,275.0,190,202,0,0,success
2,68,18,142063,375.0,275.0,190,202,0,0,success
2,68,19,142080,375.0,275.0,190,202,0,0,success
2,68,20,142095,375.0,275.0,190,202,0,0,success
2,68,21,142111,375.0,275.0,190,202,0,0,success
2,68,22,142127,375.0,275.0,190,202,0,0,success
2,68,23,142143,375.0,275.0,190,202,0,0,success
2,68,24,142159,375.0,275.0,190,202,0,0,success
2,68,25,142175,375.0,275.0,190,202,0,0,success
2,68,26,142191,375.0,275.0,190,202,0,0,success
2,68,27,142207,375.0,275.0,190,202,-5,0,success
2,68,28,142224,370.0,275.0,190,202,-5,0,success
2,68,29,142239,365.0,275.0,190,202,-5,0,success
2,68,30,142256,360.0,275.0,190,202,-5,0,success
2,68,31,142271,355.0,275.0,190,202,-5,0,success
2,68,32,142287,350.0,275.0,190,202,-5,0,success
2,68,33,142303,345.0,275.0,190,202,-5,0,success
2,68,34,142319,340.0,275.0,190,202,-5,0,success
2,68,35,142335,335.0,275.0,190,202,-5,0,success
2,68,36,142351,330.0,275.0,190,202,-5,0,success
2,68,37,142368,325.0,275.0,190,202,-5,0,success
2,68,38,142384,320.0,275.0,190,202,-5,0,success
2,68,39,142400,315.0,275.0,190,202,-5,0,success
2,68,40,142416,310.0,275.0,190,202,-5,0,success
2,68,41,142433,305.0,275.0,190,202,-5,0,success
2,68,42,142448,300.0,275.0,190,202,-5,0,success
2,68,43,142464,295.0,275.0,190,202,-5,0,success
2,68,44,142480,290.0,275.0,190,202,-5,-5,success
2,68,45,142497,285.0,270.0,190,202,-5,-5,success
2,68,46,142512,280.0,265.0,190,202,-5,-5,success
2,68,47,142528,275.0,260.0,190,202,-5,-5,success
2,68,48,142544,270.0,255.0,190,202,-5,-5,success
2,68,49,142560,265.0,250.0,190,202,-5,-5,success
2,68,50,142576,260.0,245.0,190,202,-5,-5,success
2,68,51,142592,255.0,240.0,190,202,-5,-5,success
2,68,52,142608,250.0,235.0,190,202,-5,0,success
2,68,53,142624,245.0,235.0,190,202,-5,0,success
2,68,54,142641,240.0,235.0,190,202,-5,0,success
2,68,55,142657,235.0,235.0,190,202,-5,0,success
2,68,56,142674,230.0,235.0,190,202,-5,0,success
2,68,57,142690,225.0,235.0,190,202,-5,0,success
2,68,58,142706,220.0,235.0,190,202,-5,0,success
2,68,59,142722,215.0,235.0,190,202,-5,0,success
2,68,60,142738,210.0,235.0,190,202,-5,0,success
2,68,61,142755,205.0,235.0,190,202,-5,0,success
2,68,62,142771,200.0,235.0,190,202,0,0,success
2,68,63,142787,200.0,235.0,190,202,0,0,success
2,68,64,142803,200.0,235.0,190,202,0,0,success
2,68,65,142819,200.0,235.0,190,202,0,0,success
2,68,66,142835,200.0,235.0,190,202,0,0,success
2,68,67,142851,200.0,235.0,190,202,0,0,success
2,68,68,142868,200.0,235.0,190,202,0,0,success
2,68,69,142884,200.0,235.0,190,202,0,0,success
2,68,70,142900,200.0,235.0,190,202,0,0,success
2,68,71,142916,200.0,235.0,190,202,0,0,success
2,68,72,142933,200.0,235.0,190,202,0,0,success
2,68,73,142950,200.0,235.0,190,202,0,-5,success
2,68,74,142965,200.0,230.0,190,202,0,-5,success
2,68,75,142981,200.0,225.0,190,202,0,-5,success
2,69,0,144008,375.0,275.0,186,117,0,0,success
2,69,1,144024,375.0,275.0,186,117,0,0,success
2,69,2,144041,375.0,275.0,186,117,0,0,success
2,69,3,144057,375.0,275.0,186,117,0,0,success
2,69,4,144073,375.0,275.0,186,117,0,0,success
2,69,5,144089,375.0,275.0,186,117,0,0,success
2,69,6,144105,375.0,275.0,186,117,0,0,success
2,69,7,144121,375.0,275.0,186,117,0,0,success
2,69,8,144137,375.0,275.0,186,117,0,0,success
2,69,9,144154,375.0,275.0,186,117,0,0,success
2,69,10,144170,375.0,275.0,186,117,0,0,success
2,69,11,144185,375.0,275.0,186,117,0,0,success
2,69,12,144201,375.0,275.0,186,117,0,0,success
2,69,13,144217,375.0,275.0,186,117,0,0,success
2,69,14,144233,375.0,275.0,186,117,0,0,success
2,69,15,144249,375.0,275.0,186,117,0,0,success
2,69,16,144265,375.0,275.0,186,117,0,0,success
2,69,17,144281,375.0,275.0,186,117,0,0,success
2,69,18,144297,375.0,275.0,186,117,0,0,success
2,69,19,144313,375.0,275.0,186,117,0,0,success
2,69,20,144329,375.0,275.0,186,117,0,0,success
2,69,21,144345,375.0,275.0,186,117,0,0,success
2,69,22,144361,375.0,275.0,186,117,0,0,success
2,69,23,144377,375.0,275.0,186,117,0,0,success
2,69,24,144394,375.0,275.0,186,117,0,0,success
2,69,25,144410,375.0,275.0,186,117,0,0,success
2,69,26,144426,375.0,275.0,186,117,-5,0,success
2,69,27,144443,370.0,275.0,186,117,-5,0,success
2,69,28,144459,365.0,275.0,186,117,-5,0,success
2,69,29,144475,360.0,275.0,186,117,-5,0,success
2,69,30,144492,355.0,275.0,186,117,-5,0,success
2,69,31,144508,350.0,275.0,186,117,-5,0,success
2,69,32,144524,345.0,275.0,186,117,-5,0,success
2,69,33,144540,340.0,275.0,186,117,-5,0,success
2,69,34,144556,335.0,275.0,186,117,-5,0,success
2,69,35,144572,330.0,275.0,186,117,-5,0,success
2,69,36,144589,325.0,275.0,186,117,-5,0,success
2,69,37,144605,320.0,275.0,186,117,-5,0,success
2,69,38,144620,315.0,275.0,186,117,-5,-5,success
2,69,39,144636,310.0,270.0,186,117,-5,-5,success
2,69,40,144652,305.0,265.0,186,117,-5,-5,success
2,69,41,144668,300.0,260.0,186,117,-5,-5,success
2,69,42,144684,295.0,255.0,186,117,-5,-5,success
2,69,43,144701,290.0,250.0,186,117,-5,-5,success
2,69,44,144716,285.0,245.0,186,117,-5,-5,success
2,69,45,144732,280.0,240.0,186,117,-5,-5,success
2,69,46,144749,275.0,235.0,186,117,-5,-5,success
2,69,47,144764,270.0,230.0,186,117,-5,-5,success
2,69,48,144780,265.0,225.0,186,117,-5,-5,success
2,69,49,144796,260.0,220.0,186,117,-5,-5,success
2,69,50,144812,255.0,215.0,186,117,-5,-5,success
2,69,51,144828,250.0,210.0,186,117,-5,-5,success
2,69,52,144844,245.0,205.0,186,117,-5,-5,success
2,69,53,144861,240.0,200.0,186,117,-5,-5,success
2,69,54,144876,235.0,195.0,186,117,-5,-5,success
2,69,55,144892,230.0,190.0,186,117,-5,-5,success
2,69,56,144908,225.0,185.0,186,117,-5,-5,success
2,69,57,144924,220.0,180.0,186,117,-5,-5,success
2,69,58,144940,215.0,175.0,186,117,-5,-5,success
2,69,59,144956,210.0,170.0,186,117,-5,-5,success
2,69,60,144973,205.0,165.0,186,117,-5,-5,success
2,69,61,144989,200.0,160.0,186,117,-5,-5,success
2,69,62,145005,195.0,155.0,186,117,-5,-5,success
2,69,63,145021,190.0,150.0,186,117,-5,-5,success
2,69,64,145037,185.0,145.0,186,117,-5,-5,success
2,69,65,145053,180.0,140.0,186,117,-5,-5,success
2,69,66,145068,175.0,135.0,186,117,-5,-5,success
2,69,67,145084,170.0,130.0,186,117,0,-5,success
2,69,68,145100,170.0,125.0,186,117,0,-5,success
2,69,69,145116,170.0,120.0,186,117,0,0,success
2,69,70,145132,170.0,120.0,186,117,0,0,success
2,69,71,145148,170.0,120.0,186,117,0,0,success
2,69,72,145164,170.0,120.0,186,117,0,0,success
2,69,73,145180,170.0,120.0,186,117,0,0,success
2,69,74,145197,170.0,120.0,186,117,0,0,success
2,69,75,145213,170.0,120.0,186,117,0,0,success
2,69,76,145229,170.0,120.0,186,117,0,0,success
2,69,77,145245,170.0,120.0,186,117,0,0,success
2,69,78,145261,170.0,120.0,186,117,0,0,success
2,69,79,145277,170.0,120.0,186,117,0,0,success
2,69,80,145293,170.0,120.0,186,117,0,0,success
2,69,81,145309,170.0,120.0,186,117,0,0,success
2,69,82,145325,170.0,120.0,186,117,0,0,success
2,69,83,145341,170.0,120.0,186,117,0,0,success
2,69,84,145358,170.0,120.0,186,117,0,0,success
2,69,85,145373,170.0,120.0,186,117,5,0,success
2,69,86,145390,175.0,120.0,186,117,5,0,success
2,69,87,145406,180.0,120.0,186,117,5,0,success
2,69,88,145422,185.0,120.0,186,117,5,0,success
2,70,0,146450,375.0,275.0,657,354,0,0,success
2,70,1,146467,375.0,275.0,657,354,0,0,success
2,70,2,146483,375.0,275.0,657,354,0,0,success
2,70,3,146498,375.0,275.0,657,354,0,0,success
2,70,4,146515,375.0,275.0,657,354,0,0,success
2,70,5,146530,375.0,275.0,657,354,0,0,success
2,70,6,146546,375.0,275.0,657,354,0,0,success
2,70,7,146562,375.0,275.0,657,354,0,0,success
2,70,8,146578,375.0,275.0,657,354,0,0,success
2,70,9,146594,375.0,275.0,657,354,0,0,success
2,70,10,146610,375.0,275.0,657,354,0,0,success
2,70,11,146626,375.0,275.0,657,354,0,0,success
2,70,12,146642,375.0,275.0,657,354,0,0,success
2,70,13,146658,375.0,275.0,657,354,0,0,success
2,70,14,146674,375.0,275.0,657,354,0,0,success
2,70,15,146690,375.0,275.0,657,354,0,0,success
2,70,16,146706,375.0,275.0,657,354,0,0,success
2,70,17,146722,375.0,275.0,657,354,0,0,success
2,70,18,146738,375.0,275.0,657,354,0,0,success
2,70,19,146754,375.0,275.0,657,354,0,0,success
2,70,20,146771,375.0,275.0,657,354,0,0,success
2,70,21,146787,375.0,275.0,657,354,0,0,success
2,70,22,146802,375.0,275.0,657,354,0,0,success
2,70,23,146818,375.0,275.0,657,354,0,0,success
2,70,24,146835,375.0,275.0,657,354,0,0,success
2,70,25,146850,375.0,275.0,657,354,0,0,success
2,70,26,146866,375.0,275.0,657,354,0,0,success
2,70,27,146882,375.0,275.0,657,354,0,0,success
2,70,28,146898,375.0,275.0,657,354,0,0,success
2,70,29,146915,375.0,275.0,657,354,5,0,success
2,70,30,146931,380.0,275.0,657,354,5,0,success
2,70,31,146947,385.0,275.0,657,354,5,0,success
2,70,32,146963,390.0,275.0,657,354,5,0,success
2,70,33,146979,395.0,275.0,657,354,5,0,success
2,70,34,146995,400.0,275.0,657,354,5,0,success
2,70,35,147010,405.0,275.0,657,354,5,0,success
2,70,36,147026,410.0,275.0,657,354,5,0,success
2,70,37,147042,415.0,275.0,657,354,5,0,success
2,70,38,147058,420.0,275.0,657,354,5,0,success
2,70,39,147075,425.0,275.0,657,354,5,0,success
2,70,40,147091,430.0,275.0,657,354,5,0,success
2,70,41,147107,435.0,275.0,657,354,5,0,success
2,70,42,147122,440.0,275.0,657,354,5,0,success
2,70,43,147138,445.0,275.0,657,354,5,0,success
2,70,44,147154,450.0,275.0,657,354,5,0,success
2,70,45,147170,455.0,275.0,657,354,5,5,success
2,70,46,147187,460.0,280.0,657,354,5,5,success
2,70,47,147203,465.0,285.0,657,354,5,5,success
2,70,48,147219,470.0,290.0,657,354,5,5,success
2,70,49,147235,475.0,295.0,657,354,5,5,success
2,70,50,147251,480.0,300.0,657,354,5,5,success
2,70,51,147267,485.0,305.0,657,354,5,5,success
2,70,52,147283,490.0,310.0,657,354,5,5,success
2,70,53,147299,495.0,315.0,657,354,5,5,success
2,70,54,147316,500.0,320.0,657,354,5,5,success
2,70,55,147332,505.0,325.0,657,354,5,5,success
2,70,56,147348,510.0,330.0,657,354,5,5,success
2,70,57,147364,515.0,335.0,657,354,5,5,success
2,70,58,147380,520.0,340.0,657,354,5,5,success
2,70,59,147397,525.0,345.0,657,354,5,5,success
2,70,60,147413,530.0,350.0,657,354,5,5,success
2,70,61,147429,535.0,355.0,657,354,5,0,success
2,70,62,147445,540.0,355.0,657,354,5,0,success
2,70,63,147462,545.0,355.0,657,354,5,0,success
2,70,64,147477,550.0,355.0,657,354,5,0,success
2,70,65,147493,555.0,355.0,657,354,5,0,success
2,70,66,147509,560.0,355.0,657,354,5,0,success
2,70,67,147525,565.0,355.0,657,354,5,0,success
2,70,68,147541,570.0,355.0,657,354,5,0,success
2,70,69,147557,575.0,355.0,657,354,5,0,success
2,70,70,147573,580.0,355.0,657,354,5,0,success
2,70,71,147589,585.0,355.0,657,354,5,0,success
2,70,72,147605,590.0,355.0,657,354,5,0,success
2,70,73,147621,595.0,355.0,657,354,5,0,success
2,70,74,147637,600.0,355.0,657,354,5,0,success
2,70,75,147653,605.0,355.0,657,354,5,0,success
2,70,76,147669,610.0,355.0,657,354,5,0,success
2,70,77,147685,615.0,355.0,657,354,5,0,success
2,70,78,147701,620.0,355.0,657,354,5,0,success
2,70,79,147718,625.0,355.0,657,354,5,0,success
2,70,80,147733,630.0,355.0,657,354,5,0,success
2,70,81,147749,635.0,355.0,657,354,5,0,success
2,70,82,147765,640.0,355.0,657,354,5,0,success
2,70,83,147781,645.0,355.0,657,354,5,0,success
2,70,84,147797,650.0,355.0,657,354,5,0,success
2,70,85,147813,655.0,355.0,657,354,5,0,success
2,71,0,148841,375.0,275.0,400,146,0,0,success
2,71,1,148857,375.0,275.0,400,146,0,0,success
2,71,2,148873,375.0,275.0,400,146,0,0,success
2,71,3,148889,375.0,275.0,400,146,0,0,success
2,71,4,148906,375.0,275.0,400,146,0,0,success
2,71,5,148921,375.0,275.0,400,146,0,0,success
2,71,6,148937,375.0,275.0,400,146,0,0,success
2,71,7,148953,375.0,275.0,400,146,0,0,success
2,71,8,148969,375.0,275.0,400,146,0,0,success
2,71,9,148985,375.0,275.0,400,146,0,0,success
2,71,10,149000,375.0,275.0,400,146,0,0,success
2,71,11,149016,375.0,275.0,400,146,0,0,success
2,71,12,149032,375.0,275.0,400,146,0,0,success
2,71,13,149048,375.0,275.0,400,146,0,0,success
2,71,14,149064,375.0,275.0,400,146,0,0,success
2,71,15,149080,375.0,275.0,400,146,0,0,success
2,71,16,149096,375.0,275.0,400,146,0,0,success
2,71,17,149112,375.0,275.0,400,146,0,0,success
2,71,18,149128,375.0,275.0,400,146,0,0,success
2,71,19,149144,375.0,275.0,400,146,0,0,success
2,71,20,149161,375.0,275.0,400,146,0,0,success
2,71,21,149177,375.0,275.0,400,146,0,0,success
2,71,22,149193,375.0,275.0,400,146,0,0,success
2,71,23,149209,375.0,275.0,400,146,0,0,success
2,71,24,149224,375.0,275.0,400,146,0,0,success
2,71,25,149240,375.0,275.0,400,146,0,0,success
2,71,26,149256,375.0,275.0,400,146,0,0,success
2,71,27,149272,375.0,275.0,400,146,0,0,success
2,71,28,149288,375.0,275.0,400,146,0,0,success
2,71,29,149304,375.0,275.0,400,146,0,0,success
2,71,30,149320,375.0,275.0,400,146,0,0,success
2,71,31,149336,375.0,275.0,400,146,0,0,success
2,71,32,149353,375.0,275.0,400,146,0,0,success
2,71,33,149369,375.0,275.0,400,146,0,0,success
2,71,34,149385,375.0,275.0,400,146,5,0,success
2,71,35,149402,380.0,275.0,400,146,5,0,success
2,71,36,149418,385.0,275.0,400,146,5,0,success
2,71,37,149434,390.0,275.0,400,146,5,0,success
2,71,38,149450,395.0,275.0,400,146,5,0,success
2,71,39,149466,400.0,275.0,400,146,5,0,success
2,71,40,149483,405.0,275.0,400,146,5,0,success
2,71,41,149499,410.0,275.0,400,146,0,0,success
2,71,42,149515,410.0,275.0,400,146,0,0,success
2,71,43,149531,410.0,275.0,400,146,0,0,success
2,71,44,149547,410.0,275.0,400,146,0,-5,success
2,71,45,149563,410.0,270.0,400,146,0,-5,success
2,71,46,149579,410.0,265.0,400,146,0,-5,success
2,71,47,149595,410.0,260.0,400,146,0,-5,success
2,71,48,149612,410.0,255.0,400,146,0,-5,success
2,71,49,149628,410.0,250.0,400,146,0,-5,success
2,71,50,149644,410.0,245.0,400,146,0,-5,success
2,71,51,149661,410.0,240.0,400,146,0,-5,success
2,71,52,149676,410.0,235.0,400,146,0,-5,success
2,71,53,149692,410.0,230.0,400,146,0,-5,success
2,71,54,149708,410.0,225.0,400,146,0,-5,success
2,71,55,149724,410.0,220.0,400,146,0,-5,success
2,71,56,149741,410.0,215.0,400,146,0,-5,success
2,71,57,149757,410.0,210.0,400,146,0,-5,success
2,71,58,149772,410.0,205.0,400,146,0,-5,success
2,71,59,149789,410.0,200.0,400,146,0,-5,success
2,71,60,149804,410.0,195.0,400,146,0,-5,success
2,71,61,149820,410.0,190.0,400,146,0,-5,success
2,71,62,149836,410.0,185.0,400,146,0,-5,success
2,71,63,149852,410.0,180.0,400,146,0,-5,success
2,71,64,149868,410.0,175.0,400,146,0,-5,success
2,71,65,149884,410.0,170.0,400,146,0,-5,success
2,72,0,150912,375.0,275.0,326,397,0,0,success
2,72,1,150928,375.0,275.0,326,397,0,0,success
2,72,2,150944,375.0,275.0,326,397,0,0,success
2,72,3,150960,375.0,275.0,326,397,0,0,success
2,72,4,150976,375.0,275.0,326,397,0,0,success
2,72,5,150992,375.0,275.0,326,397,0,0,success
2,72,6,151007,375.0,275.0,326,397,0,0,success
2,72,7,151023,375.0,275.0,326,397,0,0,success
2,72,8,151040,375.0,275.0,326,397,0,0,success
2,72,9,151056,375.0,275.0,326,397,0,0,success
2,72,10,151072,375.0,275.0,326,397,0,0,success
2,72,11,151088,375.0,275.0,326,397,0,0,success
2,72,12,151104,375.0,275.0,326,397,0,0,success
2,72,13,151121,375.0,275.0,326,397,0,0,success
2,72,14,151137,375.0,275.0,326,397,0,0,success
2,72,15,151153,375.0,275.0,326,397,0,0,success
2,72,16,151169,375.0,275.0,326,397,0,0,success
2,72,17,151185,375.0,275.0,326,397,0,0,success
2,72,18,151201,375.0,275.0,326,397,0,0,success
2,72,19,151217,375.0,275.0,326,397,0,0,success
2,72,20,151233,375.0,275.0,326,397,0,0,success
2,72,21,151249,375.0,275.0,326,397,0,0,success
2,72,22,151265,375.0,275.0,326,397,0,5,success
2,72,23,151281,375.0,280.0,326,397,0,5,success
2,72,24,151297,375.0,285.0,326,397,0,5,success
2,72,25,151314,375.0,290.0,326,397,0,5,success
2,72,26,151329,375.0,295.0,326,397,0,5,success
2,72,27,151345,375.0,300.0,326,397,0,5,success
2,72,28,151361,375.0,305.0,326,397,0,5,success
2,72,29,151377,375.0,310.0,326,397,0,5,success
2,72,30,151394,375.0,315.0,326,397,0,5,success
2,72,31,151410,375.0,320.0,326,397,0,5,success
2,72,32,151426,375.0,325.0,326,397,0,5,success
2,72,33,151442,375.0,330.0,326,397,0,5,success
2,72,34,151458,375.0,335.0,326,397,0,5,success
2,72,35,151474,375.0,340.0,326,397,0,5,success
2,72,36,151490,375.0,345.0,326,397,0,5,success
2,72,37,151507,375.0,350.0,326,397,0,5,success
2,72,38,151522,375.0,355.0,326,397,0,5,success
2,72,39,151538,375.0,360.0,326,397,0,5,success
2,72,40,151554,375.0,365.0,326,397,0,5,success
2,72,41,151570,375.0,370.0,326,397,0,5,success
2,72,42,151586,375.0,375.0,326,397,-5,5,success
2,72,43,151602,370.0,380.0,326,397,-5,5,success
2,72,44,151619,365.0,385.0,326,397,-5,5,success
2,72,45,151634,360.0,390.0,326,397,-5,5,success
2,72,46,151650,355.0,395.0,326,397,-5,5,success
2,72,47,151666,350.0,400.0,326,397,-5,5,success
2,73,0,152694,375.0,275.0,216,231,0,0,success
2,73,1,152710,375.0,275.0,216,231,0,0,success
2,73,2,152727,375.0,275.0,216,231,0,0,success
2,73,3,152743,375.0,275.0,216,231,0,0,success
2,73,4,152759,375.0,275.0,216,231,0,0,success
2,73,5,152775,375.0,275.0,216,231,0,0,success
2,73,6,152792,375.0,275.0,216,231,0,0,success
2,73,7,152808,375.0,275.0,216,231,0,0,success
2,73,8,152824,375.0,275.0,216,231,0,0,success
2,73,9,152840,375.0,275.0,216,231,0,0,success
2,73,10,152856,375.0,275.0,216,231,0,0,success
2,73,11,152872,375.0,275.0,216,231,0,0,success
2,73,12,152888,375.0,275.0,216,231,0,0,success
2,73,13,152904,375.0,275.0,216,231,0,0,success
2,73,14,152921,375.0,275.0,216,231,0,0,success
2,73,15,152937,375.0,275.0,216,231,0,0,success
2,73,16,152953,375.0,275.0,216,231,0,0,success
2,73,17,152969,375.0,275.0,216,231,0,0,success
2,73,18,152985,375.0,275.0,216,231,0,0,success
2,73,19,153000,375.0,275.0,216,231,0,0,success
2,73,20,153016,375.0,275.0,216,231,0,0,success
2,73,21,153032,375.0,275.0,216,231,0,0,success
2,73,22,153048,375.0,275.0,216,231,0,0,success
2,73,23,153065,375.0,275.0,216,231,0,0,success
2,73,24,153080,375.0,275.0,216,231,0,0,success
2,73,25,153096,375.0,275.0,216,231,0,0,success
2,73,26,153112,375.0,275.0,216,231,0,0,success
2,73,27,153128,375.0,275.0,216,231,0,0,success
2,73,28,153144,375.0,275.0,216,231,0,0,success
2,73,29,153160,375.0,275.0,216,231,-5,0,success
2,73,30,153176,370.0,275.0,216,231,-5,0,success
2,73,31,153192,365.0,275.0,216,231,-5,0,success
2,73,32,153208,360.0,275.0,216,231,-5,0,success
2,73,33,153224,355.0,275.0,216,231,-5,0,success
2,73,34,153240,350.0,275.0,216,231,-5,0,success
2,73,35,153256,345.0,275.0,216,231,-5,0,success
2,73,36,153272,340.0,275.0,216,231,-5,0,success
2,73,37,153288,335.0,275.0,216,231,-5,0,success
2,73,38,153304,330.0,275.0,216,231,-5,0,success
2,73,39,153320,325.0,275.0,216,231,-5,0,success
2,73,40,153336,320.0,275.0,216,231,-5,0,success
2,73,41,153352,315.0,275.0,216,231,-5,0,success
2,73,42,153368,310.0,275.0,216,231,-5,-5,success
2,73,43,153384,305.0,270.0,216,231,-5,-5,success
2,73,44,153401,300.0,265.0,216,231,-5,-5,success
2,73,45,153417,295.0,260.0,216,231,-5,-5,success
2,73,46,153433,290.0,255.0,216,231,-5,-5,success
2,73,47,153449,285.0,250.0,216,231,-5,-5,success
2,73,48,153466,280.0,245.0,216,231,-5,-5,success
2,73,49,153482,275.0,240.0,216,231,-5,-5,success
2,73,50,153498,270.0,235.0,216,231,-5,-5,success
2,73,51,153515,265.0,230.0,216,231,-5,0,success
2,73,52,153531,260.0,230.0,216,231,-5,0,success
2,73,53,153547,255.0,230.0,216,231,-5,0,success
2,73,54,153563,250.0,230.0,216,231,-5,0,success
2,73,55,153579,245.0,230.0,216,231,-5,0,success
2,73,56,153596,240.0,230.0,216,231,0,0,success
2,73,57,153612,240.0,230.0,216,231,0,0,success
2,73,58,153629,240.0,230.0,216,231,0,0,success
2,73,59,153644,240.0,230.0,216,231,0,0,success
2,73,60,153661,240.0,230.0,216,231,0,0,success
2,73,61,153677,240.0,230.0,216,231,0,0,success
2,73,62,153693,240.0,230.0,216,231,0,0,success
2,73,63,153709,240.0,230.0,216,231,0,0,success
2,73,64,153726,240.0,230.0,216,231,0,0,success
2,73,65,153741,240.0,230.0,216,231,0,0,success
2,73,66,153758,240.0,230.0,216,231,0,0,success
2,73,67,153773,240.0,230.0,216,231,0,0,success
2,73,68,153789,240.0,230.0,216,231,0,0,success
2,73,69,153805,240.0,230.0,216,231,0,0,success
2,73,70,153821,240.0,230.0,216,231,0,0,success
2,73,71,153837,240.0,230.0,216,231,0,0,success
2,73,72,153853,240.0,230.0,216,231,0,0,success
2,73,73,153869,240.0,230.0,216,231,0,0,success
2,73,74,153885,240.0,230.0,216,231,0,0,success
2,73,75,153902,240.0,230.0,216,231,0,0,success
2,73,76,153918,240.0,230.0,216,231,0,0,success
2,73,77,153934,240.0,230.0,216,231,0,0,success
2,73,78,153950,240.0,230.0,216,231,0,0,success
2,73,79,153966,240.0,230.0,216,231,0,0,success
2,73,80,153983,240.0,230.0,216,231,0,0,success
2,73,81,153999,240.0,230.0,216,231,0,0,success
2,73,82,154016,240.0,230.0,216,231,0,0,success
2,73,83,154032,240.0,230.0,216,231,0,0,success
2,73,84,154048,240.0,230.0,216,231,0,0,success
2,73,85,154064,240.0,230.0,216,231,0,0,success
2,73,86,154080,240.0,230.0,216,231,0,0,success
2,73,87,154096,240.0,230.0,216,231,0,0,success
2,73,88,154112,240.0,230.0,216,231,0,0,success
2,73,89,154128,240.0,230.0,216,231,0,0,success
2,73,90,154145,240.0,230.0,216,231,0,0,success
2,73,91,154160,240.0,230.0,216,231,0,0,success
2,73,92,154176,240.0,230.0,216,231,0,0,success
2,73,93,154193,240.0,230.0,216,231,-5,0,success
2,73,94,154209,235.0,230.0,216,231,-5,0,success
2,73,95,154225,230.0,230.0,216,231,-5,0,success
2,73,96,154241,225.0,230.0,216,231,-5,0,success
2,73,97,154257,220.0,230.0,216,231,-5,0,success
2,73,98,154273,215.0,230.0,216,231,-5,0,success
2,73,99,154289,210.0,230.0,216,231,0,0,success
2,73,100,154305,210.0,230.0,216,231,0,0,success
2,73,101,154321,210.0,230.0,216,231,0,0,success
2,73,102,154337,210.0,230.0,216,231,0,0,success
2,73,103,154353,210.0,230.0,216,231,0,0,success
2,73,104,154369,210.0,230.0,216,231,0,0,success
2,73,105,154385,210.0,230.0,216,231,0,0,success
2,73,106,154402,210.0,230.0,216,231,0,0,success
2,73,107,154418,210.0,230.0,216,231,0,0,success
2,73,108,154434,210.0,230.0,216,231,0,0,success
2,73,109,154450,210.0,230.0,216,231,0,0,success
2,73,110,154467,210.0,230.0,216,231,0,0,success
2,73,111,154482,210.0,230.0,216,231,0,0,success
2,73,112,154498,210.0,230.0,216,231,0,0,success
2,73,113,154514,210.0,230.0,216,231,0,0,success
2,73,114,154530,210.0,230.0,216,231,0,0,success
2,73,115,154546,210.0,230.0,216,231,0,0,success
2,73,116,154562,210.0,230.0,216,231,0,0,success
2,73,117,154578,210.0,230.0,216,231,0,0,success
2,73,118,154595,210.0,230.0,216,231,0,0,success
2,73,119,154610,210.0,230.0,216,231,0,0,success
2,73,120,154626,210.0,230.0,216,231,0,0,success
2,73,121,154642,210.0,230.0,216,231,0,0,success
2,73,122,154658,210.0,230.0,216,231,5,0,success
2,73,123,154674,215.0,230.0,216,231,5,0,success
2,73,124,154691,220.0,230.0,216,231,5,0,success
2,73,125,154707,225.0,230.0,216,231,5,0,success
2,73,126,154723,230.0,230.0,216,231,5,0,success
2,73,127,154740,235.0,230.0,216,231,0,0,success
2,73,128,154755,235.0,230.0,216,231,0,0,success
2,73,129,154771,235.0,230.0,216,231,0,0,success
2,73,130,154788,235.0,230.0,216,231,0,0,success
2,73,131,154803,235.0,230.0,216,231,0,0,success
2,73,132,154819,235.0,230.0,216,231,0,0,success
2,73,133,154835,235.0,230.0,216,231,0,0,success
2,73,134,154851,235.0,230.0,216,231,0,0,success
2,73,135,154868,235.0,230.0,216,231,0,5,success
2,74,0,155894,375.0,275.0,577,358,0,0,success
2,74,1,155910,375.0,275.0,577,358,0,0,success
2,74,2,155927,375.0,275.0,577,358,0,0,success
2,74,3,155942,375.0,275.0,577,358,0,0,success
2,74,4,155958,375.0,275.0,577,358,0,0,success
2,74,5,155974,375.0,275.0,577,358,0,0,success
2,74,6,155990,375.0,275.0,577,358,0,0,success
2,74,7,156006,375.0,275.0,577,358,0,0,success
2,74,8,156022,375.0,275.0,577,358,0,0,success
2,74,9,156038,375.0,275.0,577,358,0,0,success
2,74,10,156054,375.0,275.0,577,358,0,0,success
2,74,11,156070,375.0,275.0,577,358,0,0,success
2,74,12,156086,375.0,275.0,577,358,0,0,success
2,74,13,156102,375.0,275.0,577,358,0,0,success
2,74,14,156118,375.0,275.0,577,358,0,0,success
2,74,15,156134,375.0,275.0,577,358,0,0,success
2,74,16,156150,375.0,275.0,577,358,0,0,success
2,74,17,156166,375.0,275.0,577,358,0,0,success
2,74,18,156183,375.0,275.0,577,358,0,0,success
2,74,19,156198,375.0,275.0,577,358,0,0,success
2,74,20,156215,375.0,275.0,577,358,0,0,success
2,74,21,156231,375.0,275.0,577,358,0,0,success
2,74,22,156247,375.0,275.0,577,358,0,0,success
2,74,23,156263,375.0,275.0,577,358,0,0,success
2,74,24,156279,375.0,275.0,577,358,0,0,success
2,74,25,156296,375.0,275.0,577,358,0,0,success
2,74,26,156311,375.0,275.0,577,358,0,0,success
2,74,27,156327,375.0,275.0,577,358,0,0,success
2,74,28,156343,375.0,275.0,577,358,0,0,success
2,74,29,156359,375.0,275.0,577,358,0,0,success
2,74,30,156375,375.0,275.0,577,358,0,0,success
2,74,31,156391,375.0,275.0,577,358,0,0,success
2,74,32,156408,375.0,275.0,577,358,5,0,success
2,74,33,156423,380.0,275.0,577,358,5,0,success
2,74,34,156440,385.0,275.0,577,358,5,0,success
2,74,35,156455,390.0,275.0,577,358,5,0,success
2,74,36,156471,395.0,275.0,577,358,5,0,success
2,74,37,156487,400.0,275.0,577,358,5,0,success
2,74,38,156503,405.0,275.0,577,358,5,0,success
2,74,39,156519,410.0,275.0,577,358,5,0,success
2,74,40,156535,415.0,275.0,577,358,5,0,success
2,74,41,156551,420.0,275.0,577,358,5,0,success
2,74,42,156567,425.0,275.0,577,358,5,0,success
2,74,43,156584,430.0,275.0,577,358,5,5,success
2,74,44,156599,435.0,280.0,577,358,5,5,success
2,74,45,156615,440.0,285.0,577,358,5,5,success
2,74,46,156631,445.0,290.0,577,358,5,5,success
2,74,47,156647,450.0,295.0,577,358,5,5,success
2,74,48,156663,455.0,300.0,577,358,5,5,success
2,74,49,156680,460.0,305.0,577,358,5,5,success
2,74,50,156935,465.0,310.0,577,358,5,5,success
2,74,51,156951,470.0,315.0,577,358,5,5,success
2,74,52,156967,475.0,320.0,577,358,5,5,success
2,74,53,156983,480.0,325.0,577,358,5,5,success
2,74,54,156999,485.0,330.0,577,358,5,5,success
2,74,55,157015,490.0,335.0,577,358,5,5,success
2,74,56,157031,495.0,340.0,577,358,5,0,success
2,74,57,157047,500.0,340.0,577,358,5,0,success
2,74,58,157063,505.0,340.0,577,358,5,0,success
2,74,59,157079,510.0,340.0,577,358,5,0,success
2,74,60,157095,515.0,340.0,577,358,5,0,success
2,74,61,157112,520.0,340.0,577,358,5,0,success
2,74,62,157128,525.0,340.0,577,358,5,0,success
2,74,63,157144,530.0,340.0,577,358,5,0,success
2,74,64,157160,535.0,340.0,577,358,5,0,success
2,74,65,157176,540.0,340.0,577,358,5,0,success
2,74,66,157192,545.0,340.0,577,358,5,0,success
2,74,67,157208,550.0,340.0,577,358,5,0,success
2,74,68,157224,555.0,340.0,577,358,5,0,success
2,74,69,157240,560.0,340.0,577,358,5,0,success
2,74,70,157257,565.0,340.0,577,358,5,0,success
2,74,71,157272,570.0,340.0,577,358,5,0,success
2,74,72,157288,575.0,340.0,577,358,5,0,success
2,74,73,157304,580.0,340.0,577,358,5,0,success
2,74,74,157320,585.0,340.0,577,358,5,0,success
2,74,75,157337,590.0,340.0,577,358,5,0,success
2,74,76,157354,595.0,340.0,577,358,5,0,success
2,74,77,157370,600.0,340.0,577,358,5,5,success
2,74,78,157385,605.0,345.0,577,358,5,5,success
2,74,79,157402,610.0,350.0,577,358,5,5,success
2,74,80,157418,615.0,355.0,577,358,5,5,success
2,74,81,157434,620.0,360.0,577,358,5,5,success
2,74,82,157450,625.0,365.0,577,358,5,5,success
2,74,83,157467,630.0,370.0,577,358,5,5,success
2,74,84,157483,635.0,375.0,577,358,5,5,success
2,74,85,157499,640.0,380.0,577,358,0,0,success
2,74,86,157515,640.0,380.0,577,358,0,0,success
2,74,87,157532,640.0,380.0,577,358,0,0,success
2,74,88,157547,640.0,380.0,577,358,0,0,success
2,74,89,157563,640.0,380.0,577,358,0,0,success
2,74,90,157580,640.0,380.0,577,358,0,0,success
2,74,91,157596,640.0,380.0,577,358,0,0,success
2,74,92,157612,640.0,380.0,577,358,0,0,success
2,74,93,157628,640.0,380.0,577,358,0,0,success
2,74,94,157644,640.0,380.0,577,358,0,0,success
2,74,95,157660,640.0,380.0,577,358,0,0,success
2,74,96,157676,640.0,380.0,577,358,0,0,success
2,74,97,157693,640.0,380.0,577,358,0,0,success
2,74,98,157708,640.0,380.0,577,358,0,0,success
2,74,99,157724,640.0,380.0,577,358,0,0,success
2,74,100,157741,640.0,380.0,577,358,-5,0,success
2,74,101,157757,635.0,380.0,577,358,-5,0,success
2,74,102,157773,630.0,380.0,577,358,-5,0,success
2,74,103,157789,625.0,380.0,577,358,-5,0,success
2,74,104,157805,620.0,380.0,577,358,-5,0,success
2,74,105,157821,615.0,380.0,577,358,-5,0,success
2,74,106,157837,610.0,380.0,577,358,-5,0,success
2,74,107,157853,605.0,380.0,577,358,-5,0,success
2,74,108,157869,600.0,380.0,577,358,-5,0,success
2,74,109,157885,595.0,380.0,577,358,-5,0,success
2,74,110,157901,590.0,380.0,577,358,-5,0,success
2,74,111,157918,585.0,380.0,577,358,-5,0,success
2,74,112,157933,580.0,380.0,577,358,-5,0,success
2,74,113,157949,575.0,380.0,577,358,-5,0,success
2,74,114,157965,570.0,380.0,577,358,-5,0,success
2,74,115,157982,565.0,380.0,577,358,0,0,success
2,74,116,157997,565.0,380.0,577,358,0,0,success
2,74,117,158012,565.0,380.0,577,358,0,0,success
2,74,118,158028,565.0,380.0,577,358,0,0,success
2,74,119,158044,565.0,380.0,577,358,0,0,success
2,74,120,158060,565.0,380.0,577,358,0,0,success
2,74,121,158076,565.0,380.0,577,358,0,0,success
2,74,122,158092,565.0,380.0,577,358,0,0,success
2,74,123,158108,565.0,380.0,577,358,0,0,success
2,74,124,158124,565.0,380.0,577,358,0,0,success
2,74,125,158140,565.0,380.0,577,358,0,0,success
2,74,126,158156,565.0,380.0,577,358,0,0,success
2,74,127,158172,565.0,380.0,577,358,0,0,success
2,74,128,158188,565.0,380.0,577,358,0,0,success
2,74,129,158204,565.0,380.0,577,358,0,0,success
2,74,130,158221,565.0,380.0,577,358,0,0,success
2,74,131,158236,565.0,380.0,577,358,0,0,success
2,74,132,158252,565.0,380.0,577,358,0,0,success
2,74,133,158268,565.0,380.0,577,358,0,0,success
2,74,134,158284,565.0,380.0,577,358,0,0,success
2,74,135,158301,565.0,380.0,577,358,0,0,success
2,74,136,158318,565.0,380.0,577,358,0,0,success
2,74,137,158333,565.0,380.0,577,358,0,0,success
2,74,138,158349,565.0,380.0,577,358,0,0,success
2,74,139,158365,565.0,380.0,577,358,0,0,success
2,74,140,158382,565.0,380.0,577,358,5,0,success
2,74,141,158399,570.0,380.0,577,358,5,0,success
2,74,142,158415,575.0,380.0,577,358,5,0,success
2,74,143,158431,580.0,380.0,577,358,5,0,success
2,74,144,158447,585.0,380.0,577,358,5,0,success
2,74,145,158463,590.0,380.0,577,358,5,0,success
2,74,146,158479,595.0,380.0,577,358,5,0,success
2,74,147,158495,600.0,380.0,577,358,0,0,success
2,74,148,158511,600.0,380.0,577,358,0,0,success
2,74,149,158527,600.0,380.0,577,358,0,0,success
2,74,150,158543,600.0,380.0,577,358,0,0,success
2,74,151,158559,600.0,380.0,577,358,0,0,success
2,74,152,158575,600.0,380.0,577,358,0,-5,success
2,74,153,158591,600.0,375.0,577,358,0,-5,success
2,74,154,158607,600.0,370.0,577,358,0,-5,success
2,74,155,158623,600.0,365.0,577,358,0,-5,success
2,74,156,158640,600.0,360.0,577,358,0,-5,success
2,74,157,158655,600.0,355.0,577,358,0,-5,success
2,74,158,158671,600.0,350.0,577,358,0,0,success
2,74,159,158687,600.0,350.0,577,358,0,0,success
2,74,160,158704,600.0,350.0,577,358,0,0,success
2,74,161,158719,600.0,350.0,577,358,0,0,success
2,74,162,158735,600.0,350.0,577,358,0,0,success
2,74,163,158751,600.0,350.0,577,358,0,0,success
2,74,164,158768,600.0,350.0,577,358,0,0,success
2,74,165,158783,600.0,350.0,577,358,0,0,success
2,74,166,158799,600.0,350.0,577,358,0,0,success
2,74,167,158815,600.0,350.0,577,358,0,0,success
2,74,168,158831,600.0,350.0,577,358,0,0,success
2,74,169,158847,600.0,350.0,577,358,0,0,success
2,74,170,158863,600.0,350.0,577,358,0,0,success
2,74,171,158880,600.0,350.0,577,358,0,0,success
2,74,172,158895,600.0,350.0,577,358,0,0,success
2,74,173,158911,600.0,350.0,577,358,0,0,success
2,74,174,158927,600.0,350.0,577,358,0,0,success
2,74,175,158943,600.0,350.0,577,358,0,0,success
2,74,176,158960,600.0,350.0,577,358,0,0,success
2,74,177,158975,600.0,350.0,577,358,0,0,success
2,74,178,158991,600.0,350.0,577,358,0,0,success
2,74,179,159006,600.0,350.0,577,358,0,0,success
2,74,180,159022,600.0,350.0,577,358,0,0,success
2,74,181,159038,600.0,350.0,577,358,0,0,success
2,74,182,159055,600.0,350.0,577,358,0,0,success
2,74,183,159071,600.0,350.0,577,358,0,0,success
2,74,184,159087,600.0,350.0,577,358,0,0,success
2,74,185,159103,600.0,350.0,577,358,0,0,success
2,74,186,159119,600.0,350.0,577,358,0,5,success
2,74,187,159136,600.0,355.0,577,358,0,5,success
2,74,188,159151,600.0,360.0,577,358,0,5,success
2,74,189,159167,600.0,365.0,577,358,0,0,success
2,74,190,159183,600.0,365.0,577,358,0,0,success
2,74,191,159200,600.0,365.0,577,358,0,0,success
2,74,192,159216,600.0,365.0,577,358,0,0,success
2,74,193,159232,600.0,365.0,577,358,0,0,success
2,74,194,159248,600.0,365.0,577,358,0,0,success
2,74,195,159264,600.0,365.0,577,358,0,0,success
2,74,196,159280,600.0,365.0,577,358,0,0,success
2,74,197,159296,600.0,365.0,577,358,0,0,success
2,74,198,159312,600.0,365.0,577,358,0,0,success
2,74,199,159328,600.0,365.0,577,358,0,0,success
2,74,200,159344,600.0,365.0,577,358,0,0,success
2,74,201,159360,600.0,365.0,577,358,0,0,success
2,74,202,159376,600.0,365.0,577,358,0,0,success
2,74,203,159393,600.0,365.0,577,358,0,0,success
2,74,204,159409,600.0,365.0,577,358,-5,0,success
2,75,0,160437,375.0,275.0,255,317,0,0,success
2,75,1,160452,375.0,275.0,255,317,0,0,success
2,75,2,160468,375.0,275.0,255,317,0,0,success
2,75,3,160485,375.0,275.0,255,317,0,0,success
2,75,4,160500,375.0,275.0,255,317,0,0,success
2,75,5,160516,375.0,275.0,255,317,0,0,success
2,75,6,160532,375.0,275.0,255,317,0,0,success
2,75,7,160548,375.0,275.0,255,317,0,0,success
2,75,8,160564,375.0,275.0,255,317,0,0,success
2,75,9,160580,375.0,275.0,255,317,0,0,success
2,75,10,160596,375.0,275.0,255,317,0,0,success
2,75,11,160612,375.0,275.0,255,317,0,0,success
2,75,12,160628,375.0,275.0,255,317,0,0,success
2,75,13,160644,375.0,275.0,255,317,0,0,success
2,75,14,160660,375.0,275.0,255,317,0,0,success
2,75,15,160676,375.0,275.0,255,317,0,0,success
2,75,16,160692,375.0,275.0,255,317,0,0,success
2,75,17,160708,375.0,275.0,255,317,0,0,success
2,75,18,160724,375.0,275.0,255,317,0,0,success
2,75,19,160740,375.0,275.0,255,317,0,0,success
2,75,20,160756,375.0,275.0,255,317,0,0,success
2,75,21,160772,375.0,275.0,255,317,0,0,success
2,75,22,160788,375.0,275.0,255,317,0,0,success
2,75,23,160804,375.0,275.0,255,317,0,0,success
2,75,24,160820,375.0,275.0,255,317,0,0,success
2,75,25,160836,375.0,275.0,255,317,0,0,success
2,75,26,160853,375.0,275.0,255,317,0,0,success
2,75,27,160868,375.0,275.0,255,317,0,0,success
2,75,28,160885,375.0,275.0,255,317,0,0,success
2,75,29,160900,375.0,275.0,255,317,0,0,success
2,75,30,160917,375.0,275.0,255,317,0,0,success
2,75,31,160933,375.0,275.0,255,317,0,0,success
2,75,32,160949,375.0,275.0,255,317,0,0,success
2,75,33,160965,375.0,275.0,255,317,0,5,success
2,75,34,160981,375.0,280.0,255,317,0,5,success
2,75,35,160997,375.0,285.0,255,317,0,5,success
2,75,36,161013,375.0,290.0,255,317,0,5,success
2,75,37,161030,375.0,295.0,255,317,0,5,success
2,75,38,161045,375.0,300.0,255,317,0,5,success
2,75,39,161061,375.0,305.0,255,317,0,5,success
2,75,40,161078,375.0,310.0,255,317,0,5,success
2,75,41,161093,375.0,315.0,255,317,0,5,success
2,75,42,161110,375.0,320.0,255,317,0,5,success
2,75,43,161125,375.0,325.0,255,317,0,5,success
2,75,44,161142,375.0,330.0,255,317,0,5,success
2,75,45,161158,375.0,335.0,255,317,0,5,success
2,75,46,161175,375.0,340.0,255,317,0,5,success
2,75,47,161190,375.0,345.0,255,317,0,5,success
2,75,48,161206,375.0,350.0,255,317,0,5,success
2,75,49,161222,375.0,355.0,255,317,0,0,success
2,75,50,161238,375.0,355.0,255,317,-5,0,success
2,75,51,161255,370.0,355.0,255,317,-5,0,success
2,75,52,161270,365.0,355.0,255,317,-5,0,success
2,75,53,161286,360.0,355.0,255,317,-5,0,success
2,75,54,161302,355.0,355.0,255,317,-5,0,success
2,75,55,161318,350.0,355.0,255,317,-5,0,success
2,75,56,161334,345.0,355.0,255,317,-5,0,success
2,75,57,161351,340.0,355.0,255,317,-5,0,success
2,75,58,161367,335.0,355.0,255,317,-5,0,success
2,75,59,161382,330.0,355.0,255,317,-5,0,success
2,75,60,161399,325.0,355.0,255,317,-5,0,success
2,75,61,161416,320.0,355.0,255,317,-5,0,success
2,75,62,161432,315.0,355.0,255,317,-5,0,success
2,75,63,161448,310.0,355.0,255,317,-5,0,success
2,75,64,161464,305.0,355.0,255,317,-5,0,success
2,75,65,161480,300.0,355.0,255,317,-5,0,success
2,75,66,161496,295.0,355.0,255,317,-5,0,success
2,75,67,161512,290.0,355.0,255,317,-5,0,success
2,75,68,161528,285.0,355.0,255,317,-5,0,success
2,75,69,161545,280.0,355.0,255,317,-5,0,success
2,75,70,161560,275.0,355.0,255,317,-5,0,success
2,75,71,161576,270.0,355.0,255,317,-5,0,success
2,75,72,161592,265.0,355.0,255,317,-5,0,success
2,75,73,161608,260.0,355.0,255,317,0,0,success
2,75,74,161624,260.0,355.0,255,317,0,0,success
2,75,75,161640,260.0,355.0,255,317,0,-5,success
2,75,76,161656,260.0,350.0,255,317,0,-5,success
2,75,77,161672,260.0,345.0,255,317,0,-5,success
2,75,78,161689,260.0,340.0,255,317,0,-5,success
2,76,0,162716,375.0,275.0,607,268,0,0,success
2,76,1,162732,375.0,275.0,607,268,0,0,success
2,76,2,162748,375.0,275.0,607,268,0,0,success
2,76,3,162764,375.0,275.0,607,268,0,0,success
2,76,4,162780,375.0,275.0,607,268,0,0,success
2,76,5,162797,375.0,275.0,607,268,0,0,success
2,76,6,162812,375.0,275.0,607,268,0,0,success
2,76,7,162828,375.0,275.0,607,268,0,0,success
2,76,8,162844,375.0,275.0,607,268,0,0,success
2,76,9,162861,375.0,275.0,607,268,0,0,success
2,76,10,162878,375.0,275.0,607,268,0,0,success
2,76,11,162893,375.0,275.0,607,268,0,0,success
2,76,12,162909,375.0,275.0,607,268,0,0,success
2,76,13,162925,375.0,275.0,607,268,0,0,success
2,76,14,162941,375.0,275.0,607,268,0,0,success
2,76,15,162958,375.0,275.0,607,268,0,0,success
2,76,16,162973,375.0,275.0,607,268,0,0,success
2,76,17,162989,375.0,275.0,607,268,0,0,success
2,76,18,163005,375.0,275.0,607,268,0,0,success
2,76,19,163020,375.0,275.0,607,268,0,0,success
2,76,20,163036,375.0,275.0,607,268,0,0,success
2,76,21,163052,375.0,275.0,607,268,0,0,success
2,76,22,163068,375.0,275.0,607,268,0,0,success
2,76,23,163084,375.0,275.0,607,268,0,0,success
2,76,24,163100,375.0,275.0,607,268,0,0,success
2,76,25,163116,375.0,275.0,607,268,0,0,success
2,76,26,163132,375.0,275.0,607,268,0,0,success
2,76,27,163148,375.0,275.0,607,268,0,0,success
2,76,28,163164,375.0,275.0,607,268,0,0,success
2,76,29,163180,375.0,275.0,607,268,0,0,success
2,76,30,163196,375.0,275.0,607,268,0,0,success
2,76,31,163213,375.0,275.0,607,268,0,0,success
2,76,32,163228,375.0,275.0,607,268,0,0,success
2,76,33,163244,375.0,275.0,607,268,0,0,success
2,76,34,163260,375.0,275.0,607,268,0,0,success
2,76,35,163276,375.0,275.0,607,268,0,0,success
2,76,36,163293,375.0,275.0,607,268,0,0,success
2,76,37,163308,375.0,275.0,607,268,0,0,success
2,76,38,163324,375.0,275.0,607,268,0,0,success
2,76,39,163340,375.0,275.0,607,268,0,0,success
2,76,40,163356,375.0,275.0,607,268,0,0,success
2,76,41,163373,375.0,275.0,607,268,5,0,success
2,76,42,163388,380.0,275.0,607,268,5,0,success
2,76,43,163405,385.0,275.0,607,268,5,0,success
2,76,44,163421,390.0,275.0,607,268,5,0,success
2,76,45,163437,395.0,275.0,607,268,5,0,success
2,76,46,163453,400.0,275.0,607,268,5,0,success
2,76,47,163469,405.0,275.0,607,268,5,0,success
2,76,48,163486,410.0,275.0,607,268,5,0,success
2,76,49,163501,415.0,275.0,607,268,5,0,success
2,76,50,163517,420.0,275.0,607,268,5,0,success
2,76,51,163533,425.0,275.0,607,268,5,0,success
2,76,52,163549,430.0,275.0,607,268,5,0,success
2,76,53,163566,435.0,275.0,607,268,5,0,success
2,76,54,163582,440.0,275.0,607,268,5,0,success
2,76,55,163598,445.0,275.0,607,268,5,0,success
2,76,56,163613,450.0,275.0,607,268,5,0,success
2,76,57,163629,455.0,275.0,607,268,5,0,success
2,76,58,163645,460.0,275.0,607,268,5,0,success
2,76,59,163661,465.0,275.0,607,268,5,0,success
2,76,60,163677,470.0,275.0,607,268,5,0,success
2,76,61,163693,475.0,275.0,607,268,5,0,success
2,76,62,163709,480.0,275.0,607,268,5,0,success
2,76,63,163725,485.0,275.0,607,268,5,0,success
2,76,64,163741,490.0,275.0,607,268,5,0,success
2,76,65,163757,495.0,275.0,607,268,5,0,success
2,76,66,163773,500.0,275.0,607,268,5,0,success
2,76,67,163789,505.0,275.0,607,268,5,0,success
2,76,68,163805,510.0,275.0,607,268,5,0,success
2,76,69,163822,515.0,275.0,607,268,5,0,success
2,76,70,163837,520.0,275.0,607,268,5,0,success
2,76,71,163853,525.0,275.0,607,268,5,0,success
2,76,72,163869,530.0,275.0,607,268,5,0,success
2,76,73,163885,535.0,275.0,607,268,5,0,success
2,76,74,163902,540.0,275.0,607,268,5,0,success
2,76,75,163918,545.0,275.0,607,268,5,0,success
2,76,76,163934,550.0,275.0,607,268,5,0,success
2,76,77,163950,555.0,275.0,607,268,5,0,success
2,76,78,163966,560.0,275.0,607,268,5,0,success
2,76,79,163983,565.0,275.0,607,268,5,0,success
2,76,80,163998,570.0,275.0,607,268,5,0,success
2,76,81,164014,575.0,275.0,607,268,5,0,success
2,76,82,164030,580.0,275.0,607,268,5,0,success
2,76,83,164046,585.0,275.0,607,268,5,0,success
2,76,84,164063,590.0,275.0,607,268,5,0,success
2,76,85,164078,595.0,275.0,607,268,5,0,success
2,76,86,164095,600.0,275.0,607,268,5,0,success
2,76,87,164111,605.0,275.0,607,268,5,0,success
2,77,0,165138,375.0,275.0,434,420,0,0,success
2,77,1,165155,375.0,275.0,434,420,0,0,success
2,77,2,165170,375.0,275.0,434,420,0,0,success
2,77,3,165187,375.0,275.0,434,420,0,0,success
2,77,4,165202,375.0,275.0,434,420,0,0,success
2,77,5,165218,375.0,275.0,434,420,0,0,success
2,77,6,165234,375.0,275.0,434,420,0,0,success
2,77,7,165250,375.0,275.0,434,420,0,0,success
2,77,8,165266,375.0,275.0,434,420,0,0,success
2,77,9,165282,375.0,275.0,434,420,0,0,success
2,77,10,165298,375.0,275.0,434,420,0,0,success
2,77,11,165314,375.0,275.0,434,420,0,0,success
2,77,12,165330,375.0,275.0,434,420,0,0,success
2,77,13,165346,375.0,275.0,434,420,0,0,success
2,77,14,165363,375.0,275.0,434,420,0,0,success
2,77,15,165378,375.0,275.0,434,420,0,0,success
2,77,16,165395,375.0,275.0,434,420,0,0,success
2,77,17,165411,375.0,275.0,434,420,0,0,success
2,77,18,165427,375.0,275.0,434,420,0,0,success
2,77,19,165443,375.0,275.0,434,420,0,0,success
2,77,20,165460,375.0,275.0,434,420,0,0,success
2,77,21,165476,375.0,275.0,434,420,0,0,success
2,77,22,165492,375.0,275.0,434,420,0,0,success
2,77,23,165508,375.0,275.0,434,420,0,0,success
2,77,24,165524,375.0,275.0,434,420,0,0,success
2,77,25,165540,375.0,275.0,434,420,0,0,success
2,77,26,165556,375.0,275.0,434,420,0,0,success
2,77,27,165573,375.0,275.0,434,420,0,0,success
2,77,28,165589,375.0,275.0,434,420,5,0,success
2,77,29,165605,380.0,275.0,434,420,5,0,success
2,77,30,165621,385.0,275.0,434,420,5,0,success
2,77,31,165637,390.0,275.0,434,420,5,0,success
2,77,32,165653,395.0,275.0,434,420,5,0,success
2,77,33,165669,400.0,275.0,434,420,5,0,success
2,77,34,165685,405.0,275.0,434,420,5,0,success
2,77,35,165701,410.0,275.0,434,420,5,0,success
2,77,36,165717,415.0,275.0,434,420,5,0,success
2,77,37,165733,420.0,275.0,434,420,5,5,success
2,77,38,165749,425.0,280.0,434,420,5,5,success
2,77,39,165766,430.0,285.0,434,420,5,5,success
2,77,40,165781,435.0,290.0,434,420,5,5,success
2,77,41,165797,440.0,295.0,434,420,5,5,success
2,77,42,165813,445.0,300.0,434,420,5,5,success
2,77,43,165829,450.0,305.0,434,420,5,5,success
2,77,44,165845,455.0,310.0,434,420,0,5,success
2,77,45,165861,455.0,315.0,434,420,0,5,success
2,77,46,165877,455.0,320.0,434,420,0,5,success
2,77,47,165893,455.0,325.0,434,420,0,5,success
2,77,48,165909,455.0,330.0,434,420,0,5,success
2,77,49,165925,455.0,335.0,434,420,0,5,success
2,77,50,165941,455.0,340.0,434,420,0,5,success
2,77,51,165958,455.0,345.0,434,420,0,5,success
2,77,52,165974,455.0,350.0,434,420,0,5,success
2,77,53,165990,455.0,355.0,434,420,0,5,success
2,77,54,166005,455.0,360.0,434,420,0,5,success
2,77,55,166021,455.0,365.0,434,420,0,5,success
2,77,56,166037,455.0,370.0,434,420,0,5,success
2,77,57,166053,455.0,375.0,434,420,0,5,success
2,77,58,166070,455.0,380.0,434,420,0,5,success
2,77,59,166085,455.0,385.0,434,420,0,5,success
2,77,60,166101,455.0,390.0,434,420,0,5,success
2,77,61,166117,455.0,395.0,434,420,0,5,success
2,77,62,166133,455.0,400.0,434,420,0,5,success
2,77,63,166149,455.0,405.0,434,420,0,5,success
2,77,64,166166,455.0,410.0,434,420,0,5,success
2,77,65,166181,455.0,415.0,434,420,0,5,success
2,77,66,166197,455.0,420.0,434,420,0,5,success
2,77,67,166213,455.0,425.0,434,420,0,5,success
2,77,68,166230,455.0,430.0,434,420,0,5,success
2,77,69,166246,455.0,435.0,434,420,0,0,success
2,77,70,166261,455.0,435.0,434,420,0,0,success
2,77,71,166278,455.0,435.0,434,420,-5,0,success
2,78,0,167307,375.0,275.0,691,516,0,0,success
2,78,1,167323,375.0,275.0,691,516,0,0,success
2,78,2,167339,375.0,275.0,691,516,0,0,success
2,78,3,167355,375.0,275.0,691,516,0,0,success
2,78,4,167371,375.0,275.0,691,516,0,0,success
2,78,5,167387,375.0,275.0,691,516,0,0,success
2,78,6,167404,375.0,275.0,691,516,0,0,success
2,78,7,167420,375.0,275.0,691,516,0,0,success
2,78,8,167436,375.0,275.0,691,516,0,0,success
2,78,9,167452,375.0,275.0,691,516,0,0,success
2,78,10,167468,375.0,275.0,691,516,0,0,success
2,78,11,167485,375.0,275.0,691,516,0,0,success
2,78,12,167501,375.0,275.0,691,516,0,0,success
2,78,13,167517,375.0,275.0,691,516,0,0,success
2,78,14,167533,375.0,275.0,691,516,0,0,success
2,78,15,167550,375.0,275.0,691,516,0,0,success
2,78,16,167565,375.0,275.0,691,516,0,0,success
2,78,17,167581,375.0,275.0,691,516,0,0,success
2,78,18,167597,375.0,275.0,691,516,0,0,success
2,78,19,167614,375.0,275.0,691,516,0,0,success
2,78,20,167629,375.0,275.0,691,516,0,0,success
2,78,21,167646,375.0,275.0,691,516,0,0,success
2,78,22,167661,375.0,275.0,691,516,0,0,success
2,78,23,167910,375.0,275.0,691,516,5,0,success
2,78,24,167925,380.0,275.0,691,516,5,0,success
2,78,25,167941,385.0,275.0,691,516,5,5,success
2,78,26,167957,390.0,280.0,691,516,5,5,success
2,78,27,167973,395.0,285.0,691,516,5,5,success
2,78,28,167990,400.0,290.0,691,516,5,5,success
2,78,29,168004,405.0,295.0,691,516,5,5,success
2,78,30,168021,410.0,300.0,691,516,5,5,success
2,78,31,168037,415.0,305.0,691,516,5,5,success
2,78,32,168053,420.0,310.0,691,516,5,5,success
2,78,33,168070,425.0,315.0,691,516,5,5,success
2,78,34,168086,430.0,320.0,691,516,5,5,success
2,78,35,168102,435.0,325.0,691,516,5,5,success
2,78,36,168119,440.0,330.0,691,516,5,5,success
2,78,37,168134,445.0,335.0,691,516,5,5,success
2,78,38,168150,450.0,340.0,691,516,5,5,success
2,78,39,168166,455.0,345.0,691,516,5,5,success
2,78,40,168183,460.0,350.0,691,516,5,5,success
2,78,41,168199,465.0,355.0,691,516,5,5,success
2,78,42,168216,470.0,360.0,691,516,5,5,success
2,78,43,168231,475.0,365.0,691,516,5,5,success
2,78,44,168247,480.0,370.0,691,516,5,5,success
2,78,45,168263,485.0,375.0,691,516,5,5,success
2,78,46,168279,490.0,380.0,691,516,5,5,success
2,78,47,168295,495.0,385.0,691,516,5,5,success
2,78,48,168311,500.0,390.0,691,516,5,5,success
2,78,49,168327,505.0,395.0,691,516,5,5,success
2,78,50,168343,510.0,400.0,691,516,5,5,success
2,78,51,168359,515.0,405.0,691,516,5,5,success
2,78,52,168375,520.0,410.0,691,516,5,5,success
2,78,53,168393,525.0,415.0,691,516,5,5,success
2,78,54,168410,530.0,420.0,691,516,5,5,success
2,78,55,168425,535.0,425.0,691,516,5,5,success
2,78,56,168441,540.0,430.0,691,516,5,5,success
2,78,57,168457,545.0,435.0,691,516,5,5,success
2,78,58,168473,550.0,440.0,691,516,5,5,success
2,78,59,168489,555.0,445.0,691,516,5,5,success
2,78,60,168505,560.0,450.0,691,516,5,5,success
2,78,61,168521,565.0,455.0,691,516,5,5,success
2,78,62,168538,570.0,460.0,691,516,5,5,success
2,78,63,168553,575.0,465.0,691,516,5,5,success
2,78,64,168569,580.0,470.0,691,516,5,5,success
2,78,65,168585,585.0,475.0,691,516,5,5,success
2,78,66,168601,590.0,480.0,691,516,5,5,success
2,78,67,168618,595.0,485.0,691,516,5,5,success
2,78,68,168633,600.0,490.0,691,516,5,5,success
2,78,69,168649,605.0,495.0,691,516,5,5,success
2,78,70,168666,610.0,500.0,691,516,5,5,success
2,78,71,168681,615.0,505.0,691,516,5,5,success
2,78,72,168697,620.0,510.0,691,516,5,5,success
2,78,73,168713,625.0,515.0,691,516,5,5,success
2,78,74,168730,630.0,520.0,691,516,5,0,success
2,78,75,168746,635.0,520.0,691,516,5,0,success
2,78,76,168762,640.0,520.0,691,516,5,0,success
2,78,77,168778,645.0,520.0,691,516,5,0,success
2,78,78,168794,650.0,520.0,691,516,5,0,success
2,78,79,168810,655.0,520.0,691,516,5,0,success
2,78,80,168826,660.0,520.0,691,516,5,0,success
2,78,81,168842,665.0,520.0,691,516,5,0,success
2,78,82,168859,670.0,520.0,691,516,5,0,success
2,78,83,168874,675.0,520.0,691,516,5,0,success
2,78,84,168890,680.0,520.0,691,516,0,0,success
2,78,85,168906,680.0,520.0,691,516,0,0,success
2,78,86,168922,680.0,520.0,691,516,0,0,success
2,78,87,168938,680.0,520.0,691,516,0,0,success
2,78,88,168954,680.0,520.0,691,516,0,0,success
2,78,89,168971,680.0,520.0,691,516,0,0,success
2,78,90,168987,680.0,520.0,691,516,0,0,success
2,78,91,169002,680.0,520.0,691,516,0,0,success
2,78,92,169018,680.0,520.0,691,516,0,0,success
2,78,93,169034,680.0,520.0,691,516,0,0,success
2,78,94,169050,680.0,520.0,691,516,0,0,success
2,78,95,169066,680.0,520.0,691,516,0,0,success
2,78,96,169082,680.0,520.0,691,516,0,0,success
2,78,97,169099,680.0,520.0,691,516,0,0,success
2,78,98,169115,680.0,520.0,691,516,0,0,success
2,78,99,169130,680.0,520.0,691,516,0,0,success
2,78,100,169146,680.0,520.0,691,516,0,0,success
2,78,101,169163,680.0,520.0,691,516,0,0,success
2,78,102,169179,680.0,520.0,691,516,5,0,success
2,78,103,169196,685.0,520.0,691,516,5,0,success
2,78,104,169212,690.0,520.0,691,516,5,0,success
2,79,0,170241,375.0,275.0,499,453,0,0,success
2,79,1,170257,375.0,275.0,499,453,0,0,success
2,79,2,170273,375.0,275.0,499,453,0,0,success
2,79,3,170289,375.0,275.0,499,453,0,0,success
2,79,4,170305,375.0,275.0,499,453,0,0,success
2,79,5,170321,375.0,275.0,499,453,0,0,success
2,79,6,170337,375.0,275.0,499,453,0,0,success
2,79,7,170353,375.0,275.0,499,453,0,0,success
2,79,8,170369,375.0,275.0,499,453,0,0,success
2,79,9,170385,375.0,275.0,499,453,0,0,success
2,79,10,170403,375.0,275.0,499,453,0,0,success
2,79,11,170418,375.0,275.0,499,453,0,0,success
2,79,12,170434,375.0,275.0,499,453,0,0,success
2,79,13,170451,375.0,275.0,499,453,0,0,success
2,79,14,170467,375.0,275.0,499,453,0,0,success
2,79,15,170484,375.0,275.0,499,453,0,0,success
2,79,16,170499,375.0,275.0,499,453,0,0,success
2,79,17,170515,375.0,275.0,499,453,0,0,success
2,79,18,170531,375.0,275.0,499,453,0,0,success
2,79,19,170547,375.0,275.0,499,453,0,0,success
2,79,20,170563,375.0,275.0,499,453,0,0,success
2,79,21,170579,375.0,275.0,499,453,0,0,success
2,79,22,170595,375.0,275.0,499,453,0,0,success
2,79,23,170611,375.0,275.0,499,453,0,0,success
2,79,24,170628,375.0,275.0,499,453,0,0,success
2,79,25,170645,375.0,275.0,499,453,0,0,success
2,79,26,170660,375.0,275.0,499,453,0,0,success
2,79,27,170676,375.0,275.0,499,453,5,0,success
2,79,28,170692,380.0,275.0,499,453,5,0,success
2,79,29,170709,385.0,275.0,499,453,5,0,success
2,79,30,170725,390.0,275.0,499,453,5,0,success
2,79,31,170741,395.0,275.0,499,453,5,0,success
2,79,32,170757,400.0,275.0,499,453,5,0,success
2,79,33,170773,405.0,275.0,499,453,5,0,success
2,79,34,170789,410.0,275.0,499,453,5,0,success
2,79,35,170806,415.0,275.0,499,453,5,5,success
2,79,36,170823,420.0,280.0,499,453,5,5,success
2,79,37,170838,425.0,285.0,499,453,5,5,success
2,79,38,170854,430.0,290.0,499,453,5,5,success
2,79,39,170870,435.0,295.0,499,453,5,5,success
2,79,40,170886,440.0,300.0,499,453,5,5,success
2,79,41,170902,445.0,305.0,499,453,5,5,success
2,79,42,170918,450.0,310.0,499,453,5,5,success
2,79,43,170934,455.0,315.0,499,453,5,5,success
2,79,44,170950,460.0,320.0,499,453,5,5,success
2,79,45,170966,465.0,325.0,499,453,5,5,success
2,79,46,170982,470.0,330.0,499,453,5,5,success
2,79,47,170998,475.0,335.0,499,453,5,5,success
2,79,48,171014,480.0,340.0,499,453,5,5,success
2,79,49,171030,485.0,345.0,499,453,5,5,success
2,79,50,171046,490.0,350.0,499,453,5,5,success
2,79,51,171062,495.0,355.0,499,453,5,5,success
2,79,52,171079,500.0,360.0,499,453,5,5,success
2,79,53,171095,505.0,365.0,499,453,5,5,success
2,79,54,171111,510.0,370.0,499,453,5,5,success
2,79,55,171127,515.0,375.0,499,453,5,5,success
2,79,56,171143,520.0,380.0,499,453,5,5,success
2,79,57,171159,525.0,385.0,499,453,5,5,success
2,79,58,171175,530.0,390.0,499,453,5,5,success
2,79,59,171191,535.0,395.0,499,453,5,5,success
2,79,60,171207,540.0,400.0,499,453,0,5,success
2,79,61,171223,540.0,405.0,499,453,0,5,success
2,79,62,171239,540.0,410.0,499,453,0,5,success
2,79,63,171255,540.0,415.0,499,453,0,5,success
2,79,64,171272,540.0,420.0,499,453,0,5,success
2,79,65,171287,540.0,425.0,499,453,0,5,success
2,79,66,171304,540.0,430.0,499,453,0,5,success
2,79,67,171321,540.0,435.0,499,453,0,5,success
2,79,68,171336,540.0,440.0,499,453,0,0,success
2,79,69,171352,540.0,440.0,499,453,0,0,success
2,79,70,171368,540.0,440.0,499,453,0,0,success
2,79,71,171384,540.0,440.0,499,453,0,0,success
2,79,72,171401,540.0,440.0,499,453,-5,0,success
2,79,73,171417,535.0,440.0,499,453,-5,0,success
2,79,74,171433,530.0,440.0,499,453,-5,0,success
2,79,75,171449,525.0,440.0,499,453,-5,0,success
2,79,76,171465,520.0,440.0,499,453,-5,0,success
2,79,77,171482,515.0,440.0,499,453,-5,0,success
2,79,78,171497,510.0,440.0,499,453,-5,0,success
2,79,79,171513,505.0,440.0,499,453,-5,0,success
2,79,80,171529,500.0,440.0,499,453,0,0,success
2,79,81,171545,500.0,440.0,499,453,0,0,success
2,79,82,171561,500.0,440.0,499,453,0,0,success
2,79,83,171577,500.0,440.0,499,453,0,0,success
2,79,84,171593,500.0,440.0,499,453,0,0,success
2,79,85,171609,500.0,440.0,499,453,0,0,success
2,79,86,171625,500.0,440.0,499,453,0,0,success
2,79,87,171641,500.0,440.0,499,453,0,0,success
2,79,88,171657,500.0,440.0,499,453,0,0,success
2,79,89,171674,500.0,440.0,499,453,0,0,success
2,79,90,171690,500.0,440.0,499,453,0,0,success
2,79,91,171706,500.0,440.0,499,453,0,0,success
2,79,92,171722,500.0,440.0,499,453,0,0,success
2,79,93,171738,500.0,440.0,499,453,0,0,success
2,79,94,171754,500.0,440.0,499,453,5,0,success
2,79,95,171770,505.0,440.0,499,453,5,0,success
2,79,96,171786,510.0,440.0,499,453,5,0,success
2,79,97,171802,515.0,440.0,499,453,5,0,success
2,79,98,171818,520.0,440.0,499,453,5,0,success
2,79,99,171834,525.0,440.0,499,453,5,5,success
2,79,100,171850,530.0,445.0,499,453,0,5,success
2,79,101,171867,530.0,450.0,499,453,0,5,success
2,79,102,171883,530.0,455.0,499,453,0,5,success
2,79,103,171899,530.0,460.0,499,453,0,5,success
2,79,104,171916,530.0,465.0,499,453,0,5,success
2,79,105,171931,530.0,470.0,499,453,0,5,success
2,79,106,171947,530.0,475.0,499,453,0,0,success
2,79,107,171963,530.0,475.0,499,453,0,0,success
2,79,108,171979,530.0,475.0,499,453,0,0,success
2,79,109,171995,530.0,475.0,499,453,0,0,success
2,79,110,172010,530.0,475.0,499,453,0,0,success
2,79,111,172027,530.0,475.0,499,453,0,0,success
2,79,112,172043,530.0,475.0,499,453,0,0,success
2,79,113,172059,530.0,475.0,499,453,0,0,success
2,79,114,172075,530.0,475.0,499,453,0,0,success
2,79,115,172092,530.0,475.0,499,453,0,0,success
2,79,116,172107,530.0,475.0,499,453,0,0,success
2,79,117,172123,530.0,475.0,499,453,0,0,success
2,79,118,172139,530.0,475.0,499,453,0,0,success
2,79,119,172155,530.0,475.0,499,453,0,0,success
2,79,120,172172,530.0,475.0,499,453,0,0,success
2,79,121,172189,530.0,475.0,499,453,0,0,success
2,79,122,172204,530.0,475.0,499,453,0,0,success
2,79,123,172220,530.0,475.0,499,453,0,0,success
2,79,124,172236,530.0,475.0,499,453,-5,0,success
2,79,125,172252,525.0,475.0,499,453,-5,0,success
2,79,126,172269,520.0,475.0,499,453,-5,0,success
2,79,127,172285,515.0,475.0,499,453,-5,0,success
2,79,128,172301,510.0,475.0,499,453,0,0,success
2,79,129,172317,510.0,475.0,499,453,0,0,success
2,79,130,172334,510.0,475.0,499,453,0,0,success
2,79,131,172350,510.0,475.0,499,453,0,0,success
2,79,132,172366,510.0,475.0,499,453,0,0,success
2,79,133,172382,510.0,475.0,499,453,0,0,success
2,79,134,172399,510.0,475.0,499,453,0,0,success
2,79,135,172415,510.0,475.0,499,453,0,0,success
2,79,136,172431,510.0,475.0,499,453,0,0,success
2,79,137,172447,510.0,475.0,499,453,0,0,success
2,79,138,172463,510.0,475.0,499,453,0,0,success
2,79,139,172480,510.0,475.0,499,453,0,0,success
2,79,140,172495,510.0,475.0,499,453,0,-5,success
2,80,0,173524,375.0,275.0,523,73,0,0,success
2,80,1,173540,375.0,275.0,523,73,0,0,success
2,80,2,173556,375.0,275.0,523,73,0,0,success
2,80,3,173572,375.0,275.0,523,73,0,0,success
2,80,4,173588,375.0,275.0,523,73,0,0,success
2,80,5,173604,375.0,275.0,523,73,0,0,success
2,80,6,173621,375.0,275.0,523,73,0,0,success
2,80,7,173636,375.0,275.0,523,73,0,0,success
2,80,8,173652,375.0,275.0,523,73,0,0,success
2,80,9,173668,375.0,275.0,523,73,0,0,success
2,80,10,173684,375.0,275.0,523,73,0,0,success
2,80,11,173700,375.0,275.0,523,73,0,0,success
2,80,12,173716,375.0,275.0,523,73,0,0,success
2,80,13,173732,375.0,275.0,523,73,0,0,success
2,80,14,173748,375.0,275.0,523,73,0,0,success
2,80,15,173764,375.0,275.0,523,73,0,0,success
2,80,16,173780,375.0,275.0,523,73,0,0,success
2,80,17,173796,375.0,275.0,523,73,0,0,success
2,80,18,173812,375.0,275.0,523,73,0,0,success
2,80,19,173828,375.0,275.0,523,73,5,0,success
2,80,20,173844,380.0,275.0,523,73,5,0,success
2,80,21,173860,385.0,275.0,523,73,5,0,success
2,80,22,173877,390.0,275.0,523,73,5,0,success
2,80,23,173892,395.0,275.0,523,73,5,0,success
2,80,24,173909,400.0,275.0,523,73,5,0,success
2,80,25,173924,405.0,275.0,523,73,5,0,success
2,80,26,173940,410.0,275.0,523,73,5,0,success
2,80,27,173956,415.0,275.0,523,73,5,0,success
2,80,28,173973,420.0,275.0,523,73,5,0,success
2,80,29,173988,425.0,275.0,523,73,5,0,success
2,80,30,174003,430.0,275.0,523,73,5,0,success
2,80,31,174019,435.0,275.0,523,73,5,0,success
2,80,32,174035,440.0,275.0,523,73,5,0,success
2,80,33,174051,445.0,275.0,523,73,5,0,success
2,80,34,174067,450.0,275.0,523,73,5,0,success
2,80,35,174083,455.0,275.0,523,73,5,0,success
2,80,36,174099,460.0,275.0,523,73,5,0,success
2,80,37,174116,465.0,275.0,523,73,5,0,success
2,80,38,174131,470.0,275.0,523,73,5,-5,success
2,80,39,174147,475.0,270.0,523,73,5,-5,success
2,80,40,174163,480.0,265.0,523,73,5,-5,success
2,80,41,174179,485.0,260.0,523,73,5,-5,success
2,80,42,174195,490.0,255.0,523,73,5,-5,success
2,80,43,174211,495.0,250.0,523,73,5,-5,success
2,80,44,174227,500.0,245.0,523,73,5,-5,success
2,80,45,174243,505.0,240.0,523,73,5,-5,success
2,80,46,174259,510.0,235.0,523,73,5,-5,success
2,80,47,174275,515.0,230.0,523,73,5,-5,success
2,80,48,174291,520.0,225.0,523,73,0,-5,success
2,80,49,174307,520.0,220.0,523,73,0,-5,success
2,80,50,174323,520.0,215.0,523,73,0,-5,success
2,80,51,174340,520.0,210.0,523,73,0,-5,success
2,80,52,174356,520.0,205.0,523,73,0,-5,success
2,80,53,174372,520.0,200.0,523,73,0,-5,success
2,80,54,174389,520.0,195.0,523,73,0,-5,success
2,80,55,174405,520.0,190.0,523,73,0,-5,success
2,80,56,174421,520.0,185.0,523,73,0,-5,success
2,80,57,174437,520.0,180.0,523,73,0,-5,success
2,80,58,174453,520.0,175.0,523,73,0,-5,success
2,80,59,174469,520.0,170.0,523,73,0,-5,success
2,80,60,174485,520.0,165.0,523,73,0,-5,success
2,80,61,174501,520.0,160.0,523,73,0,-5,success
2,80,62,174517,520.0,155.0,523,73,0,-5,success
2,80,63,174533,520.0,150.0,523,73,0,-5,success
2,80,64,174549,520.0,145.0,523,73,0,-5,success
2,80,65,174565,520.0,140.0,523,73,0,-5,success
2,80,66,174581,520.0,135.0,523,73,0,-5,success
2,80,67,174597,520.0,130.0,523,73,0,-5,success
2,80,68,174613,520.0,125.0,523,73,0,-5,success
2,80,69,174629,520.0,120.0,523,73,0,-5,success
2,80,70,174645,520.0,115.0,523,73,0,0,success
2,80,71,174661,520.0,115.0,523,73,0,0,success
2,80,72,174678,520.0,115.0,523,73,0,0,success
2,80,73,174694,520.0,115.0,523,73,0,0,success
2,80,74,174710,520.0,115.0,523,73,0,0,success
2,80,75,174727,520.0,115.0,523,73,0,0,success
2,80,76,174742,520.0,115.0,523,73,0,0,success
2,80,77,174758,520.0,115.0,523,73,0,0,success
2,80,78,174774,520.0,115.0,523,73,0,0,success
2,80,79,174790,520.0,115.0,523,73,0,0,success
2,80,80,174806,520.0,115.0,523,73,0,0,success
2,80,81,174822,520.0,115.0,523,73,0,0,success
2,80,82,174838,520.0,115.0,523,73,0,0,success
2,80,83,174854,520.0,115.0,523,73,0,0,success
2,80,84,174870,520.0,115.0,523,73,0,0,success
2,80,85,174886,520.0,115.0,523,73,0,0,success
2,80,86,174903,520.0,115.0,523,73,0,0,success
2,80,87,174918,520.0,115.0,523,73,0,-5,success
2,80,88,174934,520.0,110.0,523,73,0,-5,success
2,80,89,174951,520.0,105.0,523,73,0,-5,success
2,80,90,174966,520.0,100.0,523,73,0,-5,success
2,80,91,174983,520.0,95.0,523,73,0,-5,success
2,80,92,174999,520.0,90.0,523,73,0,-5,success
2,80,93,175015,520.0,85.0,523,73,0,-5,success
2,80,94,175032,520.0,80.0,523,73,0,-5,success
2,80,95,175048,520.0,75.0,523,73,0,-5,success
2,80,96,175064,520.0,70.0,523,73,0,-5,success
2,80,97,175080,520.0,65.0,523,73,0,-5,success
2,80,98,175096,520.0,60.0,523,73,0,0,success
2,80,99,175112,520.0,60.0,523,73,0,0,success
2,80,100,175128,520.0,60.0,523,73,0,0,success
2,80,101,175144,520.0,60.0,523,73,0,0,success
2,80,102,175161,520.0,60.0,523,73,0,0,success
2,80,103,175177,520.0,60.0,523,73,0,0,success
2,80,104,175192,520.0,60.0,523,73,0,0,success
2,80,105,175208,520.0,60.0,523,73,0,0,success
2,80,106,175224,520.0,60.0,523,73,0,0,success
2,80,107,175240,520.0,60.0,523,73,0,0,success
2,80,108,175257,520.0,60.0,523,73,0,0,success
2,80,109,175273,520.0,60.0,523,73,0,0,success
2,80,110,175289,520.0,60.0,523,73,0,0,success
2,80,111,175305,520.0,60.0,523,73,0,0,success
2,80,112,175321,520.0,60.0,523,73,0,0,success
2,80,113,175338,520.0,60.0,523,73,0,0,success
2,80,114,175353,520.0,60.0,523,73,0,0,success
2,80,115,175369,520.0,60.0,523,73,0,0,success
2,80,116,175386,520.0,60.0,523,73,0,0,success
2,80,117,175402,520.0,60.0,523,73,0,0,success
2,80,118,175418,520.0,60.0,523,73,0,0,success
2,80,119,175434,520.0,60.0,523,73,0,0,success
2,80,120,175450,520.0,60.0,523,73,0,0,success
2,80,121,175466,520.0,60.0,523,73,0,0,success
2,80,122,175482,520.0,60.0,523,73,0,0,success
2,80,123,175498,520.0,60.0,523,73,0,0,success
2,80,124,175515,520.0,60.0,523,73,0,0,success
2,80,125,175531,520.0,60.0,523,73,5,0,success
2,80,126,175546,525.0,60.0,523,73,5,0,success
2,80,127,175562,530.0,60.0,523,73,5,0,success
2,80,128,175579,535.0,60.0,523,73,5,0,success
2,80,129,175594,540.0,60.0,523,73,0,0,success
2,80,130,175611,540.0,60.0,523,73,0,0,success
2,80,131,175627,540.0,60.0,523,73,0,0,success
2,80,132,175643,540.0,60.0,523,73,0,5,success
2,80,133,175660,540.0,65.0,523,73,0,5,success
2,80,134,175675,540.0,70.0,523,73,0,5,success
2,81,0,176702,375.0,275.0,506,152,0,0,success
2,81,1,176718,375.0,275.0,506,152,0,0,success
2,81,2,176734,375.0,275.0,506,152,0,0,success
2,81,3,176750,375.0,275.0,506,152,0,0,success
2,81,4,176766,375.0,275.0,506,152,0,0,success
2,81,5,176783,375.0,275.0,506,152,0,0,success
2,81,6,176799,375.0,275.0,506,152,0,0,success
2,81,7,176815,375.0,275.0,506,152,0,0,success
2,81,8,176831,375.0,275.0,506,152,0,0,success
2,81,9,176847,375.0,275.0,506,152,0,0,success
2,81,10,176864,375.0,275.0,506,152,0,0,success
2,81,11,176879,375.0,275.0,506,152,0,0,success
2,81,12,176895,375.0,275.0,506,152,0,0,success
2,81,13,176912,375.0,275.0,506,152,0,0,success
2,81,14,176928,375.0,275.0,506,152,0,0,success
2,81,15,176944,375.0,275.0,506,152,0,0,success
2,81,16,176960,375.0,275.0,506,152,0,0,success
2,81,17,176976,375.0,275.0,506,152,0,0,success
2,81,18,176992,375.0,275.0,506,152,0,0,success
2,81,19,177007,375.0,275.0,506,152,0,0,success
2,81,20,177023,375.0,275.0,506,152,0,0,success
2,81,21,177039,375.0,275.0,506,152,0,0,success
2,81,22,177055,375.0,275.0,506,152,0,0,success
2,81,23,177071,375.0,275.0,506,152,0,0,success
2,81,24,177087,375.0,275.0,506,152,0,0,success
2,81,25,177103,375.0,275.0,506,152,0,0,success
2,81,26,177119,375.0,275.0,506,152,0,0,success
2,81,27,177136,375.0,275.0,506,152,5,0,success
2,81,28,177153,380.0,275.0,506,152,5,0,success
2,81,29,177168,385.0,275.0,506,152,5,0,success
2,81,30,177184,390.0,275.0,506,152,5,0,success
2,81,31,177200,395.0,275.0,506,152,5,0,success
2,81,32,177217,400.0,275.0,506,152,5,0,success
2,81,33,177233,405.0,275.0,506,152,5,0,success
2,81,34,177250,410.0,275.0,506,152,5,0,success
2,81,35,177265,415.0,275.0,506,152,5,0,success
2,81,36,177281,420.0,275.0,506,152,5,0,success
2,81,37,177297,425.0,275.0,506,152,5,0,success
2,81,38,177314,430.0,275.0,506,152,5,0,success
2,81,39,177330,435.0,275.0,506,152,5,0,success
2,81,40,177346,440.0,275.0,506,152,5,0,success
2,81,41,177363,445.0,275.0,506,152,5,0,success
2,81,42,177378,450.0,275.0,506,152,5,-5,success
2,81,43,177395,455.0,270.0,506,152,5,-5,success
2,81,44,177411,460.0,265.0,506,152,5,-5,success
2,81,45,177427,465.0,260.0,506,152,5,-5,success
2,81,46,177444,470.0,255.0,506,152,5,-5,success
2,81,47,177460,475.0,250.0,506,152,5,-5,success
2,81,48,177476,480.0,245.0,506,152,5,-5,success
2,81,49,177492,485.0,240.0,506,152,5,-5,success
2,81,50,177509,490.0,235.0,506,152,5,-5,success
2,81,51,177525,495.0,230.0,506,152,5,-5,success
2,81,52,177541,500.0,225.0,506,152,5,-5,success
2,81,53,177557,505.0,220.0,506,152,5,-5,success
2,81,54,177573,510.0,215.0,506,152,5,-5,success
2,81,55,177590,515.0,210.0,506,152,0,-5,success
2,81,56,177605,515.0,205.0,506,152,0,-5,success
2,81,57,177621,515.0,200.0,506,152,0,-5,success
2,81,58,177637,515.0,195.0,506,152,0,-5,success
2,81,59,177653,515.0,190.0,506,152,0,-5,success
2,81,60,177669,515.0,185.0,506,152,0,-5,success
2,81,61,177685,515.0,180.0,506,152,0,-5,success
2,81,62,177701,515.0,175.0,506,152,0,-5,success
2,82,0,178728,375.0,275.0,723,227,0,0,success
2,82,1,178744,375.0,275.0,723,227,0,0,success
2,82,2,178918,375.0,275.0,723,227,0,0,success
2,82,3,178934,375.0,275.0,723,227,0,0,success
2,82,4,178950,375.0,275.0,723,227,0,0,success
2,82,5,178967,375.0,275.0,723,227,0,0,success
2,82,6,178982,375.0,275.0,723,227,0,0,success
2,82,7,178998,375.0,275.0,723,227,0,0,success
2,82,8,179014,375.0,275.0,723,227,0,0,success
2,82,9,179030,375.0,275.0,723,227,0,0,success
2,82,10,179046,375.0,275.0,723,227,0,0,success
2,82,11,179062,375.0,275.0,723,227,0,0,success
2,82,12,179078,375.0,275.0,723,227,0,0,success
2,82,13,179094,375.0,275.0,723,227,0,0,success
2,82,14,179110,375.0,275.0,723,227,0,0,success
2,82,15,179126,375.0,275.0,723,227,0,0,success
2,82,16,179143,375.0,275.0,723,227,0,0,success
2,82,17,179159,375.0,275.0,723,227,0,0,success
2,82,18,179174,375.0,275.0,723,227,0,0,success
2,82,19,179190,375.0,275.0,723,227,0,0,success
2,82,20,179207,375.0,275.0,723,227,0,0,success
2,82,21,179222,375.0,275.0,723,227,0,0,success
2,82,22,179238,375.0,275.0,723,227,0,0,success
2,82,23,179255,375.0,275.0,723,227,0,0,success
2,82,24,179271,375.0,275.0,723,227,0,0,success
2,82,25,179287,375.0,275.0,723,227,0,0,success
2,82,26,179303,375.0,275.0,723,227,0,0,success
2,82,27,179319,375.0,275.0,723,227,0,0,success
2,82,28,179336,375.0,275.0,723,227,0,0,success
2,82,29,179352,375.0,275.0,723,227,0,0,success
2,82,30,179368,375.0,275.0,723,227,5,0,success
2,82,31,179384,380.0,275.0,723,227,5,0,success
2,82,32,179401,385.0,275.0,723,227,5,0,success
2,82,33,179417,390.0,275.0,723,227,5,0,success
2,82,34,179433,395.0,275.0,723,227,5,0,success
2,82,35,179449,400.0,275.0,723,227,5,0,success
2,82,36,179465,405.0,275.0,723,227,5,0,success
2,82,37,179481,410.0,275.0,723,227,5,0,success
2,82,38,179497,415.0,275.0,723,227,5,0,success
2,82,39,179513,420.0,275.0,723,227,5,0,success
2,82,40,179529,425.0,275.0,723,227,5,0,success
2,82,41,179545,430.0,275.0,723,227,5,0,success
2,82,42,179561,435.0,275.0,723,227,5,0,success
2,82,43,179577,440.0,275.0,723,227,5,0,success
2,82,44,179593,445.0,275.0,723,227,5,0,success
2,82,45,179609,450.0,275.0,723,227,5,0,success
2,82,46,179625,455.0,275.0,723,227,5,0,success
2,82,47,179641,460.0,275.0,723,227,5,0,success
2,82,48,179658,465.0,275.0,723,227,5,0,success
2,82,49,179674,470.0,275.0,723,227,5,0,success
2,82,50,179690,475.0,275.0,723,227,5,-5,success
2,82,51,179706,480.0,270.0,723,227,5,-5,success
2,82,52,179722,485.0,265.0,723,227,5,-5,success
2,82,53,179739,490.0,260.0,723,227,5,-5,success
2,82,54,179755,495.0,255.0,723,227,5,-5,success
2,82,55,179772,500.0,250.0,723,227,5,-5,success
2,82,56,179789,505.0,245.0,723,227,5,-5,success
2,82,57,179805,510.0,240.0,723,227,5,-5,success
2,82,58,179822,515.0,235.0,723,227,5,0,success
2,82,59,179837,520.0,235.0,723,227,5,0,success
2,82,60,179853,525.0,235.0,723,227,5,0,success
2,82,61,179869,530.0,235.0,723,227,5,0,success
2,82,62,179886,535.0,235.0,723,227,5,0,success
2,82,63,179902,540.0,235.0,723,227,5,0,success
2,82,64,179918,545.0,235.0,723,227,5,0,success
2,82,65,179934,550.0,235.0,723,227,5,0,success
2,82,66,179950,555.0,235.0,723,227,5,0,success
2,82,67,179966,560.0,235.0,723,227,5,0,success
2,82,68,179983,565.0,235.0,723,227,5,0,success
2,82,69,179998,570.0,235.0,723,227,5,0,success
2,82,70,180014,575.0,235.0,723,227,5,0,success
2,82,71,180031,580.0,235.0,723,227,5,0,success
2,82,72,180046,585.0,235.0,723,227,5,0,success
2,82,73,180062,590.0,235.0,723,227,5,0,success
2,82,74,180079,595.0,235.0,723,227,5,0,success
2,82,75,180094,600.0,235.0,723,227,5,0,success
2,82,76,180110,605.0,235.0,723,227,5,0,success
2,82,77,180126,610.0,235.0,723,227,5,0,success
2,82,78,180142,615.0,235.0,723,227,5,0,success
2,82,79,180158,620.0,235.0,723,227,5,0,success
2,82,80,180174,625.0,235.0,723,227,5,0,success
2,82,81,180191,630.0,235.0,723,227,5,0,success
2,82,82,180206,635.0,235.0,723,227,5,0,success
2,82,83,180222,640.0,235.0,723,227,5,0,success
2,82,84,180238,645.0,235.0,723,227,5,0,success
2,82,85,180254,650.0,235.0,723,227,5,0,success
2,82,86,180270,655.0,235.0,723,227,5,0,success
2,82,87,180286,660.0,235.0,723,227,5,0,success
2,82,88,180302,665.0,235.0,723,227,5,0,success
2,82,89,180318,670.0,235.0,723,227,5,0,success
2,82,90,180334,675.0,235.0,723,227,5,0,success
2,82,91,180351,680.0,235.0,723,227,5,0,success
2,82,92,180367,685.0,235.0,723,227,5,0,success
2,82,93,180383,690.0,235.0,723,227,5,0,success
2,82,94,180401,695.0,235.0,723,227,5,0,success
2,82,95,180416,700.0,235.0,723,227,5,0,success
2,82,96,180432,705.0,235.0,723,227,5,0,success
2,82,97,180449,710.0,235.0,723,227,5,0,success
2,82,98,180465,715.0,235.0,723,227,5,0,success
2,82,99,180482,720.0,235.0,723,227,5,0,success
2,83,0,181511,375.0,275.0,623,332,0,0,success
2,83,1,181527,375.0,275.0,623,332,0,0,success
2,83,2,181543,375.0,275.0,623,332,0,0,success
2,83,3,181559,375.0,275.0,623,332,0,0,success
2,83,4,181576,375.0,275.0,623,332,0,0,success
2,83,5,181592,375.0,275.0,623,332,0,0,success
2,83,6,181608,375.0,275.0,623,332,0,0,success
2,83,7,181624,375.0,275.0,623,332,0,0,success
2,83,8,181640,375.0,275.0,623,332,0,0,success
2,83,9,181656,375.0,275.0,623,332,0,0,success
2,83,10,181672,375.0,275.0,623,332,0,0,success
2,83,11,181688,375.0,275.0,623,332,0,0,success
2,83,12,181704,375.0,275.0,623,332,0,0,success
2,83,13,181720,375.0,275.0,623,332,0,0,success
2,83,14,181737,375.0,275.0,623,332,0,0,success
2,83,15,181752,375.0,275.0,623,332,0,0,success
2,83,16,181768,375.0,275.0,623,332,0,0,success
2,83,17,181784,375.0,275.0,623,332,0,0,success
2,83,18,181800,375.0,275.0,623,332,0,0,success
2,83,19,181816,375.0,275.0,623,332,0,0,success
2,83,20,181833,375.0,275.0,623,332,0,0,success
2,83,21,181848,375.0,275.0,623,332,0,0,success
2,83,22,181865,375.0,275.0,623,332,0,0,success
2,83,23,181880,375.0,275.0,623,332,0,0,success
2,83,24,181896,375.0,275.0,623,332,0,0,success
2,83,25,181912,375.0,275.0,623,332,0,0,success
2,83,26,181929,375.0,275.0,623,332,0,0,success
2,83,27,181945,375.0,275.0,623,332,5,0,success
2,83,28,181961,380.0,275.0,623,332,5,0,success
2,83,29,181977,385.0,275.0,623,332,5,0,success
2,83,30,181994,390.0,275.0,623,332,5,0,success
2,83,31,182009,395.0,275.0,623,332,5,0,success
2,83,32,182025,400.0,275.0,623,332,5,0,success
2,83,33,182041,405.0,275.0,623,332,5,0,success
2,83,34,182057,410.0,275.0,623,332,5,0,success
2,83,35,182073,415.0,275.0,623,332,5,0,success
2,83,36,182089,420.0,275.0,623,332,5,0,success
2,83,37,182105,425.0,275.0,623,332,5,0,success
2,83,38,182121,430.0,275.0,623,332,5,0,success
2,83,39,182137,435.0,275.0,623,332,5,0,success
2,83,40,182153,440.0,275.0,623,332,5,0,success
2,83,41,182169,445.0,275.0,623,332,5,5,success
2,83,42,182185,450.0,280.0,623,332,5,5,success
2,83,43,182201,455.0,285.0,623,332,5,5,success
2,83,44,182218,460.0,290.0,623,332,5,5,success
2,83,45,182233,465.0,295.0,623,332,5,5,success
2,83,46,182249,470.0,300.0,623,332,5,5,success
2,83,47,182265,475.0,305.0,623,332,5,5,success
2,83,48,182282,480.0,310.0,623,332,5,5,success
2,83,49,182298,485.0,315.0,623,332,5,5,success
2,83,50,182314,490.0,320.0,623,332,5,5,success
2,83,51,182331,495.0,325.0,623,332,5,5,success
2,83,52,182346,500.0,330.0,623,332,5,5,success
2,83,53,182362,505.0,335.0,623,332,5,0,success
2,83,54,182378,510.0,335.0,623,332,5,0,success
2,83,55,182395,515.0,335.0,623,332,5,0,success
2,83,56,182411,520.0,335.0,623,332,5,0,success
2,83,57,182428,525.0,335.0,623,332,5,0,success
2,83,58,182444,530.0,335.0,623,332,5,0,success
2,83,59,182460,535.0,335.0,623,332,5,0,success
2,83,60,182476,540.0,335.0,623,332,5,0,success
2,83,61,182493,545.0,335.0,623,332,5,0,success
2,83,62,182509,550.0,335.0,623,332,5,0,success
2,83,63,182525,555.0,335.0,623,332,5,0,success
2,83,64,182541,560.0,335.0,623,332,5,0,success
2,83,65,182557,565.0,335.0,623,332,5,0,success
2,83,66,182574,570.0,335.0,623,332,5,0,success
2,83,67,182590,575.0,335.0,623,332,5,0,success
2,83,68,182607,580.0,335.0,623,332,5,0,success
2,83,69,182624,585.0,335.0,623,332,5,0,success
2,83,70,182639,590.0,335.0,623,332,5,0,success
2,83,71,182656,595.0,335.0,623,332,5,0,success
2,83,72,182672,600.0,335.0,623,332,5,0,success
2,83,73,182688,605.0,335.0,623,332,5,0,success
2,83,74,182704,610.0,335.0,623,332,5,0,success
2,83,75,182720,615.0,335.0,623,332,5,0,success
2,83,76,182737,620.0,335.0,623,332,5,0,success
2,84,0,183766,375.0,275.0,13,337,0,0,success
2,84,1,183782,375.0,275.0,13,337,0,0,success
2,84,2,183798,375.0,275.0,13,337,0,0,success
2,84,3,183814,375.0,275.0,13,337,0,0,success
2,84,4,183831,375.0,275.0,13,337,0,0,success
2,84,5,183847,375.0,275.0,13,337,0,0,success
2,84,6,183863,375.0,275.0,13,337,0,0,success
2,84,7,183879,375.0,275.0,13,337,0,0,success
2,84,8,183895,375.0,275.0,13,337,0,0,success
2,84,9,183911,375.0,275.0,13,337,0,0,success
2,84,10,183928,375.0,275.0,13,337,0,0,success
2,84,11,183943,375.0,275.0,13,337,0,0,success
2,84,12,183959,375.0,275.0,13,337,0,0,success
2,84,13,183975,375.0,275.0,13,337,0,0,success
2,84,14,183991,375.0,275.0,13,337,0,0,success
2,84,15,184007,375.0,275.0,13,337,0,0,success
2,84,16,184023,375.0,275.0,13,337,0,0,success
2,84,17,184040,375.0,275.0,13,337,0,0,success
2,84,18,184055,375.0,275.0,13,337,0,0,success
2,84,19,184071,375.0,275.0,13,337,0,0,success
2,84,20,184087,375.0,275.0,13,337,0,0,success
2,84,21,184103,375.0,275.0,13,337,0,0,success
2,84,22,184120,375.0,275.0,13,337,0,0,success
2,84,23,184136,375.0,275.0,13,337,0,0,success
2,84,24,184152,375.0,275.0,13,337,0,0,success
2,84,25,184168,375.0,275.0,13,337,0,0,success
2,84,26,184184,375.0,275.0,13,337,0,0,success
2,84,27,184201,375.0,275.0,13,337,0,0,success
2,84,28,184216,375.0,275.0,13,337,0,0,success
2,84,29,184232,375.0,275.0,13,337,0,0,success
2,84,30,184248,375.0,275.0,13,337,0,0,success
2,84,31,184264,375.0,275.0,13,337,0,0,success
2,84,32,184280,375.0,275.0,13,337,0,0,success
2,84,33,184296,375.0,275.0,13,337,0,0,success
2,84,34,184312,375.0,275.0,13,337,0,0,success
2,84,35,184328,375.0,275.0,13,337,-5,0,success
2,84,36,184344,370.0,275.0,13,337,-5,0,success
2,84,37,184360,365.0,275.0,13,337,-5,0,success
2,84,38,184376,360.0,275.0,13,337,-5,0,success
2,84,39,184393,355.0,275.0,13,337,-5,0,success
2,84,40,184409,350.0,275.0,13,337,-5,0,success
2,84,41,184425,345.0,275.0,13,337,-5,0,success
2,84,42,184441,340.0,275.0,13,337,-5,0,success
2,84,43,184457,335.0,275.0,13,337,-5,0,success
2,84,44,184473,330.0,275.0,13,337,-5,0,success
2,84,45,184489,325.0,275.0,13,337,-5,0,success
2,84,46,184505,320.0,275.0,13,337,-5,0,success
2,84,47,184522,315.0,275.0,13,337,-5,0,success
2,84,48,184538,310.0,275.0,13,337,-5,0,success
2,84,49,184555,305.0,275.0,13,337,-5,0,success
2,84,50,184572,300.0,275.0,13,337,-5,0,success
2,84,51,184587,295.0,275.0,13,337,-5,0,success
2,84,52,184603,290.0,275.0,13,337,-5,0,success
2,84,53,184619,285.0,275.0,13,337,-5,0,success
2,84,54,184635,280.0,275.0,13,337,-5,0,success
2,84,55,184651,275.0,275.0,13,337,-5,5,success
2,84,56,184667,270.0,280.0,13,337,0,5,success
2,84,57,184684,270.0,285.0,13,337,0,5,success
2,84,58,184699,270.0,290.0,13,337,0,5,success
2,84,59,184715,270.0,295.0,13,337,0,5,success
2,84,60,184731,270.0,300.0,13,337,0,5,success
2,84,61,184747,270.0,305.0,13,337,0,5,success
2,84,62,184763,270.0,310.0,13,337,0,5,success
2,84,63,184779,270.0,315.0,13,337,0,5,success
2,84,64,184795,270.0,320.0,13,337,0,5,success
2,84,65,184811,270.0,325.0,13,337,0,5,success
2,84,66,184827,270.0,330.0,13,337,0,5,success
2,84,67,184843,270.0,335.0,13,337,0,5,success
2,84,68,184859,270.0,340.0,13,337,-5,5,success
2,84,69,184876,265.0,345.0,13,337,-5,0,success
2,84,70,184892,260.0,345.0,13,337,-5,0,success
2,84,71,184908,255.0,345.0,13,337,-5,0,success
2,84,72,184924,250.0,345.0,13,337,-5,0,success
2,84,73,184940,245.0,345.0,13,337,-5,0,success
2,84,74,184956,240.0,345.0,13,337,-5,0,success
2,84,75,184973,235.0,345.0,13,337,-5,0,success
2,84,76,184988,230.0,345.0,13,337,-5,0,success
2,84,77,185003,225.0,345.0,13,337,-5,0,success
2,84,78,185019,220.0,345.0,13,337,-5,0,success
2,84,79,185035,215.0,345.0,13,337,-5,0,success
2,84,80,185051,210.0,345.0,13,337,-5,0,success
2,84,81,185068,205.0,345.0,13,337,-5,0,success
2,84,82,185083,200.0,345.0,13,337,-5,0,success
2,84,83,185099,195.0,345.0,13,337,-5,0,success
2,84,84,185115,190.0,345.0,13,337,-5,0,success
2,84,85,185131,185.0,345.0,13,337,-5,0,success
2,84,86,185147,180.0,345.0,13,337,-5,0,success
2,84,87,185164,175.0,345.0,13,337,-5,0,success
2,84,88,185179,170.0,345.0,13,337,-5,0,success
2,84,89,185195,165.0,345.0,13,337,-5,0,success
2,84,90,185211,160.0,345.0,13,337,-5,0,success
2,84,91,185228,155.0,345.0,13,337,-5,0,success
2,84,92,185244,150.0,345.0,13,337,-5,0,success
2,84,93,185261,145.0,345.0,13,337,-5,0,success
2,84,94,185278,140.0,345.0,13,337,-5,0,success
2,84,95,185293,135.0,345.0,13,337,-5,0,success
2,84,96,185309,130.0,345.0,13,337,-5,0,success
2,84,97,185325,125.0,345.0,13,337,-5,0,success
2,84,98,185341,120.0,345.0,13,337,-5,0,success
2,84,99,185358,115.0,345.0,13,337,-5,0,success
2,84,100,185373,110.0,345.0,13,337,-5,0,success
2,84,101,185389,105.0,345.0,13,337,-5,0,success
2,84,102,185405,100.0,345.0,13,337,-5,0,success
2,84,103,185421,95.0,345.0,13,337,-5,0,success
2,84,104,185437,90.0,345.0,13,337,-5,0,success
2,84,105,185453,85.0,345.0,13,337,-5,0,success
2,84,106,185470,80.0,345.0,13,337,-5,0,success
2,84,107,185486,75.0,345.0,13,337,-5,0,success
2,84,108,185503,70.0,345.0,13,337,-5,0,success
2,84,109,185519,65.0,345.0,13,337,-5,0,success
2,84,110,185535,60.0,345.0,13,337,-5,0,success
2,84,111,185551,55.0,345.0,13,337,-5,0,success
2,84,112,185567,50.0,345.0,13,337,-5,0,success
2,84,113,185583,45.0,345.0,13,337,-5,0,success
2,84,114,185599,40.0,345.0,13,337,-5,0,success
2,84,115,185615,35.0,345.0,13,337,-5,0,success
2,85,0,186644,375.0,275.0,598,94,0,0,success
2,85,1,186660,375.0,275.0,598,94,0,0,success
2,85,2,186676,375.0,275.0,598,94,0,0,success
2,85,3,186692,375.0,275.0,598,94,0,0,success
2,85,4,186708,375.0,275.0,598,94,0,0,success
2,85,5,186724,375.0,275.0,598,94,0,0,success
2,85,6,186740,375.0,275.0,598,94,0,0,success
2,85,7,186756,375.0,275.0,598,94,0,0,success
2,85,8,186772,375.0,275.0,598,94,0,0,success
2,85,9,186788,375.0,275.0,598,94,0,0,success
2,85,10,186804,375.0,275.0,598,94,0,0,success
2,85,11,186820,375.0,275.0,598,94,0,0,success
2,85,12,186836,375.0,275.0,598,94,0,0,success
2,85,13,186852,375.0,275.0,598,94,0,0,success
2,85,14,186869,375.0,275.0,598,94,0,0,success
2,85,15,186885,375.0,275.0,598,94,0,0,success
2,85,16,186901,375.0,275.0,598,94,0,0,success
2,85,17,186917,375.0,275.0,598,94,0,0,success
2,85,18,186933,375.0,275.0,598,94,0,0,success
2,85,19,186949,375.0,275.0,598,94,0,0,success
2,85,20,186965,375.0,275.0,598,94,0,0,success
2,85,21,186981,375.0,275.0,598,94,0,0,success
2,85,22,186997,375.0,275.0,598,94,0,0,success
2,85,23,187013,375.0,275.0,598,94,0,0,success
2,85,24,187029,375.0,275.0,598,94,0,0,success
2,85,25,187045,375.0,275.0,598,94,0,0,success
2,85,26,187061,375.0,275.0,598,94,0,0,success
2,85,27,187077,375.0,275.0,598,94,0,0,success
2,85,28,187094,375.0,275.0,598,94,0,0,success
2,85,29,187110,375.0,275.0,598,94,0,0,success
2,85,30,187126,375.0,275.0,598,94,0,0,success
2,85,31,187143,375.0,275.0,598,94,0,0,success
2,85,32,187159,375.0,275.0,598,94,5,0,success
2,85,33,187175,380.0,275.0,598,94,5,0,success
2,85,34,187192,385.0,275.0,598,94,5,0,success
2,85,35,187207,390.0,275.0,598,94,5,0,success
2,85,36,187224,395.0,275.0,598,94,5,0,success
2,85,37,187240,400.0,275.0,598,94,5,0,success
2,85,38,187256,405.0,275.0,598,94,5,0,success
2,85,39,187272,410.0,275.0,598,94,5,0,success
2,85,40,187288,415.0,275.0,598,94,5,0,success
2,85,41,187304,420.0,275.0,598,94,5,0,success
2,85,42,187320,425.0,275.0,598,94,5,0,success
2,85,43,187336,430.0,275.0,598,94,5,0,success
2,85,44,187352,435.0,275.0,598,94,5,0,success
2,85,45,187368,440.0,275.0,598,94,5,0,success
2,85,46,187384,445.0,275.0,598,94,5,0,success
2,85,47,187402,450.0,275.0,598,94,5,0,success
2,85,48,187417,455.0,275.0,598,94,5,0,success
2,85,49,187433,460.0,275.0,598,94,5,0,success
2,85,50,187449,465.0,275.0,598,94,5,0,success
2,85,51,187465,470.0,275.0,598,94,5,0,success
2,85,52,187481,475.0,275.0,598,94,5,0,success
2,85,53,187498,480.0,275.0,598,94,5,0,success
2,85,54,187513,485.0,275.0,598,94,5,0,success
2,85,55,187529,490.0,275.0,598,94,5,0,success
2,85,56,187545,495.0,275.0,598,94,5,-5,success
2,85,57,187561,500.0,270.0,598,94,5,-5,success
2,85,58,187577,505.0,265.0,598,94,5,-5,success
2,85,59,187593,510.0,260.0,598,94,5,-5,success
2,85,60,187609,515.0,255.0,598,94,5,-5,success
2,85,61,187625,520.0,250.0,598,94,5,-5,success
2,85,62,187641,525.0,245.0,598,94,5,-5,success
2,85,63,187657,530.0,240.0,598,94,5,-5,success
2,85,64,187674,535.0,235.0,598,94,5,-5,success
2,85,65,187690,540.0,230.0,598,94,5,-5,success
2,85,66,187706,545.0,225.0,598,94,5,-5,success
2,85,67,187722,550.0,220.0,598,94,5,-5,success
2,85,68,187738,555.0,215.0,598,94,5,-5,success
2,85,69,187754,560.0,210.0,598,94,5,-5,success
2,85,70,187770,565.0,205.0,598,94,5,-5,success
2,85,71,187786,570.0,200.0,598,94,5,-5,success
2,85,72,187802,575.0,195.0,598,94,5,-5,success
2,85,73,187819,580.0,190.0,598,94,5,-5,success
2,85,74,187834,585.0,185.0,598,94,5,-5,success
2,85,75,187850,590.0,180.0,598,94,5,-5,success
2,85,76,187866,595.0,175.0,598,94,5,-5,success
2,85,77,187883,600.0,170.0,598,94,5,-5,success
2,85,78,187900,605.0,165.0,598,94,5,-5,success
2,85,79,187915,610.0,160.0,598,94,0,-5,success
2,85,80,187931,610.0,155.0,598,94,0,-5,success
2,85,81,187947,610.0,150.0,598,94,0,-5,success
2,85,82,187963,610.0,145.0,598,94,0,-5,success
2,85,83,187979,610.0,140.0,598,94,0,-5,success
2,85,84,187995,610.0,135.0,598,94,0,-5,success
2,85,85,188011,610.0,130.0,598,94,0,-5,success
2,85,86,188026,610.0,125.0,598,94,0,-5,success
2,85,87,188042,610.0,120.0,598,94,0,-5,success
2,85,88,188058,610.0,115.0,598,94,0,-5,success
2,86,0,189084,375.0,275.0,662,481,0,0,success
2,86,1,189101,375.0,275.0,662,481,0,0,success
2,86,2,189116,375.0,275.0,662,481,0,0,success
2,86,3,189133,375.0,275.0,662,481,0,0,success
2,86,4,189149,375.0,275.0,662,481,0,0,success
2,86,5,189165,375.0,275.0,662,481,0,0,success
2,86,6,189181,375.0,275.0,662,481,0,0,success
2,86,7,189197,375.0,275.0,662,481,0,0,success
2,86,8,189213,375.0,275.0,662,481,0,0,success
2,86,9,189230,375.0,275.0,662,481,0,0,success
2,86,10,189246,375.0,275.0,662,481,0,0,success
2,86,11,189262,375.0,275.0,662,481,0,0,success
2,86,12,189278,375.0,275.0,662,481,0,0,success
2,86,13,189294,375.0,275.0,662,481,0,0,success
2,86,14,189310,375.0,275.0,662,481,0,0,success
2,86,15,189326,375.0,275.0,662,481,0,0,success
2,86,16,189342,375.0,275.0,662,481,0,0,success
2,86,17,189359,375.0,275.0,662,481,0,0,success
2,86,18,189375,375.0,275.0,662,481,0,0,success
2,86,19,189391,375.0,275.0,662,481,0,0,success
2,86,20,189407,375.0,275.0,662,481,0,0,success
2,86,21,189423,375.0,275.0,662,481,0,0,success
2,86,22,189440,375.0,275.0,662,481,0,0,success
2,86,23,189456,375.0,275.0,662,481,0,0,success
2,86,24,189472,375.0,275.0,662,481,0,0,success
2,86,25,189488,375.0,275.0,662,481,0,0,success
2,86,26,189504,375.0,275.0,662,481,0,0,success
2,86,27,189520,375.0,275.0,662,481,0,0,success
2,86,28,189537,375.0,275.0,662,481,0,0,success
2,86,29,189553,375.0,275.0,662,481,5,0,success
2,86,30,189569,380.0,275.0,662,481,5,0,success
2,86,31,189586,385.0,275.0,662,481,5,0,success
2,86,32,189601,390.0,275.0,662,481,5,0,success
2,86,33,189618,395.0,275.0,662,481,5,0,success
2,86,34,189634,400.0,275.0,662,481,5,0,success
2,86,35,189651,405.0,275.0,662,481,5,0,success
2,86,36,189666,410.0,275.0,662,481,5,0,success
2,86,37,189913,415.0,275.0,662,481,5,5,success
2,86,38,189929,420.0,280.0,662,481,5,5,success
2,86,39,189945,425.0,285.0,662,481,5,5,success
2,86,40,189961,430.0,290.0,662,481,5,5,success
2,86,41,189977,435.0,295.0,662,481,5,5,success
2,86,42,189994,440.0,300.0,662,481,5,5,success
2,86,43,190009,445.0,305.0,662,481,5,5,success
2,86,44,190026,450.0,310.0,662,481,5,5,success
2,86,45,190042,455.0,315.0,662,481,5,5,success
2,86,46,190059,460.0,320.0,662,481,5,5,success
2,86,47,190074,465.0,325.0,662,481,5,5,success
2,86,48,190091,470.0,330.0,662,481,5,5,success
2,86,49,190106,475.0,335.0,662,481,5,5,success
2,86,50,190123,480.0,340.0,662,481,5,5,success
2,86,51,190139,485.0,345.0,662,481,5,5,success
2,86,52,190155,490.0,350.0,662,481,5,5,success
2,86,53,190171,495.0,355.0,662,481,5,5,success
2,86,54,190187,500.0,360.0,662,481,5,5,success
2,86,55,190203,505.0,365.0,662,481,5,5,success
2,86,56,190219,510.0,370.0,662,481,5,5,success
2,86,57,190235,515.0,375.0,662,481,5,5,success
2,86,58,190251,520.0,380.0,662,481,5,5,success
2,86,59,190267,525.0,385.0,662,481,5,5,success
2,86,60,190283,530.0,390.0,662,481,5,5,success
2,86,61,190299,535.0,395.0,662,481,5,5,success
2,86,62,190316,540.0,400.0,662,481,5,5,success
2,86,63,190331,545.0,405.0,662,481,5,5,success
2,86,64,190348,550.0,410.0,662,481,5,5,success
2,86,65,190363,555.0,415.0,662,481,5,5,success
2,86,66,190379,560.0,420.0,662,481,5,5,success
2,86,67,190396,565.0,425.0,662,481,5,5,success
2,86,68,190412,570.0,430.0,662,481,5,5,success
2,86,69,190428,575.0,435.0,662,481,5,5,success
2,86,70,190444,580.0,440.0,662,481,5,5,success
2,86,71,190460,585.0,445.0,662,481,5,5,success
2,86,72,190476,590.0,450.0,662,481,5,5,success
2,86,73,190492,595.0,455.0,662,481,5,5,success
2,86,74,190508,600.0,460.0,662,481,5,5,success
2,86,75,190524,605.0,465.0,662,481,5,5,success
2,86,76,190540,610.0,470.0,662,481,5,5,success
2,86,77,190556,615.0,475.0,662,481,5,5,success
2,86,78,190572,620.0,480.0,662,481,5,5,success
2,86,79,190588,625.0,485.0,662,481,5,0,success
2,86,80,190605,630.0,485.0,662,481,5,0,success
2,86,81,190621,635.0,485.0,662,481,5,0,success
2,86,82,190638,640.0,485.0,662,481,5,0,success
2,86,83,190653,645.0,485.0,662,481,5,0,success
2,86,84,190670,650.0,485.0,662,481,5,0,success
2,86,85,190687,655.0,485.0,662,481,5,0,success
2,86,86,190703,660.0,485.0,662,481,5,0,success
2,87,0,191730,375.0,275.0,419,490,0,0,success
2,87,1,191746,375.0,275.0,419,490,0,0,success
2,87,2,191762,375.0,275.0,419,490,0,0,success
2,87,3,191779,375.0,275.0,419,490,0,0,success
2,87,4,191795,375.0,275.0,419,490,0,0,success
2,87,5,191811,375.0,275.0,419,490,0,0,success
2,87,6,191827,375.0,275.0,419,490,0,0,success
2,87,7,191843,375.0,275.0,419,490,0,0,success
2,87,8,191859,375.0,275.0,419,490,0,0,success
2,87,9,191875,375.0,275.0,419,490,0,0,success
2,87,10,191891,375.0,275.0,419,490,0,0,success
2,87,11,191907,375.0,275.0,419,490,0,0,success
2,87,12,191923,375.0,275.0,419,490,0,0,success
2,87,13,191940,375.0,275.0,419,490,0,0,success
2,87,14,191956,375.0,275.0,419,490,0,0,success
2,87,15,191972,375.0,275.0,419,490,0,0,success
2,87,16,191989,375.0,275.0,419,490,0,0,success
2,87,17,192004,375.0,275.0,419,490,0,0,success
2,87,18,192021,375.0,275.0,419,490,0,0,success
2,87,19,192036,375.0,275.0,419,490,0,0,success
2,87,20,192052,375.0,275.0,419,490,0,0,success
2,87,21,192068,375.0,275.0,419,490,0,0,success
2,87,22,192085,375.0,275.0,419,490,0,0,success
2,87,23,192100,375.0,275.0,419,490,0,0,success
2,87,24,192116,375.0,275.0,419,490,0,0,success
2,87,25,192132,375.0,275.0,419,490,0,0,success
2,87,26,192148,375.0,275.0,419,490,0,0,success
2,87,27,192164,375.0,275.0,419,490,0,0,success
2,87,28,192180,375.0,275.0,419,490,0,0,success
2,87,29,192196,375.0,275.0,419,490,0,0,success
2,87,30,192212,375.0,275.0,419,490,0,0,success
2,87,31,192228,375.0,275.0,419,490,0,0,success
2,87,32,192244,375.0,275.0,419,490,0,5,success
2,87,33,192260,375.0,280.0,419,490,0,5,success
2,87,34,192276,375.0,285.0,419,490,0,5,success
2,87,35,192292,375.0,290.0,419,490,0,5,success
2,87,36,192308,375.0,295.0,419,490,0,5,success
2,87,37,192324,375.0,300.0,419,490,0,5,success
2,87,38,192340,375.0,305.0,419,490,0,5,success
2,87,39,192356,375.0,310.0,419,490,0,5,success
2,87,40,192373,375.0,315.0,419,490,0,5,success
2,87,41,192388,375.0,320.0,419,490,0,5,success
2,87,42,192404,375.0,325.0,419,490,0,5,success
2,87,43,192420,375.0,330.0,419,490,0,5,success
2,87,44,192436,375.0,335.0,419,490,0,5,success
2,87,45,192452,375.0,340.0,419,490,0,5,success
2,87,46,192468,375.0,345.0,419,490,0,5,success
2,87,47,192484,375.0,350.0,419,490,0,0,success
2,87,48,192500,375.0,350.0,419,490,0,0,success
2,87,49,192516,375.0,350.0,419,490,0,0,success
2,87,50,192533,375.0,350.0,419,490,5,0,success
2,87,51,192548,380.0,350.0,419,490,5,0,success
2,87,52,192565,385.0,350.0,419,490,5,0,success
2,87,53,192580,390.0,350.0,419,490,5,0,success
2,87,54,192596,395.0,350.0,419,490,5,0,success
2,87,55,192612,400.0,350.0,419,490,5,0,success
2,87,56,192628,405.0,350.0,419,490,5,0,success
2,87,57,192644,410.0,350.0,419,490,5,0,success
2,87,58,192660,415.0,350.0,419,490,5,0,success
2,87,59,192676,420.0,350.0,419,490,5,5,success
2,87,60,192692,425.0,355.0,419,490,5,5,success
2,87,61,192709,430.0,360.0,419,490,5,5,success
2,87,62,192724,435.0,365.0,419,490,5,5,success
2,87,63,192740,440.0,370.0,419,490,5,5,success
2,87,64,192756,445.0,375.0,419,490,5,5,success
2,87,65,192772,450.0,380.0,419,490,5,5,success
2,87,66,192789,455.0,385.0,419,490,0,5,success
2,87,67,192804,455.0,390.0,419,490,0,5,success
2,87,68,192820,455.0,395.0,419,490,0,5,success
2,87,69,192836,455.0,400.0,419,490,0,5,success
2,87,70,192853,455.0,405.0,419,490,0,5,success
2,87,71,192868,455.0,410.0,419,490,0,5,success
2,87,72,192884,455.0,415.0,419,490,0,5,success
2,87,73,192900,455.0,420.0,419,490,0,5,success
2,87,74,192916,455.0,425.0,419,490,0,5,success
2,87,75,192932,455.0,430.0,419,490,0,5,success
2,87,76,192948,455.0,435.0,419,490,0,5,success
2,87,77,192965,455.0,440.0,419,490,0,5,success
2,87,78,192980,455.0,445.0,419,490,0,5,success
2,87,79,192997,455.0,450.0,419,490,0,5,success
2,87,80,193012,455.0,455.0,419,490,0,5,success
2,87,81,193029,455.0,460.0,419,490,0,5,success
2,87,82,193044,455.0,465.0,419,490,0,5,success
2,87,83,193061,455.0,470.0,419,490,0,5,success
2,87,84,193076,455.0,475.0,419,490,0,5,success
2,87,85,193092,455.0,480.0,419,490,0,0,success
2,87,86,193109,455.0,480.0,419,490,0,0,success
2,87,87,193125,455.0,480.0,419,490,-5,0,success
2,87,88,193141,450.0,480.0,419,490,-5,0,success
2,87,89,193157,445.0,480.0,419,490,-5,0,success
2,87,90,193173,440.0,480.0,419,490,-5,0,success
2,87,91,193190,435.0,480.0,419,490,-5,0,success
2,87,92,193206,430.0,480.0,419,490,0,0,success
2,87,93,193221,430.0,480.0,419,490,0,0,success
2,87,94,193237,430.0,480.0,419,490,0,0,success
2,87,95,193253,430.0,480.0,419,490,0,0,success
2,87,96,193269,430.0,480.0,419,490,0,0,success
2,87,97,193285,430.0,480.0,419,490,0,0,success
2,87,98,193301,430.0,480.0,419,490,0,0,success
2,87,99,193317,430.0,480.0,419,490,0,0,success
2,87,100,193333,430.0,480.0,419,490,0,0,success
2,87,101,193349,430.0,480.0,419,490,0,0,success
2,87,102,193365,430.0,480.0,419,490,0,0,success
2,87,103,193381,430.0,480.0,419,490,0,0,success
2,87,104,193398,430.0,480.0,419,490,0,0,success
2,87,105,193414,430.0,480.0,419,490,0,0,success
2,87,106,193430,430.0,480.0,419,490,0,0,success
2,87,107,193446,430.0,480.0,419,490,0,0,success
2,87,108,193462,430.0,480.0,419,490,0,0,success
2,87,109,193478,430.0,480.0,419,490,0,0,success
2,87,110,193494,430.0,480.0,419,490,0,0,success
2,87,111,193510,430.0,480.0,419,490,0,0,success
2,87,112,193526,430.0,480.0,419,490,0,0,success
2,87,113,193542,430.0,480.0,419,490,0,5,success
2,87,114,193559,430.0,485.0,419,490,0,5,success
2,88,0,194585,375.0,275.0,177,208,0,0,success
2,88,1,194602,375.0,275.0,177,208,0,0,success
2,88,2,194617,375.0,275.0,177,208,0,0,success
2,88,3,194633,375.0,275.0,177,208,0,0,success
2,88,4,194649,375.0,275.0,177,208,0,0,success
2,88,5,194665,375.0,275.0,177,208,0,0,success
2,88,6,194682,375.0,275.0,177,208,0,0,success
2,88,7,194699,375.0,275.0,177,208,0,0,success
2,88,8,194715,375.0,275.0,177,208,0,0,success
2,88,9,194731,375.0,275.0,177,208,0,0,success
2,88,10,194748,375.0,275.0,177,208,0,0,success
2,88,11,194763,375.0,275.0,177,208,0,0,success
2,88,12,194780,375.0,275.0,177,208,0,0,success
2,88,13,194796,375.0,275.0,177,208,0,0,success
2,88,14,194813,375.0,275.0,177,208,0,0,success
2,88,15,194828,375.0,275.0,177,208,0,0,success
2,88,16,194845,375.0,275.0,177,208,0,0,success
2,88,17,194860,375.0,275.0,177,208,0,0,success
2,88,18,194877,375.0,275.0,177,208,0,0,success
2,88,19,194892,375.0,275.0,177,208,0,0,success
2,88,20,194909,375.0,275.0,177,208,0,0,success
2,88,21,194924,375.0,275.0,177,208,0,0,success
2,88,22,194940,375.0,275.0,177,208,0,0,success
2,88,23,194956,375.0,275.0,177,208,0,0,success
2,88,24,194972,375.0,275.0,177,208,0,0,success
2,88,25,194988,375.0,275.0,177,208,0,0,success
2,88,26,195003,375.0,275.0,177,208,-5,0,success
2,88,27,195019,370.0,275.0,177,208,-5,0,success
2,88,28,195035,365.0,275.0,177,208,-5,0,success
2,88,29,195051,360.0,275.0,177,208,-5,0,success
2,88,30,195067,355.0,275.0,177,208,-5,0,success
2,88,31,195083,350.0,275.0,177,208,-5,0,success
2,88,32,195099,345.0,275.0,177,208,-5,0,success
2,88,33,195115,340.0,275.0,177,208,-5,0,success
2,88,34,195131,335.0,275.0,177,208,-5,0,success
2,88,35,195148,330.0,275.0,177,208,-5,0,success
2,88,36,195163,325.0,275.0,177,208,-5,0,success
2,88,37,195179,320.0,275.0,177,208,-5,0,success
2,88,38,195195,315.0,275.0,177,208,-5,0,success
2,88,39,195211,310.0,275.0,177,208,-5,0,success
2,88,40,195227,305.0,275.0,177,208,-5,0,success
2,88,41,195243,300.0,275.0,177,208,-5,0,success
2,88,42,195259,295.0,275.0,177,208,-5,0,success
2,88,43,195275,290.0,275.0,177,208,-5,0,success
2,88,44,195291,285.0,275.0,177,208,-5,0,success
2,88,45,195307,280.0,275.0,177,208,-5,-5,success
2,88,46,195324,275.0,270.0,177,208,-5,-5,success
2,88,47,195340,270.0,265.0,177,208,-5,-5,success
2,88,48,195355,265.0,260.0,177,208,-5,-5,success
2,88,49,195372,260.0,255.0,177,208,-5,-5,success
2,88,50,195387,255.0,250.0,177,208,-5,-5,success
2,88,51,195405,250.0,245.0,177,208,-5,-5,success
2,88,52,195420,245.0,240.0,177,208,-5,-5,success
2,88,53,195437,240.0,235.0,177,208,-5,-5,success
2,88,54,195453,235.0,230.0,177,208,-5,-5,success
2,88,55,195469,230.0,225.0,177,208,-5,-5,success
2,88,56,195485,225.0,220.0,177,208,-5,-5,success
2,88,57,195501,220.0,215.0,177,208,-5,0,success
2,88,58,195517,215.0,215.0,177,208,-5,0,success
2,88,59,195533,210.0,215.0,177,208,-5,0,success
2,88,60,195550,205.0,215.0,177,208,-5,0,success
2,88,61,195567,200.0,215.0,177,208,-5,0,success
2,89,0,196594,375.0,275.0,385,323,0,0,success
2,89,1,196610,375.0,275.0,385,323,0,0,success
2,89,2,196626,375.0,275.0,385,323,0,0,success
2,89,3,196642,375.0,275.0,385,323,0,0,success
2,89,4,196658,375.0,275.0,385,323,0,0,success
2,89,5,196674,375.0,275.0,385,323,0,0,success
2,89,6,196690,375.0,275.0,385,323,0,0,success
2,89,7,196706,375.0,275.0,385,323,0,0,success
2,89,8,196722,375.0,275.0,385,323,0,0,success
2,89,9,196738,375.0,275.0,385,323,0,0,success
2,89,10,196754,375.0,275.0,385,323,0,0,success
2,89,11,196771,375.0,275.0,385,323,0,0,success
2,89,12,196786,375.0,275.0,385,323,0,0,success
2,89,13,196802,375.0,275.0,385,323,0,0,success
2,89,14,196818,375.0,275.0,385,323,0,0,success
2,89,15,196834,375.0,275.0,385,323,0,0,success
2,89,16,196851,375.0,275.0,385,323,0,0,success
2,89,17,196867,375.0,275.0,385,323,0,0,success
2,89,18,196883,375.0,275.0,385,323,0,0,success
2,89,19,196899,375.0,275.0,385,323,0,0,success
2,89,20,196915,375.0,275.0,385,323,0,0,success
2,89,21,196932,375.0,275.0,385,323,0,0,success
2,89,22,196947,375.0,275.0,385,323,0,0,success
2,89,23,196964,375.0,275.0,385,323,0,0,success
2,89,24,196979,375.0,275.0,385,323,0,0,success
2,89,25,196995,375.0,275.0,385,323,0,0,success
2,89,26,197011,375.0,275.0,385,323,0,0,success
2,89,27,197026,375.0,275.0,385,323,0,0,success
2,89,28,197042,375.0,275.0,385,323,0,0,success
2,89,29,197058,375.0,275.0,385,323,0,0,success
2,89,30,197074,375.0,275.0,385,323,0,0,success
2,89,31,197090,375.0,275.0,385,323,0,0,success
2,89,32,197106,375.0,275.0,385,323,0,0,success
2,89,33,197122,375.0,275.0,385,323,0,0,success
2,89,34,197138,375.0,275.0,385,323,0,0,success
2,89,35,197154,375.0,275.0,385,323,0,0,success
2,89,36,197171,375.0,275.0,385,323,0,5,success
2,89,37,197186,375.0,280.0,385,323,0,5,success
2,89,38,197203,375.0,285.0,385,323,0,5,success
2,89,39,197218,375.0,290.0,385,323,0,5,success
2,89,40,197235,375.0,295.0,385,323,0,5,success
2,89,41,197250,375.0,300.0,385,323,0,5,success
2,89,42,197266,375.0,305.0,385,323,0,5,success
2,89,43,197282,375.0,310.0,385,323,0,5,success
2,89,44,197298,375.0,315.0,385,323,0,5,success
2,89,45,197314,375.0,320.0,385,323,0,0,success
2,89,46,197330,375.0,320.0,385,323,0,0,success
2,89,47,197346,375.0,320.0,385,323,0,0,success
2,89,48,197363,375.0,320.0,385,323,0,0,success
2,89,49,197380,375.0,320.0,385,323,0,0,success
2,89,50,197396,375.0,320.0,385,323,0,0,success
2,89,51,197412,375.0,320.0,385,323,0,0,success
2,89,52,197428,375.0,320.0,385,323,0,0,success
2,89,53,197445,375.0,320.0,385,323,5,0,success
2,89,54,197460,380.0,320.0,385,323,5,0,success
2,89,55,197476,385.0,320.0,385,323,5,0,success
2,89,56,197493,390.0,320.0,385,323,5,0,success
2,89,57,197508,395.0,320.0,385,323,5,0,success
2,89,58,197525,400.0,320.0,385,323,5,0,success
2,89,59,197541,405.0,320.0,385,323,5,0,success
2,89,60,197557,410.0,320.0,385,323,5,0,success
2,89,61,197573,415.0,320.0,385,323,0,0,success
2,89,62,197590,415.0,320.0,385,323,0,0,success
2,89,63,197605,415.0,320.0,385,323,0,0,success
2,89,64,197621,415.0,320.0,385,323,0,0,success
2,89,65,197637,415.0,320.0,385,323,0,0,success
2,89,66,197653,415.0,320.0,385,323,0,0,success
2,89,67,197669,415.0,320.0,385,323,0,0,success
2,89,68,197685,415.0,320.0,385,323,0,0,success
2,89,69,197702,415.0,320.0,385,323,0,5,success
2,89,70,197717,415.0,325.0,385,323,0,5,success
2,89,71,197733,415.0,330.0,385,323,0,5,success
2,89,72,197750,415.0,335.0,385,323,0,5,success
2,89,73,197765,415.0,340.0,385,323,0,5,success
2,89,74,197782,415.0,345.0,385,323,0,5,success
2,89,75,197798,415.0,350.0,385,323,0,0,success
2,89,76,197815,415.0,350.0,385,323,0,0,success
2,89,77,197830,415.0,350.0,385,323,0,0,success
2,89,78,197847,415.0,350.0,385,323,0,0,success
2,89,79,197862,415.0,350.0,385,323,0,0,success
2,89,80,197878,415.0,350.0,385,323,0,0,success
2,89,81,197894,415.0,350.0,385,323,0,0,success
2,89,82,197910,415.0,350.0,385,323,0,0,success
2,89,83,197926,415.0,350.0,385,323,0,0,success
2,89,84,197942,415.0,350.0,385,323,0,0,success
2,89,85,197959,415.0,350.0,385,323,0,0,success
2,89,86,197975,415.0,350.0,385,323,0,0,success
2,89,87,197991,415.0,350.0,385,323,0,0,success
2,89,88,198006,415.0,350.0,385,323,0,0,success
2,89,89,198022,415.0,350.0,385,323,0,0,success
2,89,90,198038,415.0,350.0,385,323,0,0,success
2,89,91,198054,415.0,350.0,385,323,0,0,success
2,89,92,198070,415.0,350.0,385,323,0,0,success
2,89,93,198086,415.0,350.0,385,323,0,0,success
2,89,94,198102,415.0,350.0,385,323,0,0,success
2,89,95,198119,415.0,350.0,385,323,0,0,success
2,89,96,198135,415.0,350.0,385,323,-5,0,success
2,89,97,198151,410.0,350.0,385,323,-5,0,success
2,89,98,198168,405.0,350.0,385,323,-5,0,success
2,89,99,198183,400.0,350.0,385,323,-5,0,success
2,89,100,198199,395.0,350.0,385,323,0,0,success
2,89,101,198215,395.0,350.0,385,323,0,0,success
2,89,102,198231,395.0,350.0,385,323,0,0,success
2,89,103,198247,395.0,350.0,385,323,0,0,success
2,89,104,198263,395.0,350.0,385,323,0,0,success
2,89,105,198279,395.0,350.0,385,323,0,0,success
2,89,106,198295,395.0,350.0,385,323,0,0,success
2,89,107,198311,395.0,350.0,385,323,0,0,success
2,89,108,198327,395.0,350.0,385,323,0,0,success
2,89,109,198344,395.0,350.0,385,323,0,0,success
2,89,110,198359,395.0,350.0,385,323,0,-5,success
2,89,111,198375,395.0,345.0,385,323,0,-5,success
2,90,0,199404,375.0,275.0,579,131,0,0,success
2,90,1,199420,375.0,275.0,579,131,0,0,success
2,90,2,199436,375.0,275.0,579,131,0,0,success
2,90,3,199452,375.0,275.0,579,131,0,0,success
2,90,4,199468,375.0,275.0,579,131,0,0,success
2,90,5,199484,375.0,275.0,579,131,0,0,success
2,90,6,199500,375.0,275.0,579,131,0,0,success
2,90,7,199516,375.0,275.0,579,131,0,0,success
2,90,8,199532,375.0,275.0,579,131,0,0,success
2,90,9,199548,375.0,275.0,579,131,0,0,success
2,90,10,199564,375.0,275.0,579,131,0,0,success
2,90,11,199580,375.0,275.0,579,131,0,0,success
2,90,12,199596,375.0,275.0,579,131,0,0,success
2,90,13,199612,375.0,275.0,579,131,0,0,success
2,90,14,199628,375.0,275.0,579,131,0,0,success
2,90,15,199644,375.0,275.0,579,131,0,0,success
2,90,16,199660,375.0,275.0,579,131,0,0,success
2,90,17,199676,375.0,275.0,579,131,0,0,success
2,90,18,199692,375.0,275.0,579,131,0,0,success
2,90,19,199708,375.0,275.0,579,131,0,0,success
2,90,20,199724,375.0,275.0,579,131,0,0,success
2,90,21,199740,375.0,275.0,579,131,0,0,success
2,90,22,199756,375.0,275.0,579,131,0,0,success
2,90,23,199772,375.0,275.0,579,131,0,0,success
2,90,24,199788,375.0,275.0,579,131,0,0,success
2,90,25,199804,375.0,275.0,579,131,0,0,success
2,90,26,199820,375.0,275.0,579,131,0,0,success
2,90,27,199836,375.0,275.0,579,131,0,0,success
2,90,28,199852,375.0,275.0,579,131,0,0,success
2,90,29,199868,375.0,275.0,579,131,0,0,success
2,90,30,199885,375.0,275.0,579,131,0,0,success
2,90,31,199900,375.0,275.0,579,131,0,0,success
2,90,32,199916,375.0,275.0,579,131,0,0,success
2,90,33,199933,375.0,275.0,579,131,0,0,success
2,90,34,199949,375.0,275.0,579,131,0,0,success
2,90,35,199965,375.0,275.0,579,131,5,0,success
2,90,36,199981,380.0,275.0,579,131,5,0,success
2,90,37,199997,385.0,275.0,579,131,5,0,success
2,90,38,200013,390.0,275.0,579,131,5,0,success
2,90,39,200028,395.0,275.0,579,131,5,0,success
2,90,40,200044,400.0,275.0,579,131,5,0,success
2,90,41,200060,405.0,275.0,579,131,5,0,success
2,90,42,200077,410.0,275.0,579,131,5,0,success
2,90,43,200093,415.0,275.0,579,131,5,0,success
2,90,44,200109,420.0,275.0,579,131,5,0,success
2,90,45,200125,425.0,275.0,579,131,5,0,success
2,90,46,200142,430.0,275.0,579,131,5,-5,success
2,90,47,200158,435.0,270.0,579,131,5,-5,success
2,90,48,200173,440.0,265.0,579,131,5,-5,success
2,90,49,200189,445.0,260.0,579,131,5,-5,success
2,90,50,200205,450.0,255.0,579,131,5,-5,success
2,90,51,200221,455.0,250.0,579,131,5,-5,success
2,90,52,200238,460.0,245.0,579,131,5,-5,success
2,90,53,200253,465.0,240.0,579,131,5,-5,success
2,90,54,200269,470.0,235.0,579,131,5,-5,success
2,90,55,200285,475.0,230.0,579,131,5,-5,success
2,90,56,200302,480.0,225.0,579,131,5,-5,success
2,90,57,200317,485.0,220.0,579,131,5,-5,success
2,90,58,200333,490.0,215.0,579,131,5,-5,success
2,90,59,200349,495.0,210.0,579,131,5,-5,success
2,90,60,200365,500.0,205.0,579,131,5,-5,success
2,90,61,200381,505.0,200.0,579,131,5,-5,success
2,90,62,200398,510.0,195.0,579,131,5,-5,success
2,90,63,200414,515.0,190.0,579,131,5,-5,success
2,90,64,200430,520.0,185.0,579,131,5,-5,success
2,90,65,200446,525.0,180.0,579,131,5,-5,success
2,90,66,200462,530.0,175.0,579,131,5,-5,success
2,90,67,200478,535.0,170.0,579,131,5,-5,success
2,90,68,200495,540.0,165.0,579,131,5,-5,success
2,90,69,200511,545.0,160.0,579,131,5,-5,success
2,90,70,200527,550.0,155.0,579,131,5,-5,success
2,90,71,200544,555.0,150.0,579,131,5,-5,success
2,90,72,200559,560.0,145.0,579,131,5,-5,success
2,90,73,200575,565.0,140.0,579,131,5,-5,success
2,90,74,200591,570.0,135.0,579,131,5,-5,success
2,90,75,200607,575.0,130.0,579,131,5,-5,success
2,90,76,200623,580.0,125.0,579,131,5,-5,success
2,90,77,200639,585.0,120.0,579,131,5,-5,success
2,90,78,200655,590.0,115.0,579,131,5,-5,success
2,90,79,200912,595.0,110.0,579,131,0,0,success
2,90,80,200928,595.0,110.0,579,131,0,0,success
2,90,81,200944,595.0,110.0,579,131,0,0,success
2,90,82,200960,595.0,110.0,579,131,0,0,success
2,90,83,200976,595.0,110.0,579,131,0,0,success
2,90,84,200992,595.0,110.0,579,131,0,0,success
2,90,85,201007,595.0,110.0,579,131,0,5,success
2,90,86,201023,595.0,115.0,579,131,0,5,success
2,90,87,201039,595.0,120.0,579,131,0,5,success
2,90,88,201055,595.0,125.0,579,131,0,5,success
2,90,89,201071,595.0,130.0,579,131,0,0,success
2,90,90,201088,595.0,130.0,579,131,0,0,success
2,90,91,201104,595.0,130.0,579,131,0,0,success
2,90,92,201120,595.0,130.0,579,131,0,0,success
2,90,93,201136,595.0,130.0,579,131,0,0,success
2,90,94,201153,595.0,130.0,579,131,0,0,success
2,90,95,201168,595.0,130.0,579,131,0,0,success
2,90,96,201184,595.0,130.0,579,131,0,0,success
2,90,97,201200,595.0,130.0,579,131,0,0,success
2,90,98,201217,595.0,130.0,579,131,0,0,success
2,90,99,201234,595.0,130.0,579,131,0,0,success
2,90,100,201250,595.0,130.0,579,131,0,0,success
2,90,101,201266,595.0,130.0,579,131,0,0,success
2,90,102,201283,595.0,130.0,579,131,0,0,success
2,90,103,201298,595.0,130.0,579,131,0,0,success
2,90,104,201314,595.0,130.0,579,131,0,0,success
2,90,105,201331,595.0,130.0,579,131,0,0,success
2,90,106,201347,595.0,130.0,579,131,0,0,success
2,90,107,201363,595.0,130.0,579,131,0,0,success
2,90,108,201379,595.0,130.0,579,131,0,0,success
2,90,109,201396,595.0,130.0,579,131,0,0,success
2,90,110,201413,595.0,130.0,579,131,0,0,success
2,90,111,201428,595.0,130.0,579,131,0,0,success
2,90,112,201444,595.0,130.0,579,131,0,0,success
2,90,113,201461,595.0,130.0,579,131,0,5,success
2,91,0,202490,375.0,275.0,174,183,0,0,success
2,91,1,202506,375.0,275.0,174,183,0,0,success
2,91,2,202522,375.0,275.0,174,183,0,0,success
2,91,3,202538,375.0,275.0,174,183,0,0,success
2,91,4,202554,375.0,275.0,174,183,0,0,success
2,91,5,202570,375.0,275.0,174,183,0,0,success
2,91,6,202586,375.0,275.0,174,183,0,0,success
2,91,7,202602,375.0,275.0,174,183,0,0,success
2,91,8,202618,375.0,275.0,174,183,0,0,success
2,91,9,202634,375.0,275.0,174,183,0,0,success
2,91,10,202651,375.0,275.0,174,183,0,0,success
2,91,11,202667,375.0,275.0,174,183,0,0,success
2,91,12,202683,375.0,275.0,174,183,0,0,success
2,91,13,202698,375.0,275.0,174,183,0,0,success
2,91,14,202714,375.0,275.0,174,183,0,0,success
2,91,15,202730,375.0,275.0,174,183,0,0,success
2,91,16,202746,375.0,275.0,174,183,0,0,success
2,91,17,202762,375.0,275.0,174,183,0,0,success
2,91,18,202778,375.0,275.0,174,183,0,0,success
2,91,19,202794,375.0,275.0,174,183,0,0,success
2,91,20,202811,375.0,275.0,174,183,0,0,success
2,91,21,202827,375.0,275.0,174,183,0,0,success
2,91,22,202843,375.0,275.0,174,183,0,0,success
2,91,23,202858,375.0,275.0,174,183,0,0,success
2,91,24,202874,375.0,275.0,174,183,0,0,success
2,91,25,202890,375.0,275.0,174,183,0,0,success
2,91,26,202906,375.0,275.0,174,183,0,0,success
2,91,27,202922,375.0,275.0,174,183,0,0,success
2,91,28,202938,375.0,275.0,174,183,0,0,success
2,91,29,202955,375.0,275.0,174,183,-5,0,success
2,91,30,202971,370.0,275.0,174,183,-5,0,success
2,91,31,202987,365.0,275.0,174,183,-5,0,success
2,91,32,203002,360.0,275.0,174,183,-5,0,success
2,91,33,203018,355.0,275.0,174,183,-5,0,success
2,91,34,203034,350.0,275.0,174,183,-5,0,success
2,91,35,203050,345.0,275.0,174,183,-5,0,success
2,91,36,203066,340.0,275.0,174,183,-5,0,success
2,91,37,203082,335.0,275.0,174,183,-5,0,success
2,91,38,203098,330.0,275.0,174,183,-5,0,success
2,91,39,203114,325.0,275.0,174,183,-5,0,success
2,91,40,203130,320.0,275.0,174,183,-5,0,success
2,91,41,203146,315.0,275.0,174,183,-5,0,success
2,91,42,203162,310.0,275.0,174,183,-5,-5,success
2,91,43,203178,305.0,270.0,174,183,-5,-5,success
2,91,44,203194,300.0,265.0,174,183,-5,-5,success
2,91,45,203210,295.0,260.0,174,183,-5,-5,success
2,91,46,203226,290.0,255.0,174,183,-5,-5,success
2,91,47,203242,285.0,250.0,174,183,-5,-5,success
2,91,48,203258,280.0,245.0,174,183,-5,-5,success
2,91,49,203275,275.0,240.0,174,183,-5,-5,success
2,91,50,203290,270.0,235.0,174,183,-5,-5,success
2,91,51,203307,265.0,230.0,174,183,-5,-5,success
2,91,52,203324,260.0,225.0,174,183,-5,-5,success
2,91,53,203340,255.0,220.0,174,183,-5,-5,success
2,91,54,203355,250.0,215.0,174,183,-5,-5,success
2,91,55,203371,245.0,210.0,174,183,-5,-5,success
2,91,56,203387,240.0,205.0,174,183,-5,-5,success
2,91,57,203404,235.0,200.0,174,183,-5,-5,success
2,91,58,203420,230.0,195.0,174,183,-5,-5,success
2,91,59,203436,225.0,190.0,174,183,-5,0,success
2,91,60,203452,220.0,190.0,174,183,-5,0,success
2,91,61,203468,215.0,190.0,174,183,-5,0,success
2,91,62,203485,210.0,190.0,174,183,-5,0,success
2,91,63,203500,205.0,190.0,174,183,-5,0,success
2,91,64,203517,200.0,190.0,174,183,-5,0,success
2,91,65,203534,195.0,190.0,174,183,-5,0,success
2,92,0,204560,375.0,275.0,535,347,0,0,success
2,92,1,204576,375.0,275.0,535,347,0,0,success
2,92,2,204592,375.0,275.0,535,347,0,0,success
2,92,3,204608,375.0,275.0,535,347,0,0,success
2,92,4,204624,375.0,275.0,535,347,0,0,success
2,92,5,204640,375.0,275.0,535,347,0,0,success
2,92,6,204657,375.0,275.0,535,347,0,0,success
2,92,7,204672,375.0,275.0,535,347,0,0,success
2,92,8,204688,375.0,275.0,535,347,0,0,success
2,92,9,204704,375.0,275.0,535,347,0,0,success
2,92,10,204720,375.0,275.0,535,347,0,0,success
2,92,11,204736,375.0,275.0,535,347,0,0,success
2,92,12,204752,375.0,275.0,535,347,0,0,success
2,92,13,204769,375.0,275.0,535,347,0,0,success
2,92,14,204785,375.0,275.0,535,347,0,0,success
2,92,15,204801,375.0,275.0,535,347,0,0,success
2,92,16,204818,375.0,275.0,535,347,0,0,success
2,92,17,204833,375.0,275.0,535,347,0,0,success
2,92,18,204850,375.0,275.0,535,347,0,0,success
2,92,19,204865,375.0,275.0,535,347,0,0,success
2,92,20,204881,375.0,275.0,535,347,0,0,success
2,92,21,204897,375.0,275.0,535,347,0,0,success
2,92,22,204914,375.0,275.0,535,347,0,0,success
2,92,23,204930,375.0,275.0,535,347,0,0,success
2,92,24,204946,375.0,275.0,535,347,0,0,success
2,92,25,204962,375.0,275.0,535,347,0,0,success
2,92,26,204978,375.0,275.0,535,347,0,0,success
2,92,27,204994,375.0,275.0,535,347,0,0,success
2,92,28,205009,375.0,275.0,535,347,0,0,success
2,92,29,205025,375.0,275.0,535,347,0,0,success
2,92,30,205041,375.0,275.0,535,347,0,0,success
2,92,31,205057,375.0,275.0,535,347,5,0,success
2,92,32,205073,380.0,275.0,535,347,5,0,success
2,92,33,205089,385.0,275.0,535,347,5,0,success
2,92,34,205105,390.0,275.0,535,347,5,0,success
2,92,35,205121,395.0,275.0,535,347,5,0,success
2,92,36,205137,400.0,275.0,535,347,5,0,success
2,92,37,205153,405.0,275.0,535,347,5,0,success
2,92,38,205169,410.0,275.0,535,347,5,5,success
2,92,39,205185,415.0,280.0,535,347,5,5,success
2,92,40,205202,420.0,285.0,535,347,5,5,success
2,92,41,205218,425.0,290.0,535,347,5,5,success
2,92,42,205235,430.0,295.0,535,347,5,5,success
2,92,43,205250,435.0,300.0,535,347,5,5,success
2,92,44,205267,440.0,305.0,535,347,5,5,success
2,92,45,205283,445.0,310.0,535,347,5,5,success
2,92,46,205299,450.0,315.0,535,347,5,5,success
2,92,47,205315,455.0,320.0,535,347,5,5,success
2,92,48,205331,460.0,325.0,535,347,5,5,success
2,92,49,205348,465.0,330.0,535,347,5,5,success
2,92,50,205364,470.0,335.0,535,347,5,5,success
2,92,51,205380,475.0,340.0,535,347,5,5,success
2,92,52,205397,480.0,345.0,535,347,5,5,success
2,92,53,205413,485.0,350.0,535,347,5,5,success
2,92,54,205430,490.0,355.0,535,347,5,5,success
2,92,55,205445,495.0,360.0,535,347,5,0,success
2,92,56,205461,500.0,360.0,535,347,5,0,success
2,92,57,205477,505.0,360.0,535,347,5,0,success
2,92,58,205493,510.0,360.0,535,347,5,0,success
2,92,59,205509,515.0,360.0,535,347,5,0,success
2,92,60,205525,520.0,360.0,535,347,5,0,success
2,92,61,205541,525.0,360.0,535,347,5,0,success
2,92,62,205558,530.0,360.0,535,347,5,0,success
2,93,0,206586,375.0,275.0,198,398,0,0,success
2,93,1,206602,375.0,275.0,198,398,0,0,success
2,93,2,206618,375.0,275.0,198,398,0,0,success
2,93,3,206634,375.0,275.0,198,398,0,0,success
2,93,4,206650,375.0,275.0,198,398,0,0,success
2,93,5,206666,375.0,275.0,198,398,0,0,success
2,93,6,206683,375.0,275.0,198,398,0,0,success
2,93,7,206699,375.0,275.0,198,398,0,0,success
2,93,8,206715,375.0,275.0,198,398,0,0,success
2,93,9,206731,375.0,275.0,198,398,0,0,success
2,93,10,206747,375.0,275.0,198,398,0,0,success
2,93,11,206763,375.0,275.0,198,398,0,0,success
2,93,12,206779,375.0,275.0,198,398,0,0,success
2,93,13,206795,375.0,275.0,198,398,0,0,success
2,93,14,206811,375.0,275.0,198,398,0,0,success
2,93,15,206827,375.0,275.0,198,398,0,0,success
2,93,16,206843,375.0,275.0,198,398,0,0,success
2,93,17,206859,375.0,275.0,198,398,0,0,success
2,93,18,206875,375.0,275.0,198,398,0,0,success
2,93,19,206891,375.0,275.0,198,398,0,0,success
2,93,20,206907,375.0,275.0,198,398,0,0,success
2,93,21,206923,375.0,275.0,198,398,0,0,success
2,93,22,206939,375.0,275.0,198,398,0,0,success
2,93,23,206955,375.0,275.0,198,398,0,0,success
2,93,24,206971,375.0,275.0,198,398,0,0,success
2,93,25,206987,375.0,275.0,198,398,0,0,success
2,93,26,207002,375.0,275.0,198,398,0,0,success
2,93,27,207018,375.0,275.0,198,398,0,0,success
2,93,28,207034,375.0,275.0,198,398,0,0,success
2,93,29,207051,375.0,275.0,198,398,0,0,success
2,93,30,207066,375.0,275.0,198,398,0,5,success
2,93,31,207082,375.0,280.0,198,398,0,5,success
2,93,32,207098,375.0,285.0,198,398,0,5,success
2,93,33,207115,375.0,290.0,198,398,0,5,success
2,93,34,207130,375.0,295.0,198,398,0,5,success
2,93,35,207146,375.0,300.0,198,398,0,5,success
2,93,36,207162,375.0,305.0,198,398,0,5,success
2,93,37,207179,375.0,310.0,198,398,0,5,success
2,93,38,207195,375.0,315.0,198,398,0,5,success
2,93,39,207211,375.0,320.0,198,398,0,5,success
2,93,40,207227,375.0,325.0,198,398,0,5,success
2,93,41,207243,375.0,330.0,198,398,0,5,success
2,93,42,207259,375.0,335.0,198,398,0,5,success
2,93,43,207275,375.0,340.0,198,398,0,5,success
2,93,44,207292,375.0,345.0,198,398,0,5,success
2,93,45,207307,375.0,350.0,198,398,0,5,success
2,93,46,207323,375.0,355.0,198,398,0,5,success
2,93,47,207339,375.0,360.0,198,398,0,5,success
2,93,48,207355,375.0,365.0,198,398,0,5,success
2,93,49,207371,375.0,370.0,198,398,-5,0,success
2,93,50,207387,370.0,370.0,198,398,-5,0,success
2,93,51,207404,365.0,370.0,198,398,-5,0,success
2,93,52,207420,360.0,370.0,198,398,-5,0,success
2,93,53,207436,355.0,370.0,198,398,-5,0,success
2,93,54,207452,350.0,370.0,198,398,-5,0,success
2,93,55,207468,345.0,370.0,198,398,-5,0,success
2,93,56,207484,340.0,370.0,198,398,-5,0,success
2,93,57,207500,335.0,370.0,198,398,-5,0,success
2,93,58,207516,330.0,370.0,198,398,-5,0,success
2,93,59,207532,325.0,370.0,198,398,-5,0,success
2,93,60,207548,320.0,370.0,198,398,-5,0,success
2,93,61,207564,315.0,370.0,198,398,-5,0,success
2,93,62,207581,310.0,370.0,198,398,-5,0,success
2,93,63,207596,305.0,370.0,198,398,-5,0,success
2,93,64,207612,300.0,370.0,198,398,-5,0,success
2,93,65,207628,295.0,370.0,198,398,-5,0,success
2,93,66,207645,290.0,370.0,198,398,-5,0,success
2,93,67,207662,285.0,370.0,198,398,-5,5,success
2,93,68,207677,280.0,375.0,198,398,-5,5,success
2,93,69,207693,275.0,380.0,198,398,-5,5,success
2,93,70,207709,270.0,385.0,198,398,-5,5,success
2,93,71,207725,265.0,390.0,198,398,-5,5,success
2,93,72,207742,260.0,395.0,198,398,-5,0,success
2,93,73,207758,255.0,395.0,198,398,-5,0,success
2,93,74,207774,250.0,395.0,198,398,-5,0,success
2,93,75,207791,245.0,395.0,198,398,-5,0,success
2,93,76,207807,240.0,395.0,198,398,-5,0,success
2,93,77,207823,235.0,395.0,198,398,-5,0,success
2,93,78,207839,230.0,395.0,198,398,-5,0,success
2,93,79,207855,225.0,395.0,198,398,-5,0,success
2,93,80,207871,220.0,395.0,198,398,-5,0,success
2,93,81,207887,215.0,395.0,198,398,-5,0,success
2,93,82,207903,210.0,395.0,198,398,-5,0,success
2,93,83,207919,205.0,395.0,198,398,-5,0,success
2,93,84,207935,200.0,395.0,198,398,0,0,success
2,93,85,207952,200.0,395.0,198,398,0,0,success
2,93,86,207967,200.0,395.0,198,398,0,0,success
2,93,87,207983,200.0,395.0,198,398,0,0,success
2,93,88,207999,200.0,395.0,198,398,0,0,success
2,93,89,208015,200.0,395.0,198,398,0,0,success
2,93,90,208031,200.0,395.0,198,398,0,0,success
2,93,91,208047,200.0,395.0,198,398,0,0,success
2,93,92,208064,200.0,395.0,198,398,0,0,success
2,93,93,208079,200.0,395.0,198,398,0,0,success
2,93,94,208095,200.0,395.0,198,398,0,0,success
2,93,95,208111,200.0,395.0,198,398,0,0,success
2,93,96,208127,200.0,395.0,198,398,0,0,success
2,93,97,208144,200.0,395.0,198,398,0,0,success
2,93,98,208159,200.0,395.0,198,398,0,0,success
2,93,99,208175,200.0,395.0,198,398,0,0,success
2,93,100,208192,200.0,395.0,198,398,0,0,success
2,93,101,208208,200.0,395.0,198,398,0,0,success
2,93,102,208224,200.0,395.0,198,398,0,0,success
2,93,103,208240,200.0,395.0,198,398,0,0,success
2,93,104,208256,200.0,395.0,198,398,0,0,success
2,93,105,208272,200.0,395.0,198,398,0,0,success
2,93,106,208288,200.0,395.0,198,398,0,0,success
2,93,107,208304,200.0,395.0,198,398,0,0,success
2,93,108,208321,200.0,395.0,198,398,0,5,success
2,94,0,209348,375.0,275.0,510,275,0,0,success
2,94,1,209365,375.0,275.0,510,275,0,0,success
2,94,2,209380,375.0,275.0,510,275,0,0,success
2,94,3,209397,375.0,275.0,510,275,0,0,success
2,94,4,209413,375.0,275.0,510,275,0,0,success
2,94,5,209429,375.0,275.0,510,275,0,0,success
2,94,6,209445,375.0,275.0,510,275,0,0,success
2,94,7,209461,375.0,275.0,510,275,0,0,success
2,94,8,209477,375.0,275.0,510,275,0,0,success
2,94,9,209493,375.0,275.0,510,275,0,0,success
2,94,10,209509,375.0,275.0,510,275,0,0,success
2,94,11,209525,375.0,275.0,510,275,0,0,success
2,94,12,209541,375.0,275.0,510,275,0,0,success
2,94,13,209557,375.0,275.0,510,275,0,0,success
2,94,14,209573,375.0,275.0,510,275,0,0,success
2,94,15,209589,375.0,275.0,510,275,0,0,success
2,94,16,209605,375.0,275.0,510,275,0,0,success
2,94,17,209621,375.0,275.0,510,275,0,0,success
2,94,18,209637,375.0,275.0,510,275,0,0,success
2,94,19,209654,375.0,275.0,510,275,5,0,success
2,94,20,209671,380.0,275.0,510,275,5,0,success
2,94,21,209686,385.0,275.0,510,275,5,0,success
2,94,22,209702,390.0,275.0,510,275,5,0,success
2,94,23,209718,395.0,275.0,510,275,5,0,success
2,94,24,209734,400.0,275.0,510,275,5,0,success
2,94,25,209750,405.0,275.0,510,275,5,0,success
2,94,26,209766,410.0,275.0,510,275,5,0,success
2,94,27,209782,415.0,275.0,510,275,5,0,success
2,94,28,209798,420.0,275.0,510,275,5,0,success
2,94,29,209814,425.0,275.0,510,275,5,0,success
2,94,30,209830,430.0,275.0,510,275,5,0,success
2,94,31,209846,435.0,275.0,510,275,5,0,success
2,94,32,209862,440.0,275.0,510,275,5,0,success
2,94,33,209878,445.0,275.0,510,275,5,0,success
2,94,34,209894,450.0,275.0,510,275,5,0,success
2,94,35,209910,455.0,275.0,510,275,5,0,success
2,94,36,209926,460.0,275.0,510,275,5,0,success
2,94,37,209943,465.0,275.0,510,275,5,0,success
2,94,38,209958,470.0,275.0,510,275,5,0,success
2,94,39,209974,475.0,275.0,510,275,5,0,success
2,94,40,209990,480.0,275.0,510,275,5,0,success
2,94,41,210005,485.0,275.0,510,275,5,0,success
2,94,42,210022,490.0,275.0,510,275,5,0,success
2,94,43,210039,495.0,275.0,510,275,5,0,success
2,94,44,210054,500.0,275.0,510,275,5,0,success
2,94,45,210071,505.0,275.0,510,275,5,0,success
2,95,0,211098,375.0,275.0,33,369,0,0,success
2,95,1,211114,375.0,275.0,33,369,0,0,success
2,95,2,211131,375.0,275.0,33,369,0,0,success
2,95,3,211146,375.0,275.0,33,369,0,0,success
2,95,4,211162,375.0,275.0,33,369,0,0,success
2,95,5,211179,375.0,275.0,33,369,0,0,success
2,95,6,211194,375.0,275.0,33,369,0,0,success
2,95,7,211211,375.0,275.0,33,369,0,0,success
2,95,8,211227,375.0,275.0,33,369,0,0,success
2,95,9,211243,375.0,275.0,33,369,0,0,success
2,95,10,211260,375.0,275.0,33,369,0,0,success
2,95,11,211275,375.0,275.0,33,369,0,0,success
2,95,12,211292,375.0,275.0,33,369,0,0,success
2,95,13,211307,375.0,275.0,33,369,0,0,success
2,95,14,211324,375.0,275.0,33,369,0,0,success
2,95,15,211341,375.0,275.0,33,369,0,0,success
2,95,16,211356,375.0,275.0,33,369,0,0,success
2,95,17,211372,375.0,275.0,33,369,0,0,success
2,95,18,211388,375.0,275.0,33,369,0,0,success
2,95,19,211405,375.0,275.0,33,369,0,0,success
2,95,20,211420,375.0,275.0,33,369,0,0,success
2,95,21,211436,375.0,275.0,33,369,0,0,success
2,95,22,211452,375.0,275.0,33,369,0,0,success
2,95,23,211468,375.0,275.0,33,369,0,0,success
2,95,24,211484,375.0,275.0,33,369,0,0,success
2,95,25,211500,375.0,275.0,33,369,0,0,success
2,95,26,211517,375.0,275.0,33,369,0,0,success
2,95,27,211532,375.0,275.0,33,369,0,0,success
2,95,28,211549,375.0,275.0,33,369,0,0,success
2,95,29,211564,375.0,275.0,33,369,0,0,success
2,95,30,211581,375.0,275.0,33,369,-5,0,success
2,95,31,211597,370.0,275.0,33,369,-5,0,success
2,95,32,211613,365.0,275.0,33,369,-5,0,success
2,95,33,211629,360.0,275.0,33,369,-5,0,success
2,95,34,211645,355.0,275.0,33,369,-5,0,success
2,95,35,211661,350.0,275.0,33,369,-5,0,success
2,95,36,211677,345.0,275.0,33,369,-5,0,success
2,95,37,211693,340.0,275.0,33,369,-5,0,success
2,95,38,211709,335.0,275.0,33,369,-5,0,success
2,95,39,211725,330.0,275.0,33,369,-5,5,success
2,95,40,211741,325.0,280.0,33,369,-5,5,success
2,95,41,211757,320.0,285.0,33,369,-5,5,success
2,95,42,211773,315.0,290.0,33,369,-5,5,success
2,95,43,211789,310.0,295.0,33,369,-5,5,success
2,95,44,211805,305.0,300.0,33,369,-5,0,success
2,95,45,211821,300.0,300.0,33,369,-5,0,success
2,95,46,211837,295.0,300.0,33,369,-5,0,success
2,95,47,211853,290.0,300.0,33,369,-5,0,success
2,95,48,211869,285.0,300.0,33,369,-5,0,success
2,95,49,211885,280.0,300.0,33,369,-5,0,success
2,95,50,211901,275.0,300.0,33,369,-5,0,success
2,95,51,211917,270.0,300.0,33,369,-5,5,success
2,95,52,211933,265.0,305.0,33,369,-5,5,success
2,95,53,211950,260.0,310.0,33,369,-5,5,success
2,95,54,211965,255.0,315.0,33,369,-5,5,success
2,95,55,211981,250.0,320.0,33,369,-5,5,success
2,95,56,211997,245.0,325.0,33,369,-5,5,success
2,95,57,212012,240.0,330.0,33,369,-5,5,success
2,95,58,212028,235.0,335.0,33,369,-5,5,success
2,95,59,212045,230.0,340.0,33,369,-5,5,success
2,95,60,212060,225.0,345.0,33,369,-5,5,success
2,95,61,212076,220.0,350.0,33,369,-5,5,success
2,95,62,212092,215.0,355.0,33,369,-5,5,success
2,95,63,212109,210.0,360.0,33,369,-5,5,success
2,95,64,212124,205.0,365.0,33,369,-5,5,success
2,95,65,212140,200.0,370.0,33,369,-5,5,success
2,95,66,212156,195.0,375.0,33,369,-5,0,success
2,95,67,212172,190.0,375.0,33,369,-5,0,success
2,95,68,212188,185.0,375.0,33,369,-5,0,success
2,95,69,212204,180.0,375.0,33,369,-5,0,success
2,95,70,212221,175.0,375.0,33,369,-5,0,success
2,95,71,212238,170.0,375.0,33,369,-5,0,success
2,95,72,212253,165.0,375.0,33,369,-5,0,success
2,95,73,212270,160.0,375.0,33,369,-5,0,success
2,95,74,212285,155.0,375.0,33,369,-5,0,success
2,95,75,212301,150.0,375.0,33,369,-5,0,success
2,95,76,212317,145.0,375.0,33,369,-5,0,success
2,95,77,212333,140.0,375.0,33,369,-5,0,success
2,95,78,212349,135.0,375.0,33,369,-5,0,success
2,95,79,212366,130.0,375.0,33,369,-5,0,success
2,95,80,212381,125.0,375.0,33,369,-5,0,success
2,95,81,212398,120.0,375.0,33,369,-5,0,success
2,95,82,212415,115.0,375.0,33,369,-5,0,success
2,95,83,212430,110.0,375.0,33,369,-5,0,success
2,95,84,212446,105.0,375.0,33,369,-5,0,success
2,95,85,212463,100.0,375.0,33,369,-5,0,success
2,95,86,212479,95.0,375.0,33,369,-5,0,success
2,95,87,212495,90.0,375.0,33,369,-5,0,success
2,95,88,212511,85.0,375.0,33,369,-5,0,success
2,95,89,212527,80.0,375.0,33,369,-5,0,success
2,95,90,212543,75.0,375.0,33,369,-5,0,success
2,95,91,212559,70.0,375.0,33,369,-5,0,success
2,95,92,212575,65.0,375.0,33,369,-5,0,success
2,95,93,212591,60.0,375.0,33,369,-5,0,success
2,95,94,212607,55.0,375.0,33,369,0,0,success
2,95,95,212623,55.0,375.0,33,369,0,0,success
2,95,96,212639,55.0,375.0,33,369,0,5,success
2,95,97,212655,55.0,380.0,33,369,0,5,success
2,95,98,212671,55.0,385.0,33,369,0,5,success
2,95,99,212687,55.0,390.0,33,369,0,0,success
2,95,100,212703,55.0,390.0,33,369,0,0,success
2,95,101,212719,55.0,390.0,33,369,0,0,success
2,95,102,212736,55.0,390.0,33,369,0,0,success
2,95,103,212751,55.0,390.0,33,369,0,0,success
2,95,104,212767,55.0,390.0,33,369,0,0,success
2,95,105,212783,55.0,390.0,33,369,0,0,success
2,95,106,212799,55.0,390.0,33,369,0,0,success
2,95,107,212815,55.0,390.0,33,369,0,0,success
2,95,108,212831,55.0,390.0,33,369,0,0,success
2,95,109,212847,55.0,390.0,33,369,0,0,success
2,95,110,212863,55.0,390.0,33,369,0,0,success
2,95,111,212879,55.0,390.0,33,369,0,0,success
2,95,112,212896,55.0,390.0,33,369,0,0,success
2,95,113,212912,55.0,390.0,33,369,0,0,success
2,95,114,212928,55.0,390.0,33,369,0,0,success
2,95,115,212945,55.0,390.0,33,369,0,0,success
2,95,116,212961,55.0,390.0,33,369,0,0,success
2,95,117,212977,55.0,390.0,33,369,0,0,success
2,95,118,212992,55.0,390.0,33,369,0,0,success
2,95,119,213007,55.0,390.0,33,369,0,0,success
2,95,120,213023,55.0,390.0,33,369,0,0,success
2,95,121,213039,55.0,390.0,33,369,0,-5,success
2,95,122,213055,55.0,385.0,33,369,0,-5,success
2,95,123,213071,55.0,380.0,33,369,0,-5,success
2,95,124,213087,55.0,375.0,33,369,0,-5,success
2,95,125,213104,55.0,370.0,33,369,0,-5,success
2,95,126,213119,55.0,365.0,33,369,0,-5,success
2,95,127,213135,55.0,360.0,33,369,0,0,success
2,95,128,213152,55.0,360.0,33,369,0,0,success
2,95,129,213167,55.0,360.0,33,369,0,0,success
2,95,130,213183,55.0,360.0,33,369,0,0,success
2,95,131,213200,55.0,360.0,33,369,0,0,success
2,95,132,213216,55.0,360.0,33,369,0,0,success
2,95,133,213231,55.0,360.0,33,369,0,0,success
2,95,134,213247,55.0,360.0,33,369,0,0,success
2,95,135,213263,55.0,360.0,33,369,0,0,success
2,95,136,213280,55.0,360.0,33,369,0,0,success
2,95,137,213295,55.0,360.0,33,369,0,0,success
2,95,138,213312,55.0,360.0,33,369,0,0,success
2,95,139,213328,55.0,360.0,33,369,-5,0,success
2,95,140,213344,50.0,360.0,33,369,-5,0,success
2,95,141,213361,45.0,360.0,33,369,-5,0,success
2,95,142,213377,40.0,360.0,33,369,-5,0,success
2,95,143,213394,35.0,360.0,33,369,0,0,success
2,95,144,213410,35.0,360.0,33,369,0,0,success
2,95,145,213426,35.0,360.0,33,369,0,0,success
2,95,146,213442,35.0,360.0,33,369,0,0,success
2,95,147,213458,35.0,360.0,33,369,0,0,success
2,95,148,213474,35.0,360.0,33,369,0,0,success
2,95,149,213490,35.0,360.0,33,369,0,0,success
2,95,150,213507,35.0,360.0,33,369,0,0,success
2,95,151,213522,35.0,360.0,33,369,0,0,success
2,95,152,213538,35.0,360.0,33,369,0,0,success
2,95,153,213554,35.0,360.0,33,369,0,0,success
2,95,154,213570,35.0,360.0,33,369,0,0,success
2,95,155,213586,35.0,360.0,33,369,0,0,success
2,95,156,213602,35.0,360.0,33,369,0,0,success
2,95,157,213618,35.0,360.0,33,369,0,0,success
2,95,158,213634,35.0,360.0,33,369,0,5,success
2,95,159,213650,35.0,365.0,33,369,0,5,success
2,96,0,214678,375.0,275.0,103,150,0,0,success
2,96,1,214695,375.0,275.0,103,150,0,0,success
2,96,2,214711,375.0,275.0,103,150,0,0,success
2,96,3,214727,375.0,275.0,103,150,0,0,success
2,96,4,214744,375.0,275.0,103,150,0,0,success
2,96,5,214760,375.0,275.0,103,150,0,0,success
2,96,6,214777,375.0,275.0,103,150,0,0,success
2,96,7,214792,375.0,275.0,103,150,0,0,success
2,96,8,214808,375.0,275.0,103,150,0,0,success
2,96,9,214824,375.0,275.0,103,150,0,0,success
2,96,10,214840,375.0,275.0,103,150,0,0,success
2,96,11,214856,375.0,275.0,103,150,0,0,success
2,96,12,214872,375.0,275.0,103,150,0,0,success
2,96,13,214889,375.0,275.0,103,150,0,0,success
2,96,14,214904,375.0,275.0,103,150,0,0,success
2,96,15,214920,375.0,275.0,103,150,0,0,success
2,96,16,214936,375.0,275.0,103,150,0,0,success
2,96,17,214953,375.0,275.0,103,150,0,0,success
2,96,18,214969,375.0,275.0,103,150,0,0,success
2,96,19,214985,375.0,275.0,103,150,0,0,success
2,96,20,215000,375.0,275.0,103,150,0,0,success
2,96,21,215016,375.0,275.0,103,150,0,0,success
2,96,22,215032,375.0,275.0,103,150,0,0,success
2,96,23,215049,375.0,275.0,103,150,0,0,success
2,96,24,215064,375.0,275.0,103,150,0,0,success
2,96,25,215081,375.0,275.0,103,150,0,0,success
2,96,26,215097,375.0,275.0,103,150,0,0,success
2,96,27,215113,375.0,275.0,103,150,0,0,success
2,96,28,215129,375.0,275.0,103,150,0,0,success
2,96,29,215145,375.0,275.0,103,150,0,0,success
2,96,30,215162,375.0,275.0,103,150,0,0,success
2,96,31,215177,375.0,275.0,103,150,0,0,success
2,96,32,215193,375.0,275.0,103,150,0,0,success
2,96,33,215210,375.0,275.0,103,150,0,0,success
2,96,34,215225,375.0,275.0,103,150,0,0,success
2,96,35,215241,375.0,275.0,103,150,-5,0,success
2,96,36,215257,370.0,275.0,103,150,-5,0,success
2,96,37,215274,365.0,275.0,103,150,-5,0,success
2,96,38,215289,360.0,275.0,103,150,-5,0,success
2,96,39,215305,355.0,275.0,103,150,-5,0,success
2,96,40,215321,350.0,275.0,103,150,-5,0,success
2,96,41,215337,345.0,275.0,103,150,-5,0,success
2,96,42,215353,340.0,275.0,103,150,-5,0,success
2,96,43,215369,335.0,275.0,103,150,-5,0,success
2,96,44,215385,330.0,275.0,103,150,-5,0,success
2,96,45,215402,325.0,275.0,103,150,-5,0,success
2,96,46,215419,320.0,275.0,103,150,-5,0,success
2,96,47,215434,315.0,275.0,103,150,-5,-5,success
2,96,48,215450,310.0,270.0,103,150,-5,-5,success
2,96,49,215466,305.0,265.0,103,150,-5,-5,success
2,96,50,215482,300.0,260.0,103,150,-5,-5,success
2,96,51,215499,295.0,255.0,103,150,-5,-5,success
2,96,52,215514,290.0,250.0,103,150,-5,-5,success
2,96,53,215530,285.0,245.0,103,150,-5,-5,success
2,96,54,215546,280.0,240.0,103,150,-5,-5,success
2,96,55,215562,275.0,235.0,103,150,-5,-5,success
2,96,56,215578,270.0,230.0,103,150,-5,-5,success
2,96,57,215594,265.0,225.0,103,150,-5,-5,success
2,96,58,215610,260.0,220.0,103,150,-5,-5,success
2,96,59,215626,255.0,215.0,103,150,-5,-5,success
2,96,60,215642,250.0,210.0,103,150,-5,-5,success
2,96,61,215658,245.0,205.0,103,150,-5,-5,success
2,96,62,215675,240.0,200.0,103,150,-5,0,success
2,96,63,215691,235.0,200.0,103,150,-5,0,success
2,96,64,215707,230.0,200.0,103,150,-5,0,success
2,96,65,215723,225.0,200.0,103,150,-5,0,success
2,96,66,215739,220.0,200.0,103,150,-5,0,success
2,96,67,215756,215.0,200.0,103,150,-5,0,success
2,96,68,215771,210.0,200.0,103,150,-5,0,success
2,96,69,215787,205.0,200.0,103,150,-5,0,success
2,96,70,215803,200.0,200.0,103,150,-5,0,success
2,96,71,215819,195.0,200.0,103,150,-5,0,success
2,96,72,215835,190.0,200.0,103,150,-5,0,success
2,96,73,215851,185.0,200.0,103,150,-5,0,success
2,96,74,215868,180.0,200.0,103,150,-5,0,success
2,96,75,215884,175.0,200.0,103,150,-5,0,success
2,96,76,215900,170.0,200.0,103,150,-5,0,success
2,96,77,215916,165.0,200.0,103,150,-5,0,success
2,96,78,215933,160.0,200.0,103,150,-5,0,success
2,96,79,215949,155.0,200.0,103,150,-5,0,success
2,96,80,215965,150.0,200.0,103,150,-5,0,success
2,96,81,215981,145.0,200.0,103,150,-5,0,success
2,96,82,215997,140.0,200.0,103,150,-5,0,success
2,96,83,216013,135.0,200.0,103,150,-5,0,success
2,96,84,216028,130.0,200.0,103,150,-5,0,success
2,96,85,216044,125.0,200.0,103,150,-5,-5,success
2,96,86,216060,120.0,195.0,103,150,-5,-5,success
2,96,87,216076,115.0,190.0,103,150,-5,-5,success
2,96,88,216093,110.0,185.0,103,150,-5,-5,success
2,96,89,216109,105.0,180.0,103,150,-5,-5,success
2,96,90,216125,100.0,175.0,103,150,0,0,success
2,96,91,216141,100.0,175.0,103,150,0,0,success
2,96,92,216157,100.0,175.0,103,150,0,0,success
2,96,93,216173,100.0,175.0,103,150,0,0,success
2,96,94,216190,100.0,175.0,103,150,0,0,success
2,96,95,216205,100.0,175.0,103,150,0,0,success
2,96,96,216221,100.0,175.0,103,150,0,0,success
2,96,97,216237,100.0,175.0,103,150,0,0,success
2,96,98,216253,100.0,175.0,103,150,0,0,success
2,96,99,216269,100.0,175.0,103,150,0,0,success
2,96,100,216285,100.0,175.0,103,150,0,0,success
2,96,101,216301,100.0,175.0,103,150,0,0,success
2,96,102,216317,100.0,175.0,103,150,0,0,success
2,96,103,216333,100.0,175.0,103,150,0,0,success
2,96,104,216349,100.0,175.0,103,150,0,0,success
2,96,105,216366,100.0,175.0,103,150,0,0,success
2,96,106,216382,100.0,175.0,103,150,0,0,success
2,96,107,216398,100.0,175.0,103,150,0,0,success
2,96,108,216414,100.0,175.0,103,150,0,0,success
2,96,109,216430,100.0,175.0,103,150,0,0,success
2,96,110,216447,100.0,175.0,103,150,0,0,success
2,96,111,216462,100.0,175.0,103,150,0,0,success
2,96,112,216478,100.0,175.0,103,150,5,0,success
2,96,113,216494,105.0,175.0,103,150,5,0,success
2,96,114,216510,110.0,175.0,103,150,0,0,success
2,96,115,216527,110.0,175.0,103,150,0,0,success
2,96,116,216542,110.0,175.0,103,150,0,0,success
2,96,117,216558,110.0,175.0,103,150,0,0,success
2,96,118,216574,110.0,175.0,103,150,0,0,success
2,96,119,216590,110.0,175.0,103,150,0,0,success
2,96,120,216607,110.0,175.0,103,150,0,0,success
2,96,121,216624,110.0,175.0,103,150,0,0,success
2,96,122,216639,110.0,175.0,103,150,0,0,success
2,96,123,216655,110.0,175.0,103,150,0,0,success
2,96,124,216672,110.0,175.0,103,150,0,0,success
2,96,125,216687,110.0,175.0,103,150,0,0,success
2,96,126,216704,110.0,175.0,103,150,0,0,success
2,96,127,216720,110.0,175.0,103,150,0,-5,success
2,97,0,217750,375.0,275.0,604,257,0,0,success
2,97,1,217767,375.0,275.0,604,257,0,0,success
2,97,2,217782,375.0,275.0,604,257,0,0,success
2,97,3,217799,375.0,275.0,604,257,0,0,success
2,97,4,217814,375.0,275.0,604,257,0,0,success
2,97,5,217831,375.0,275.0,604,257,0,0,success
2,97,6,217846,375.0,275.0,604,257,0,0,success
2,97,7,217863,375.0,275.0,604,257,0,0,success
2,97,8,217879,375.0,275.0,604,257,0,0,success
2,97,9,217895,375.0,275.0,604,257,0,0,success
2,97,10,217912,375.0,275.0,604,257,0,0,success
2,97,11,217928,375.0,275.0,604,257,0,0,success
2,97,12,217944,375.0,275.0,604,257,0,0,success
2,97,13,217960,375.0,275.0,604,257,0,0,success
2,97,14,217977,375.0,275.0,604,257,0,0,success
2,97,15,217992,375.0,275.0,604,257,0,0,success
2,97,16,218007,375.0,275.0,604,257,0,0,success
2,97,17,218024,375.0,275.0,604,257,0,0,success
2,97,18,218039,375.0,275.0,604,257,0,0,success
2,97,19,218055,375.0,275.0,604,257,0,0,success
2,97,20,218071,375.0,275.0,604,257,0,0,success
2,97,21,218087,375.0,275.0,604,257,0,0,success
2,97,22,218103,375.0,275.0,604,257,0,0,success
2,97,23,218119,375.0,275.0,604,257,0,0,success
2,97,24,218135,375.0,275.0,604,257,0,0,success
2,97,25,218151,375.0,275.0,604,257,0,0,success
2,97,26,218167,375.0,275.0,604,257,0,0,success
2,97,27,218184,375.0,275.0,604,257,0,0,success
2,97,28,218199,375.0,275.0,604,257,0,0,success
2,97,29,218215,375.0,275.0,604,257,5,0,success
2,97,30,218231,380.0,275.0,604,257,5,0,success
2,97,31,218248,385.0,275.0,604,257,5,0,success
2,97,32,218263,390.0,275.0,604,257,5,0,success
2,97,33,218279,395.0,275.0,604,257,5,0,success
2,97,34,218295,400.0,275.0,604,257,5,0,success
2,97,35,218311,405.0,275.0,604,257,5,0,success
2,97,36,218327,410.0,275.0,604,257,5,0,success
2,97,37,218343,415.0,275.0,604,257,5,0,success
2,97,38,218359,420.0,275.0,604,257,5,0,success
2,97,39,218375,425.0,275.0,604,257,5,0,success
2,97,40,218391,430.0,275.0,604,257,5,0,success
2,97,41,218407,435.0,275.0,604,257,5,0,success
2,97,42,218424,440.0,275.0,604,257,5,0,success
2,97,43,218439,445.0,275.0,604,257,5,0,success
2,97,44,218455,450.0,275.0,604,257,5,0,success
2,97,45,218471,455.0,275.0,604,257,5,0,success
2,97,46,218487,460.0,275.0,604,257,5,0,success
2,97,47,218503,465.0,275.0,604,257,5,0,success
2,97,48,218519,470.0,275.0,604,257,5,0,success
2,97,49,218535,475.0,275.0,604,257,5,0,success
2,97,50,218552,480.0,275.0,604,257,5,0,success
2,97,51,218567,485.0,275.0,604,257,5,0,success
2,97,52,218583,490.0,275.0,604,257,5,-5,success
2,97,53,218599,495.0,270.0,604,257,5,-5,success
2,97,54,218616,500.0,265.0,604,257,5,-5,success
2,97,55,218631,505.0,260.0,604,257,5,0,success
2,97,56,218647,510.0,260.0,604,257,5,0,success
2,97,57,218663,515.0,260.0,604,257,5,0,success
2,97,58,218680,520.0,260.0,604,257,5,0,success
2,97,59,218696,525.0,260.0,604,257,5,0,success
2,97,60,218712,530.0,260.0,604,257,5,0,success
2,97,61,218728,535.0,260.0,604,257,5,0,success
2,97,62,218744,540.0,260.0,604,257,5,0,success
2,97,63,218760,545.0,260.0,604,257,5,0,success
2,97,64,218777,550.0,260.0,604,257,5,0,success
2,97,65,218792,555.0,260.0,604,257,5,0,success
2,97,66,218808,560.0,260.0,604,257,5,0,success
2,97,67,218825,565.0,260.0,604,257,5,0,success
2,97,68,218841,570.0,260.0,604,257,5,0,success
2,97,69,218857,575.0,260.0,604,257,5,0,success
2,97,70,218873,580.0,260.0,604,257,5,0,success
2,97,71,218889,585.0,260.0,604,257,5,0,success
2,97,72,218906,590.0,260.0,604,257,5,0,success
2,97,73,218922,595.0,260.0,604,257,5,0,success
2,97,74,218937,600.0,260.0,604,257,5,0,success
2,98,0,219965,375.0,275.0,247,101,0,0,success
2,98,1,219981,375.0,275.0,247,101,0,0,success
2,98,2,219997,375.0,275.0,247,101,0,0,success
2,98,3,220012,375.0,275.0,247,101,0,0,success
2,98,4,220028,375.0,275.0,247,101,0,0,success
2,98,5,220044,375.0,275.0,247,101,0,0,success
2,98,6,220060,375.0,275.0,247,101,0,0,success
2,98,7,220076,375.0,275.0,247,101,0,0,success
2,98,8,220092,375.0,275.0,247,101,0,0,success
2,98,9,220109,375.0,275.0,247,101,0,0,success
2,98,10,220125,375.0,275.0,247,101,0,0,success
2,98,11,220141,375.0,275.0,247,101,0,0,success
2,98,12,220158,375.0,275.0,247,101,0,0,success
2,98,13,220174,375.0,275.0,247,101,0,0,success
2,98,14,220190,375.0,275.0,247,101,0,0,success
2,98,15,220206,375.0,275.0,247,101,0,0,success
2,98,16,220222,375.0,275.0,247,101,0,0,success
2,98,17,220238,375.0,275.0,247,101,0,0,success
2,98,18,220255,375.0,275.0,247,101,0,0,success
2,98,19,220270,375.0,275.0,247,101,0,0,success
2,98,20,220286,375.0,275.0,247,101,0,0,success
2,98,21,220302,375.0,275.0,247,101,0,0,success
2,98,22,220318,375.0,275.0,247,101,0,0,success
2,98,23,220334,375.0,275.0,247,101,0,0,success
2,98,24,220350,375.0,275.0,247,101,0,0,success
2,98,25,220366,375.0,275.0,247,101,0,0,success
2,98,26,220382,375.0,275.0,247,101,0,0,success
2,98,27,220399,375.0,275.0,247,101,0,0,success
2,98,28,220416,375.0,275.0,247,101,0,0,success
2,98,29,220431,375.0,275.0,247,101,0,0,success
2,98,30,220447,375.0,275.0,247,101,0,0,success
2,98,31,220463,375.0,275.0,247,101,0,0,success
2,98,32,220479,375.0,275.0,247,101,0,0,success
2,98,33,220495,375.0,275.0,247,101,0,0,success
2,98,34,220511,375.0,275.0,247,101,-5,0,success
2,98,35,220527,370.0,275.0,247,101,-5,0,success
2,98,36,220543,365.0,275.0,247,101,-5,0,success
2,98,37,220559,360.0,275.0,247,101,-5,0,success
2,98,38,220575,355.0,275.0,247,101,-5,0,success
2,98,39,220591,350.0,275.0,247,101,-5,0,success
2,98,40,220607,345.0,275.0,247,101,-5,0,success
2,98,41,220624,340.0,275.0,247,101,-5,0,success
2,98,42,220639,335.0,275.0,247,101,-5,0,success
2,98,43,220655,330.0,275.0,247,101,-5,0,success
2,98,44,220671,325.0,275.0,247,101,-5,0,success
2,98,45,220687,320.0,275.0,247,101,-5,-5,success
2,98,46,220703,315.0,270.0,247,101,-5,-5,success
2,98,47,220719,310.0,265.0,247,101,-5,-5,success
2,98,48,220735,305.0,260.0,247,101,-5,-5,success
2,98,49,220751,300.0,255.0,247,101,-5,-5,success
2,98,50,220767,295.0,250.0,247,101,-5,-5,success
2,98,51,220783,290.0,245.0,247,101,-5,-5,success
2,98,52,220799,285.0,240.0,247,101,0,-5,success
2,98,53,220815,285.0,235.0,247,101,0,-5,success
2,98,54,220831,285.0,230.0,247,101,0,-5,success
2,98,55,220848,285.0,225.0,247,101,0,-5,success
2,98,56,220863,285.0,220.0,247,101,0,-5,success
2,98,57,220880,285.0,215.0,247,101,0,-5,success
2,98,58,220896,285.0,210.0,247,101,0,-5,success
2,98,59,220913,285.0,205.0,247,101,0,-5,success
2,98,60,220928,285.0,200.0,247,101,0,-5,success
2,98,61,220944,285.0,195.0,247,101,0,-5,success
2,98,62,220960,285.0,190.0,247,101,0,-5,success
2,98,63,220976,285.0,185.0,247,101,0,-5,success
2,98,64,220992,285.0,180.0,247,101,0,-5,success
2,98,65,221008,285.0,175.0,247,101,0,-5,success
2,98,66,221024,285.0,170.0,247,101,0,-5,success
2,98,67,221040,285.0,165.0,247,101,0,-5,success
2,98,68,221057,285.0,160.0,247,101,0,-5,success
2,98,69,221073,285.0,155.0,247,101,0,-5,success
2,98,70,221089,285.0,150.0,247,101,0,-5,success
2,98,71,221105,285.0,145.0,247,101,0,-5,success
2,98,72,221121,285.0,140.0,247,101,0,-5,success
2,98,73,221137,285.0,135.0,247,101,0,-5,success
2,98,74,221153,285.0,130.0,247,101,0,-5,success
2,98,75,221169,285.0,125.0,247,101,0,-5,success
2,98,76,221185,285.0,120.0,247,101,0,-5,success
2,98,77,221201,285.0,115.0,247,101,0,-5,success
2,98,78,221217,285.0,110.0,247,101,0,-5,success
2,98,79,221234,285.0,105.0,247,101,0,-5,success
2,98,80,221249,285.0,100.0,247,101,0,0,success
2,98,81,221265,285.0,100.0,247,101,0,0,success
2,98,82,221281,285.0,100.0,247,101,0,0,success
2,98,83,221298,285.0,100.0,247,101,-5,0,success
2,98,84,221315,280.0,100.0,247,101,-5,0,success
2,98,85,221330,275.0,100.0,247,101,-5,0,success
2,98,86,221346,270.0,100.0,247,101,-5,0,success
2,98,87,221362,265.0,100.0,247,101,-5,0,success
2,98,88,221379,260.0,100.0,247,101,-5,0,success
2,98,89,221396,255.0,100.0,247,101,0,0,success
2,98,90,221412,255.0,100.0,247,101,0,0,success
2,98,91,221429,255.0,100.0,247,101,0,0,success
2,98,92,221445,255.0,100.0,247,101,0,0,success
2,98,93,221461,255.0,100.0,247,101,0,0,success
2,98,94,221478,255.0,100.0,247,101,0,0,success
2,98,95,221493,255.0,100.0,247,101,0,0,success
2,98,96,221510,255.0,100.0,247,101,0,0,success
2,98,97,221525,255.0,100.0,247,101,0,0,success
2,98,98,221541,255.0,100.0,247,101,0,0,success
2,98,99,221557,255.0,100.0,247,101,0,0,success
2,98,100,221573,255.0,100.0,247,101,0,0,success
2,98,101,221589,255.0,100.0,247,101,0,0,success
2,98,102,221605,255.0,100.0,247,101,0,0,success
2,98,103,221621,255.0,100.0,247,101,0,0,success
2,98,104,221637,255.0,100.0,247,101,0,0,success
2,98,105,221653,255.0,100.0,247,101,0,0,success
2,98,106,221669,255.0,100.0,247,101,0,0,success
2,98,107,221933,255.0,100.0,247,101,0,0,success
2,98,108,221948,255.0,100.0,247,101,0,0,success
2,98,109,221964,255.0,100.0,247,101,0,0,success
2,98,110,221980,255.0,100.0,247,101,0,0,success
2,98,111,221996,255.0,100.0,247,101,0,0,success
2,98,112,222011,255.0,100.0,247,101,0,0,success
2,98,113,222027,255.0,100.0,247,101,0,0,success
2,98,114,222044,255.0,100.0,247,101,0,0,success
2,98,115,222061,255.0,100.0,247,101,0,0,success
2,98,116,222077,255.0,100.0,247,101,0,0,success
2,98,117,222094,255.0,100.0,247,101,0,0,success
2,98,118,222109,255.0,100.0,247,101,0,0,success
2,98,119,222125,255.0,100.0,247,101,0,0,success
2,98,120,222141,255.0,100.0,247,101,0,0,success
2,98,121,222157,255.0,100.0,247,101,0,0,success
2,98,122,222173,255.0,100.0,247,101,0,0,success
2,98,123,222189,255.0,100.0,247,101,0,0,success
2,98,124,222205,255.0,100.0,247,101,0,0,success
2,98,125,222221,255.0,100.0,247,101,0,0,success
2,98,126,222237,255.0,100.0,247,101,0,0,success
2,98,127,222253,255.0,100.0,247,101,0,0,success
2,98,128,222269,255.0,100.0,247,101,0,0,success
2,98,129,222285,255.0,100.0,247,101,0,0,success
2,98,130,222302,255.0,100.0,247,101,0,0,success
2,98,131,222317,255.0,100.0,247,101,0,0,success
2,98,132,222333,255.0,100.0,247,101,0,0,success
2,98,133,222349,255.0,100.0,247,101,0,0,success
2,98,134,222366,255.0,100.0,247,101,0,0,success
2,98,135,222383,255.0,100.0,247,101,0,0,success
2,98,136,222400,255.0,100.0,247,101,0,5,success
2,99,0,223429,375.0,275.0,151,526,0,0,out_of_bounds
2,99,1,223445,375.0,275.0,151,526,0,0,out_of_bounds
2,99,2,223461,375.0,275.0,151,526,0,0,out_of_bounds
2,99,3,223477,375.0,275.0,151,526,0,0,out_of_bounds
2,99,4,223493,375.0,275.0,151,526,0,0,out_of_bounds
2,99,5,223509,375.0,275.0,151,526,0,0,out_of_bounds
2,99,6,223525,375.0,275.0,151,526,0,0,out_of_bounds
2,99,7,223541,375.0,275.0,151,526,0,0,out_of_bounds
2,99,8,223558,375.0,275.0,151,526,0,0,out_of_bounds
2,99,9,223573,375.0,275.0,151,526,0,0,out_of_bounds
2,99,10,223589,375.0,275.0,151,526,0,0,out_of_bounds
2,99,11,223605,375.0,275.0,151,526,0,0,out_of_bounds
2,99,12,223622,375.0,275.0,151,526,0,0,out_of_bounds
2,99,13,223638,375.0,275.0,151,526,0,0,out_of_bounds
2,99,14,223654,375.0,275.0,151,526,0,0,out_of_bounds
2,99,15,223670,375.0,275.0,151,526,0,0,out_of_bounds
2,99,16,223686,375.0,275.0,151,526,0,0,out_of_bounds
2,99,17,223702,375.0,275.0,151,526,0,0,out_of_bounds
2,99,18,223718,375.0,275.0,151,526,0,0,out_of_bounds
2,99,19,223735,375.0,275.0,151,526,0,0,out_of_bounds
2,99,20,223751,375.0,275.0,151,526,0,0,out_of_bounds
2,99,21,223768,375.0,275.0,151,526,0,0,out_of_bounds
2,99,22,223784,375.0,275.0,151,526,0,0,out_of_bounds
2,99,23,223800,375.0,275.0,151,526,0,0,out_of_bounds
2,99,24,223817,375.0,275.0,151,526,0,0,out_of_bounds
2,99,25,223834,375.0,275.0,151,526,0,0,out_of_bounds
2,99,26,223849,375.0,275.0,151,526,0,0,out_of_bounds
2,99,27,223865,375.0,275.0,151,526,0,0,out_of_bounds
2,99,28,223881,375.0,275.0,151,526,0,0,out_of_bounds
2,99,29,223898,375.0,275.0,151,526,0,0,out_of_bounds
2,99,30,223914,375.0,275.0,151,526,0,0,out_of_bounds
2,99,31,223930,375.0,275.0,151,526,0,0,out_of_bounds
2,99,32,223946,375.0,275.0,151,526,0,0,out_of_bounds
2,99,33,223962,375.0,275.0,151,526,0,5,out_of_bounds
2,99,34,223978,375.0,280.0,151,526,0,5,out_of_bounds
2,99,35,223994,375.0,285.0,151,526,0,5,out_of_bounds
2,99,36,224009,375.0,290.0,151,526,0,5,out_of_bounds
2,99,37,224025,375.0,295.0,151,526,0,5,out_of_bounds
2,99,38,224041,375.0,300.0,151,526,0,5,out_of_bounds
2,99,39,224057,375.0,305.0,151,526,0,5,out_of_bounds
2,99,40,224073,375.0,310.0,151,526,0,5,out_of_bounds
2,99,41,224089,375.0,315.0,151,526,0,5,out_of_bounds
2,99,42,224106,375.0,320.0,151,526,0,5,out_of_bounds
2,99,43,224121,375.0,325.0,151,526,0,5,out_of_bounds
2,99,44,224137,375.0,330.0,151,526,0,5,out_of_bounds
2,99,45,224153,375.0,335.0,151,526,0,5,out_of_bounds
2,99,46,224169,375.0,340.0,151,526,0,5,out_of_bounds
2,99,47,224186,375.0,345.0,151,526,0,5,out_of_bounds
2,99,48,224202,375.0,350.0,151,526,0,5,out_of_bounds
2,99,49,224217,375.0,355.0,151,526,0,5,out_of_bounds
2,99,50,224233,375.0,360.0,151,526,0,5,out_of_bounds
2,99,51,224249,375.0,365.0,151,526,0,5,out_of_bounds
2,99,52,224265,375.0,370.0,151,526,0,5,out_of_bounds
2,99,53,224281,375.0,375.0,151,526,0,5,out_of_bounds
2,99,54,224298,375.0,380.0,151,526,0,5,out_of_bounds
2,99,55,224314,375.0,385.0,151,526,0,5,out_of_bounds
2,99,56,224330,375.0,390.0,151,526,-5,5,out_of_bounds
2,99,57,224346,370.0,395.0,151,526,-5,5,out_of_bounds
2,99,58,224362,365.0,400.0,151,526,-5,5,out_of_bounds
2,99,59,224378,360.0,405.0,151,526,-5,5,out_of_bounds
2,99,60,224395,355.0,410.0,151,526,-5,5,out_of_bounds
2,99,61,224411,350.0,415.0,151,526,-5,5,out_of_bounds
2,99,62,224427,345.0,420.0,151,526,-5,5,out_of_bounds
2,99,63,224443,340.0,425.0,151,526,-5,5,out_of_bounds
2,99,64,224460,335.0,430.0,151,526,-5,5,out_of_bounds
2,99,65,224475,330.0,435.0,151,526,-5,5,out_of_bounds
2,99,66,224491,325.0,440.0,151,526,-5,5,out_of_bounds
2,99,67,224507,320.0,445.0,151,526,-5,5,out_of_bounds
2,99,68,224524,315.0,450.0,151,526,-5,5,out_of_bounds
2,99,69,224539,310.0,455.0,151,526,-5,5,out_of_bounds
2,99,70,224555,305.0,460.0,151,526,-5,5,out_of_bounds
2,99,71,224571,300.0,465.0,151,526,-5,5,out_of_bounds
2,99,72,224587,295.0,470.0,151,526,-5,5,out_of_bounds
2,99,73,224604,290.0,475.0,151,526,-5,5,out_of_bounds
2,99,74,224621,285.0,480.0,151,526,-5,5,out_of_bounds
2,99,75,224637,280.0,485.0,151,526,-5,5,out_of_bounds
2,99,76,224670,275.0,490.0,151,526,-5,5,out_of_bounds
2,99,77,224687,270.0,495.0,151,526,-5,5,out_of_bounds
2,99,78,224703,265.0,500.0,151,526,-5,5,out_of_bounds
2,99,79,224719,260.0,505.0,151,526,-5,5,out_of_bounds
2,99,80,224735,255.0,510.0,151,526,-5,5,out_of_bounds
2,99,81,224751,250.0,515.0,151,526,-5,5,out_of_bounds
2,99,82,224767,245.0,520.0,151,526,-5,5,out_of_bounds
2,99,83,224783,240.0,525.0,151,526,-5,5,out_of_bounds
2,99,84,224800,235.0,530.0,151,526,-5,5,out_of_bounds
2,99,85,224816,230.0,535.0,151,526,-5,5,out_of_bounds
2,99,86,224832,225.0,540.0,151,526,-5,5,out_of_bounds
2,99,87,224848,220.0,545.0,151,526,-5,5,out_of_bounds
2,99,88,224865,215.0,550.0,151,526,-5,5,out_of_bounds
2,100,0,225894,375.0,275.0,302,58,0,0,success
2,100,1,225910,375.0,275.0,302,58,0,0,success
2,100,2,225926,375.0,275.0,302,58,0,0,success
2,100,3,225942,375.0,275.0,302,58,0,0,success
2,100,4,225958,375.0,275.0,302,58,0,0,success
2,100,5,225974,375.0,275.0,302,58,0,0,success
2,100,6,225990,375.0,275.0,302,58,0,0,success
2,100,7,226005,375.0,275.0,302,58,0,0,success
2,100,8,226022,375.0,275.0,302,58,0,0,success
2,100,9,226037,375.0,275.0,302,58,0,0,success
2,100,10,226053,375.0,275.0,302,58,0,0,success
2,100,11,226069,375.0,275.0,302,58,0,0,success
2,100,12,226085,375.0,275.0,302,58,0,0,success
2,100,13,226102,375.0,275.0,302,58,0,0,success
2,100,14,226117,375.0,275.0,302,58,0,0,success
2,100,15,226133,375.0,275.0,302,58,0,0,success
2,100,16,226149,375.0,275.0,302,58,0,0,success
2,100,17,226165,375.0,275.0,302,58,0,0,success
2,100,18,226181,375.0,275.0,302,58,0,0,success
2,100,19,226197,375.0,275.0,302,58,0,0,success
2,100,20,226214,375.0,275.0,302,58,0,0,success
2,100,21,226230,375.0,275.0,302,58,0,0,success
2,100,22,226246,375.0,275.0,302,58,0,0,success
2,100,23,226262,375.0,275.0,302,58,0,0,success
2,100,24,226278,375.0,275.0,302,58,0,0,success
2,100,25,226294,375.0,275.0,302,58,0,0,success
2,100,26,226310,375.0,275.0,302,58,0,0,success
2,100,27,226326,375.0,275.0,302,58,0,0,success
2,100,28,226342,375.0,275.0,302,58,0,0,success
2,100,29,226358,375.0,275.0,302,58,0,0,success
2,100,30,226374,375.0,275.0,302,58,0,0,success
2,100,31,226390,375.0,275.0,302,58,0,0,success
2,100,32,226406,375.0,275.0,302,58,0,0,success
2,100,33,226423,375.0,275.0,302,58,0,0,success
2,100,34,226440,375.0,275.0,302,58,0,0,success
2,100,35,226455,375.0,275.0,302,58,0,0,success
2,100,36,226472,375.0,275.0,302,58,-5,0,success
2,100,37,226487,370.0,275.0,302,58,-5,0,success
2,100,38,226503,365.0,275.0,302,58,-5,0,success
2,100,39,226519,360.0,275.0,302,58,-5,0,success
2,100,40,226536,355.0,275.0,302,58,-5,0,success
2,100,41,226552,350.0,275.0,302,58,-5,0,success
2,100,42,226567,345.0,275.0,302,58,-5,0,success
2,100,43,226583,340.0,275.0,302,58,-5,0,success
2,100,44,226599,335.0,275.0,302,58,-5,0,success
2,100,45,226615,330.0,275.0,302,58,-5,0,success
2,100,46,226631,325.0,275.0,302,58,-5,0,success
2,100,47,226647,320.0,275.0,302,58,-5,0,success
2,100,48,226663,315.0,275.0,302,58,-5,0,success
2,100,49,226679,310.0,275.0,302,58,-5,0,success
2,100,50,226695,305.0,275.0,302,58,0,0,success
2,100,51,226712,305.0,275.0,302,58,0,-5,success
2,100,52,226727,305.0,270.0,302,58,0,-5,success
2,100,53,226744,305.0,265.0,302,58,0,-5,success
2,100,54,226761,305.0,260.0,302,58,0,-5,success
2,100,55,226776,305.0,255.0,302,58,0,-5,success
2,100,56,226793,305.0,250.0,302,58,0,-5,success
2,100,57,226808,305.0,245.0,302,58,0,-5,success
2,100,58,226824,305.0,240.0,302,58,0,-5,success
2,100,59,226840,305.0,235.0,302,58,0,-5,success
2,100,60,226856,305.0,230.0,302,58,0,-5,success
2,100,61,226872,305.0,225.0,302,58,0,-5,success
2,100,62,226888,305.0,220.0,302,58,0,-5,success
2,100,63,226904,305.0,215.0,302,58,0,-5,success
2,100,64,226920,305.0,210.0,302,58,0,-5,success
2,100,65,226936,305.0,205.0,302,58,0,-5,success
2,100,66,226952,305.0,200.0,302,58,0,-5,success
2,100,67,226968,305.0,195.0,302,58,0,-5,success
2,100,68,226984,305.0,190.0,302,58,0,-5,success
2,100,69,227000,305.0,185.0,302,58,0,-5,success
2,100,70,227016,305.0,180.0,302,58,0,-5,success
2,100,71,227033,305.0,175.0,302,58,0,-5,success
2,100,72,227049,305.0,170.0,302,58,0,-5,success
2,100,73,227065,305.0,165.0,302,58,0,-5,success
2,100,74,227081,305.0,160.0,302,58,0,-5,success
2,100,75,227098,305.0,155.0,302,58,0,-5,success
2,100,76,227113,305.0,150.0,302,58,0,-5,success
2,100,77,227129,305.0,145.0,302,58,0,-5,success
2,100,78,227145,305.0,140.0,302,58,0,-5,success
2,100,79,227161,305.0,135.0,302,58,0,-5,success
2,100,80,227178,305.0,130.0,302,58,0,-5,success
2,100,81,227194,305.0,125.0,302,58,0,-5,success
2,100,82,227210,305.0,120.0,302,58,0,-5,success
2,100,83,227227,305.0,115.0,302,58,0,-5,success
2,100,84,227244,305.0,110.0,302,58,0,-5,success
2,100,85,227260,305.0,105.0,302,58,0,-5,success
2,100,86,227276,305.0,100.0,302,58,0,-5,success
2,100,87,227292,305.0,95.0,302,58,0,-5,success
2,100,88,227308,305.0,90.0,302,58,0,-5,success
2,100,89,227325,305.0,85.0,302,58,0,-5,success
2,100,90,227340,305.0,80.0,302,58,0,-5,success
2,101,0,228369,375.0,275.0,564,96,0,0,success
2,101,1,228386,375.0,275.0,564,96,0,0,success
2,101,2,228403,375.0,275.0,564,96,0,0,success
2,101,3,228419,375.0,275.0,564,96,0,0,success
2,101,4,228435,375.0,275.0,564,96,0,0,success
2,101,5,228451,375.0,275.0,564,96,0,0,success
2,101,6,228467,375.0,275.0,564,96,0,0,success
2,101,7,228483,375.0,275.0,564,96,0,0,success
2,101,8,228499,375.0,275.0,564,96,0,0,success
2,101,9,228515,375.0,275.0,564,96,0,0,success
2,101,10,228531,375.0,275.0,564,96,0,0,success
2,101,11,228547,375.0,275.0,564,96,0,0,success
2,101,12,228563,375.0,275.0,564,96,0,0,success
2,101,13,228580,375.0,275.0,564,96,0,0,success
2,101,14,228596,375.0,275.0,564,96,0,0,success
2,101,15,228612,375.0,275.0,564,96,0,0,success
2,101,16,228628,375.0,275.0,564,96,0,0,success
2,101,17,228645,375.0,275.0,564,96,0,0,success
2,101,18,228660,375.0,275.0,564,96,0,0,success
2,101,19,228676,375.0,275.0,564,96,0,0,success
2,101,20,228692,375.0,275.0,564,96,0,0,success
2,101,21,228708,375.0,275.0,564,96,0,0,success
2,101,22,228725,375.0,275.0,564,96,0,0,success
2,101,23,228740,375.0,275.0,564,96,0,0,success
2,101,24,228756,375.0,275.0,564,96,0,0,success
2,101,25,228772,375.0,275.0,564,96,0,0,success
2,101,26,228788,375.0,275.0,564,96,0,0,success
2,101,27,228805,375.0,275.0,564,96,0,0,success
2,101,28,228821,375.0,275.0,564,96,5,0,success
2,101,29,228837,380.0,275.0,564,96,5,0,success
2,101,30,228854,385.0,275.0,564,96,5,0,success
2,101,31,228870,390.0,275.0,564,96,5,0,success
2,101,32,228886,395.0,275.0,564,96,5,0,success
2,101,33,228902,400.0,275.0,564,96,5,0,success
2,101,34,228918,405.0,275.0,564,96,5,0,success
2,101,35,228934,410.0,275.0,564,96,5,0,success
2,101,36,228950,415.0,275.0,564,96,5,0,success
2,101,37,228966,420.0,275.0,564,96,5,0,success
2,101,38,228982,425.0,275.0,564,96,5,0,success
2,101,39,228998,430.0,275.0,564,96,5,0,success
2,101,40,229014,435.0,275.0,564,96,5,0,success
2,101,41,229030,440.0,275.0,564,96,5,-5,success
2,101,42,229047,445.0,270.0,564,96,5,-5,success
2,101,43,229062,450.0,265.0,564,96,5,-5,success
2,101,44,229078,455.0,260.0,564,96,5,-5,success
2,101,45,229094,460.0,255.0,564,96,5,-5,success
2,101,46,229111,465.0,250.0,564,96,5,-5,success
2,101,47,229128,470.0,245.0,564,96,5,-5,success
2,101,48,229143,475.0,240.0,564,96,5,-5,success
2,101,49,229159,480.0,235.0,564,96,5,-5,success
2,101,50,229175,485.0,230.0,564,96,5,-5,success
2,101,51,229192,490.0,225.0,564,96,5,-5,success
2,101,52,229208,495.0,220.0,564,96,5,-5,success
2,101,53,229224,500.0,215.0,564,96,5,-5,success
2,101,54,229240,505.0,210.0,564,96,5,-5,success
2,101,55,229256,510.0,205.0,564,96,5,-5,success
2,101,56,229272,515.0,200.0,564,96,5,-5,success
2,101,57,229288,520.0,195.0,564,96,5,-5,success
2,101,58,229304,525.0,190.0,564,96,5,-5,success
2,101,59,229320,530.0,185.0,564,96,5,-5,success
2,101,60,229337,535.0,180.0,564,96,5,-5,success
2,101,61,229352,540.0,175.0,564,96,5,-5,success
2,101,62,229368,545.0,170.0,564,96,5,-5,success
2,101,63,229385,550.0,165.0,564,96,5,-5,success
2,101,64,229402,555.0,160.0,564,96,5,-5,success
2,101,65,229418,560.0,155.0,564,96,5,-5,success
2,101,66,229435,565.0,150.0,564,96,5,-5,success
2,101,67,229451,570.0,145.0,564,96,0,-5,success
2,101,68,229467,570.0,140.0,564,96,0,-5,success
2,101,69,229483,570.0,135.0,564,96,0,-5,success
2,101,70,229499,570.0,130.0,564,96,0,-5,success
2,101,71,229515,570.0,125.0,564,96,0,-5,success
2,101,72,229531,570.0,120.0,564,96,0,-5,success
2,102,0,230560,375.0,275.0,250,106,0,0,success
2,102,1,230576,375.0,275.0,250,106,0,0,success
2,102,2,230592,375.0,275.0,250,106,0,0,success
2,102,3,230608,375.0,275.0,250,106,0,0,success
2,102,4,230624,375.0,275.0,250,106,0,0,success
2,102,5,230640,375.0,275.0,250,106,0,0,success
2,102,6,230656,375.0,275.0,250,106,0,0,success
2,102,7,230672,375.0,275.0,250,106,0,0,success
2,102,8,230688,375.0,275.0,250,106,0,0,success
2,102,9,230704,375.0,275.0,250,106,0,0,success
2,102,10,230720,375.0,275.0,250,106,0,0,success
2,102,11,230736,375.0,275.0,250,106,0,0,success
2,102,12,230752,375.0,275.0,250,106,0,0,success
2,102,13,230768,375.0,275.0,250,106,0,0,success
2,102,14,230784,375.0,275.0,250,106,0,0,success
2,102,15,230800,375.0,275.0,250,106,0,0,success
2,102,16,230816,375.0,275.0,250,106,0,0,success
2,102,17,230832,375.0,275.0,250,106,0,0,success
2,102,18,230848,375.0,275.0,250,106,0,0,success
2,102,19,230864,375.0,275.0,250,106,0,0,success
2,102,20,230881,375.0,275.0,250,106,0,0,success
2,102,21,230896,375.0,275.0,250,106,0,0,success
2,102,22,230912,375.0,275.0,250,106,0,0,success
2,102,23,230928,375.0,275.0,250,106,0,0,success
2,102,24,230944,375.0,275.0,250,106,0,0,success
2,102,25,230960,375.0,275.0,250,106,0,0,success
2,102,26,230977,375.0,275.0,250,106,0,0,success
2,102,27,230992,375.0,275.0,250,106,0,0,success
2,102,28,231007,375.0,275.0,250,106,0,0,success
2,102,29,231023,375.0,275.0,250,106,0,0,success
2,102,30,231039,375.0,275.0,250,106,0,0,success
2,102,31,231055,375.0,275.0,250,106,0,0,success
2,102,32,231071,375.0,275.0,250,106,-5,0,success
2,102,33,231088,370.0,275.0,250,106,-5,0,success
2,102,34,231104,365.0,275.0,250,106,-5,0,success
2,102,35,231119,360.0,275.0,250,106,-5,0,success
2,102,36,231135,355.0,275.0,250,106,-5,0,success
2,102,37,231151,350.0,275.0,250,106,-5,0,success
2,102,38,231167,345.0,275.0,250,106,-5,0,success
2,102,39,231183,340.0,275.0,250,106,-5,0,success
2,102,40,231200,335.0,275.0,250,106,-5,0,success
2,102,41,231217,330.0,275.0,250,106,-5,-5,success
2,102,42,231232,325.0,270.0,250,106,-5,-5,success
2,102,43,231248,320.0,265.0,250,106,-5,-5,success
2,102,44,231264,315.0,260.0,250,106,-5,-5,success
2,102,45,231281,310.0,255.0,250,106,-5,-5,success
2,102,46,231297,305.0,250.0,250,106,-5,-5,success
2,102,47,231313,300.0,245.0,250,106,-5,-5,success
2,102,48,231329,295.0,240.0,250,106,-5,-5,success
2,102,49,231345,290.0,235.0,250,106,-5,-5,success
2,102,50,231361,285.0,230.0,250,106,-5,-5,success
2,102,51,231378,280.0,225.0,250,106,-5,-5,success
2,102,52,231395,275.0,220.0,250,106,-5,-5,success
2,102,53,231410,270.0,215.0,250,106,-5,-5,success
2,102,54,231426,265.0,210.0,250,106,-5,-5,success
2,102,55,231443,260.0,205.0,250,106,-5,-5,success
2,102,56,231458,255.0,200.0,250,106,-5,-5,success
2,102,57,231474,250.0,195.0,250,106,-5,0,success
2,102,58,231491,245.0,195.0,250,106,-5,0,success
2,102,59,231508,240.0,195.0,250,106,-5,0,success
2,102,60,231524,235.0,195.0,250,106,-5,0,success
2,102,61,231541,230.0,195.0,250,106,-5,0,success
2,102,62,231557,225.0,195.0,250,106,0,0,success
2,102,63,231573,225.0,195.0,250,106,0,0,success
2,102,64,231589,225.0,195.0,250,106,0,0,success
2,102,65,231605,225.0,195.0,250,106,0,0,success
2,102,66,231621,225.0,195.0,250,106,0,0,success
2,102,67,231638,225.0,195.0,250,106,0,0,success
2,102,68,231653,225.0,195.0,250,106,0,0,success
2,102,69,231669,225.0,195.0,250,106,0,0,success
2,102,70,231685,225.0,195.0,250,106,0,0,success
2,102,71,231701,225.0,195.0,250,106,0,0,success
2,102,72,231717,225.0,195.0,250,106,0,0,success
2,102,73,231733,225.0,195.0,250,106,0,0,success
2,102,74,231749,225.0,195.0,250,106,0,0,success
2,102,75,231765,225.0,195.0,250,106,0,0,success
2,102,76,231782,225.0,195.0,250,106,0,0,success
2,102,77,231798,225.0,195.0,250,106,0,0,success
2,102,78,231814,225.0,195.0,250,106,0,0,success
2,102,79,231831,225.0,195.0,250,106,0,0,success
2,102,80,231846,225.0,195.0,250,106,5,0,success
2,102,81,231862,230.0,195.0,250,106,5,0,success
2,102,82,231879,235.0,195.0,250,106,5,0,success
2,102,83,231894,240.0,195.0,250,106,5,0,success
2,102,84,231910,245.0,195.0,250,106,5,0,success
2,102,85,231926,250.0,195.0,250,106,0,0,success
2,102,86,231942,250.0,195.0,250,106,0,0,success
2,102,87,231959,250.0,195.0,250,106,0,0,success
2,102,88,231975,250.0,195.0,250,106,0,0,success
2,102,89,231991,250.0,195.0,250,106,0,0,success
2,102,90,232006,250.0,195.0,250,106,0,0,success
2,102,91,232023,250.0,195.0,250,106,0,0,success
2,102,92,232038,250.0,195.0,250,106,0,-5,success
2,102,93,232054,250.0,190.0,250,106,0,-5,success
2,102,94,232070,250.0,185.0,250,106,0,-5,success
2,102,95,232086,250.0,180.0,250,106,0,-5,success
2,102,96,232102,250.0,175.0,250,106,0,-5,success
2,102,97,232118,250.0,170.0,250,106,0,-5,success
2,102,98,232134,250.0,165.0,250,106,0,-5,success
2,102,99,232150,250.0,160.0,250,106,0,-5,success
2,102,100,232167,250.0,155.0,250,106,0,-5,success
2,102,101,232183,250.0,150.0,250,106,0,-5,success
2,102,102,232198,250.0,145.0,250,106,0,-5,success
2,102,103,232214,250.0,140.0,250,106,0,-5,success
2,102,104,232230,250.0,135.0,250,106,0,-5,success
2,102,105,232246,250.0,130.0,250,106,0,-5,success
2,103,0,233273,375.0,275.0,320,421,0,0,success
2,103,1,233289,375.0,275.0,320,421,0,0,success
2,103,2,233306,375.0,275.0,320,421,0,0,success
2,103,3,233322,375.0,275.0,320,421,0,0,success
2,103,4,233338,375.0,275.0,320,421,0,0,success
2,103,5,233354,375.0,275.0,320,421,0,0,success
2,103,6,233370,375.0,275.0,320,421,0,0,success
2,103,7,233386,375.0,275.0,320,421,0,0,success
2,103,8,233403,375.0,275.0,320,421,0,0,success
2,103,9,233419,375.0,275.0,320,421,0,0,success
2,103,10,233435,375.0,275.0,320,421,0,0,success
2,103,11,233452,375.0,275.0,320,421,0,0,success
2,103,12,233467,375.0,275.0,320,421,0,0,success
2,103,13,233483,375.0,275.0,320,421,0,0,success
2,103,14,233499,375.0,275.0,320,421,0,0,success
2,103,15,233515,375.0,275.0,320,421,0,0,success
2,103,16,233531,375.0,275.0,320,421,0,0,success
2,103,17,233547,375.0,275.0,320,421,0,0,success
2,103,18,233563,375.0,275.0,320,421,0,0,success
2,103,19,233579,375.0,275.0,320,421,0,0,success
2,103,20,233595,375.0,275.0,320,421,0,0,success
2,103,21,233611,375.0,275.0,320,421,0,0,success
2,103,22,233627,375.0,275.0,320,421,0,0,success
2,103,23,233644,375.0,275.0,320,421,0,0,success
2,103,24,233661,375.0,275.0,320,421,0,0,success
2,103,25,233676,375.0,275.0,320,421,0,0,success
2,103,26,233692,375.0,275.0,320,421,0,0,success
2,103,27,233708,375.0,275.0,320,421,0,0,success
2,103,28,233724,375.0,275.0,320,421,0,0,success
2,103,29,233740,375.0,275.0,320,421,0,0,success
2,103,30,233756,375.0,275.0,320,421,0,0,success
2,103,31,233772,375.0,275.0,320,421,0,0,success
2,103,32,233788,375.0,275.0,320,421,0,0,success
2,103,33,233804,375.0,275.0,320,421,0,0,success
2,103,34,233821,375.0,275.0,320,421,0,0,success
2,103,35,233838,375.0,275.0,320,421,0,0,success
2,103,36,233855,375.0,275.0,320,421,0,0,success
2,103,37,233871,375.0,275.0,320,421,0,0,success
2,103,38,233886,375.0,275.0,320,421,0,0,success
2,103,39,233902,375.0,275.0,320,421,0,5,success
2,103,40,233918,375.0,280.0,320,421,0,5,success
2,103,41,233934,375.0,285.0,320,421,0,5,success
2,103,42,233950,375.0,290.0,320,421,0,5,success
2,103,43,233967,375.0,295.0,320,421,0,5,success
2,103,44,233982,375.0,300.0,320,421,0,5,success
2,103,45,233998,375.0,305.0,320,421,0,5,success
2,103,46,234014,375.0,310.0,320,421,0,5,success
2,103,47,234030,375.0,315.0,320,421,0,5,success
2,103,48,234046,375.0,320.0,320,421,0,5,success
2,103,49,234062,375.0,325.0,320,421,0,5,success
2,103,50,234078,375.0,330.0,320,421,0,5,success
2,103,51,234094,375.0,335.0,320,421,0,5,success
2,103,52,234110,375.0,340.0,320,421,0,5,success
2,103,53,234126,375.0,345.0,320,421,0,5,success
2,103,54,234142,375.0,350.0,320,421,0,5,success
2,103,55,234158,375.0,355.0,320,421,0,5,success
2,103,56,234175,375.0,360.0,320,421,0,5,success
2,103,57,234190,375.0,365.0,320,421,0,5,success
2,103,58,234207,375.0,370.0,320,421,0,5,success
2,103,59,234222,375.0,375.0,320,421,0,5,success
2,103,60,234238,375.0,380.0,320,421,0,5,success
2,103,61,234255,375.0,385.0,320,421,0,5,success
2,103,62,234270,375.0,390.0,320,421,0,5,success
2,103,63,234287,375.0,395.0,320,421,0,5,success
2,103,64,234303,375.0,400.0,320,421,0,5,success
2,103,65,234319,375.0,405.0,320,421,0,5,success
2,103,66,234335,375.0,410.0,320,421,-5,5,success
2,103,67,234352,370.0,415.0,320,421,-5,0,success
2,103,68,234367,365.0,415.0,320,421,-5,0,success
2,103,69,234383,360.0,415.0,320,421,-5,0,success
2,103,70,234400,355.0,415.0,320,421,-5,0,success
2,103,71,234416,350.0,415.0,320,421,-5,0,success
2,103,72,234432,345.0,415.0,320,421,-5,0,success
2,103,73,234448,340.0,415.0,320,421,-5,0,success
2,103,74,234464,335.0,415.0,320,421,-5,0,success
2,103,75,234480,330.0,415.0,320,421,-5,0,success
2,103,76,234496,325.0,415.0,320,421,0,0,success
2,103,77,234512,325.0,415.0,320,421,0,0,success
2,103,78,234528,325.0,415.0,320,421,0,0,success
2,103,79,234544,325.0,415.0,320,421,0,0,success
2,103,80,234560,325.0,415.0,320,421,0,0,success
2,103,81,234576,325.0,415.0,320,421,0,0,success
2,103,82,234592,325.0,415.0,320,421,0,0,success
2,103,83,234608,325.0,415.0,320,421,0,0,success
2,103,84,234624,325.0,415.0,320,421,0,0,success
2,103,85,234640,325.0,415.0,320,421,0,0,success
2,103,86,234656,325.0,415.0,320,421,0,0,success
2,103,87,234672,325.0,415.0,320,421,0,0,success
2,103,88,234688,325.0,415.0,320,421,0,0,success
2,103,89,234704,325.0,415.0,320,421,0,0,success
2,103,90,234721,325.0,415.0,320,421,0,0,success
2,103,91,234737,325.0,415.0,320,421,0,0,success
2,103,92,234754,325.0,415.0,320,421,0,0,success
2,103,93,234769,325.0,415.0,320,421,0,0,success
2,103,94,234785,325.0,415.0,320,421,0,0,success
2,103,95,234801,325.0,415.0,320,421,0,5,success
2,103,96,234817,325.0,420.0,320,421,0,5,success
2,104,0,235844,375.0,275.0,5,82,0,0,success
2,104,1,235860,375.0,275.0,5,82,0,0,success
2,104,2,235875,375.0,275.0,5,82,0,0,success
2,104,3,235891,375.0,275.0,5,82,0,0,success
2,104,4,235907,375.0,275.0,5,82,0,0,success
2,104,5,235923,375.0,275.0,5,82,0,0,success
2,104,6,235940,375.0,275.0,5,82,0,0,success
2,104,7,235955,375.0,275.0,5,82,0,0,success
2,104,8,235972,375.0,275.0,5,82,0,0,success
2,104,9,235988,375.0,275.0,5,82,0,0,success
2,104,10,236003,375.0,275.0,5,82,0,0,success
2,104,11,236019,375.0,275.0,5,82,0,0,success
2,104,12,236035,375.0,275.0,5,82,0,0,success
2,104,13,236051,375.0,275.0,5,82,0,0,success
2,104,14,236067,375.0,275.0,5,82,0,0,success
2,104,15,236083,375.0,275.0,5,82,0,0,success
2,104,16,236099,375.0,275.0,5,82,0,0,success
2,104,17,236115,375.0,275.0,5,82,0,0,success
2,104,18,236131,375.0,275.0,5,82,0,0,success
2,104,19,236147,375.0,275.0,5,82,0,0,success
2,104,20,236163,375.0,275.0,5,82,0,0,success
2,104,21,236179,375.0,275.0,5,82,0,0,success
2,104,22,236195,375.0,275.0,5,82,0,0,success
2,104,23,236211,375.0,275.0,5,82,0,0,success
2,104,24,236228,375.0,275.0,5,82,0,0,success
2,104,25,236244,375.0,275.0,5,82,0,0,success
2,104,26,236261,375.0,275.0,5,82,0,0,success
2,104,27,236276,375.0,275.0,5,82,0,0,success
2,104,28,236293,375.0,275.0,5,82,0,0,success
2,104,29,236308,375.0,275.0,5,82,0,0,success
2,104,30,236324,375.0,275.0,5,82,-5,0,success
2,104,31,236340,370.0,275.0,5,82,-5,0,success
2,104,32,236356,365.0,275.0,5,82,-5,0,success
2,104,33,236372,360.0,275.0,5,82,-5,0,success
2,104,34,236388,355.0,275.0,5,82,-5,0,success
2,104,35,236404,350.0,275.0,5,82,-5,0,success
2,104,36,236421,345.0,275.0,5,82,-5,0,success
2,104,37,236436,340.0,275.0,5,82,-5,0,success
2,104,38,236452,335.0,275.0,5,82,-5,0,success
2,104,39,236468,330.0,275.0,5,82,-5,0,success
2,104,40,236484,325.0,275.0,5,82,-5,0,success
2,104,41,236500,320.0,275.0,5,82,-5,0,success
2,104,42,236516,315.0,275.0,5,82,-5,0,success
2,104,43,236533,310.0,275.0,5,82,-5,0,success
2,104,44,236548,305.0,275.0,5,82,-5,-5,success
2,104,45,236564,300.0,270.0,5,82,-5,-5,success
2,104,46,236580,295.0,265.0,5,82,-5,-5,success
2,104,47,236596,290.0,260.0,5,82,-5,-5,success
2,104,48,236612,285.0,255.0,5,82,-5,-5,success
2,104,49,236628,280.0,250.0,5,82,-5,-5,success
2,104,50,236645,275.0,245.0,5,82,-5,-5,success
2,104,51,236662,270.0,240.0,5,82,-5,-5,success
2,104,52,236678,265.0,235.0,5,82,-5,-5,success
2,104,53,236694,260.0,230.0,5,82,-5,-5,success
2,104,54,236710,255.0,225.0,5,82,-5,-5,success
2,104,55,236726,250.0,220.0,5,82,-5,-5,success
2,104,56,236742,245.0,215.0,5,82,-5,-5,success
2,104,57,236759,240.0,210.0,5,82,-5,-5,success
2,104,58,236774,235.0,205.0,5,82,-5,-5,success
2,104,59,236790,230.0,200.0,5,82,-5,-5,success
2,104,60,236806,225.0,195.0,5,82,-5,-5,success
2,104,61,236822,220.0,190.0,5,82,-5,-5,success
2,104,62,236839,215.0,185.0,5,82,-5,-5,success
2,104,63,236854,210.0,180.0,5,82,-5,-5,success
2,104,64,236870,205.0,175.0,5,82,-5,-5,success
2,104,65,236886,200.0,170.0,5,82,-5,-5,success
2,104,66,236902,195.0,165.0,5,82,-5,-5,success
2,104,67,236919,190.0,160.0,5,82,-5,-5,success
2,104,68,236934,185.0,155.0,5,82,-5,-5,success
2,104,69,236950,180.0,150.0,5,82,-5,-5,success
2,104,70,236966,175.0,145.0,5,82,-5,-5,success
2,104,71,236982,170.0,140.0,5,82,-5,-5,success
2,104,72,236998,165.0,135.0,5,82,-5,-5,success
2,104,73,237014,160.0,130.0,5,82,-5,-5,success
2,104,74,237030,155.0,125.0,5,82,-5,0,success
2,104,75,237046,150.0,125.0,5,82,-5,0,success
2,104,76,237062,145.0,125.0,5,82,-5,0,success
2,104,77,237079,140.0,125.0,5,82,-5,0,success
2,104,78,237094,135.0,125.0,5,82,-5,0,success
2,104,79,237110,130.0,125.0,5,82,-5,0,success
2,104,80,237126,125.0,125.0,5,82,-5,0,success
2,104,81,237142,120.0,125.0,5,82,-5,0,success
2,104,82,237158,115.0,125.0,5,82,-5,0,success
2,104,83,237174,110.0,125.0,5,82,-5,0,success
2,104,84,237191,105.0,125.0,5,82,-5,0,success
2,104,85,237207,100.0,125.0,5,82,-5,0,success
2,104,86,237223,95.0,125.0,5,82,-5,0,success
2,104,87,237239,90.0,125.0,5,82,-5,0,success
2,104,88,237255,85.0,125.0,5,82,-5,0,success
2,104,89,237271,80.0,125.0,5,82,-5,0,success
2,104,90,237287,75.0,125.0,5,82,-5,0,success
2,104,91,237303,70.0,125.0,5,82,-5,0,success
2,104,92,237319,65.0,125.0,5,82,-5,0,success
2,104,93,237336,60.0,125.0,5,82,-5,0,success
2,104,94,237352,55.0,125.0,5,82,-5,-5,success
2,104,95,237368,50.0,120.0,5,82,-5,-5,success
2,104,96,237384,45.0,115.0,5,82,-5,-5,success
2,104,97,237401,40.0,110.0,5,82,-5,-5,success
2,104,98,237417,35.0,105.0,5,82,-5,-5,success
2,104,99,237434,30.0,100.0,5,82,-5,-5,success
2,105,0,238461,375.0,275.0,500,472,0,0,success
2,105,1,238478,375.0,275.0,500,472,0,0,success
2,105,2,238493,375.0,275.0,500,472,0,0,success
2,105,3,238509,375.0,275.0,500,472,0,0,success
2,105,4,238525,375.0,275.0,500,472,0,0,success
2,105,5,238541,375.0,275.0,500,472,0,0,success
2,105,6,238557,375.0,275.0,500,472,0,0,success
2,105,7,238573,375.0,275.0,500,472,0,0,success
2,105,8,238589,375.0,275.0,500,472,0,0,success
2,105,9,238605,375.0,275.0,500,472,0,0,success
2,105,10,238621,375.0,275.0,500,472,0,0,success
2,105,11,238638,375.0,275.0,500,472,0,0,success
2,105,12,238654,375.0,275.0,500,472,0,0,success
2,105,13,238669,375.0,275.0,500,472,0,0,success
2,105,14,238685,375.0,275.0,500,472,0,0,success
2,105,15,238702,375.0,275.0,500,472,0,0,success
2,105,16,238718,375.0,275.0,500,472,0,0,success
2,105,17,238733,375.0,275.0,500,472,0,0,success
2,105,18,238749,375.0,275.0,500,472,0,0,success
2,105,19,238765,375.0,275.0,500,472,0,0,success
2,105,20,238781,375.0,275.0,500,472,0,0,success
2,105,21,238797,375.0,275.0,500,472,0,0,success
2,105,22,238813,375.0,275.0,500,472,0,0,success
2,105,23,238830,375.0,275.0,500,472,0,0,success
2,105,24,238847,375.0,275.0,500,472,0,0,success
2,105,25,238862,375.0,275.0,500,472,0,0,success
2,105,26,238879,375.0,275.0,500,472,0,0,success
2,105,27,238895,375.0,275.0,500,472,0,0,success
2,105,28,238910,375.0,275.0,500,472,0,0,success
2,105,29,238926,375.0,275.0,500,472,0,0,success
2,105,30,238943,375.0,275.0,500,472,0,0,success
2,105,31,238960,375.0,275.0,500,472,0,0,success
2,105,32,238976,375.0,275.0,500,472,0,0,success
2,105,33,238992,375.0,275.0,500,472,0,0,success
2,105,34,239007,375.0,275.0,500,472,0,0,success
2,105,35,239023,375.0,275.0,500,472,0,0,success
2,105,36,239039,375.0,275.0,500,472,0,0,success
2,105,37,239055,375.0,275.0,500,472,0,0,success
2,105,38,239072,375.0,275.0,500,472,0,5,success
2,105,39,239088,375.0,280.0,500,472,0,5,success
2,105,40,239104,375.0,285.0,500,472,0,5,success
2,105,41,239120,375.0,290.0,500,472,0,5,success
2,105,42,239137,375.0,295.0,500,472,0,5,success
2,105,43,239153,375.0,300.0,500,472,0,5,success
2,105,44,239169,375.0,305.0,500,472,0,5,success
2,105,45,239185,375.0,310.0,500,472,0,5,success
2,105,46,239202,375.0,315.0,500,472,0,5,success
2,105,47,239217,375.0,320.0,500,472,0,5,success
2,105,48,239233,375.0,325.0,500,472,0,5,success
2,105,49,239249,375.0,330.0,500,472,0,5,success
2,105,50,239265,375.0,335.0,500,472,0,5,success
2,105,51,239281,375.0,340.0,500,472,0,5,success
2,105,52,239297,375.0,345.0,500,472,0,5,success
2,105,53,239313,375.0,350.0,500,472,0,5,success
2,105,54,239329,375.0,355.0,500,472,0,5,success
2,105,55,239345,375.0,360.0,500,472,0,5,success
2,105,56,239361,375.0,365.0,500,472,0,5,success
2,105,57,239377,375.0,370.0,500,472,0,5,success
2,105,58,239394,375.0,375.0,500,472,5,5,success
2,105,59,239410,380.0,380.0,500,472,5,5,success
2,105,60,239426,385.0,385.0,500,472,5,5,success
2,105,61,239442,390.0,390.0,500,472,5,5,success
2,105,62,239459,395.0,395.0,500,472,5,5,success
2,105,63,239474,400.0,400.0,500,472,5,5,success
2,105,64,239490,405.0,405.0,500,472,5,5,success
2,105,65,239506,410.0,410.0,500,472,5,5,success
2,105,66,239522,415.0,415.0,500,472,5,5,success
2,105,67,239538,420.0,420.0,500,472,5,5,success
2,105,68,239555,425.0,425.0,500,472,5,5,success
2,105,69,239570,430.0,430.0,500,472,5,5,success
2,105,70,239586,435.0,435.0,500,472,5,5,success
2,105,71,239603,440.0,440.0,500,472,5,5,success
2,105,72,239618,445.0,445.0,500,472,5,5,success
2,105,73,239634,450.0,450.0,500,472,5,5,success
2,105,74,239650,455.0,455.0,500,472,5,5,success
2,105,75,239666,460.0,460.0,500,472,5,5,success
2,105,76,239683,465.0,465.0,500,472,5,5,success
2,105,77,239700,470.0,470.0,500,472,5,5,success
2,105,78,239716,475.0,475.0,500,472,5,5,success
2,105,79,239732,480.0,480.0,500,472,5,5,success
2,105,80,239749,485.0,485.0,500,472,5,5,success
2,105,81,239765,490.0,490.0,500,472,5,0,success
2,105,82,239781,495.0,490.0,500,472,5,0,success
